tree
version=v4
num_class=1
num_tree_per_iteration=1
label_index=0
max_feature_idx=10
objective=regression
feature_names=Column_0 Column_1 Column_2 Column_3 Column_4 Column_5 Column_6 Column_7 Column_8 Column_9 Column_10
feature_infos=[0:23] [0:6] [0:1] [0:1] [4.5:11.5] [19.117742538452148:37.554485321044922] [0.80000001192092896:5.808293342590332] [0.80000001192092896:5.808293342590332] [0.80000001192092896:5.808293342590332] [0.80000001192092896:5.3306856155395508] [1.0507060289382935:5.808293342590332]
tree_sizes=2593 2744 2757 2737 2755 2760 2766 2753 2776 2766 2772 2770 2771 2765 2777 2777 2770 2780 2769 2751 2784 2778 2780 2775 2788 2786 2791 2789 2783 2790 2791 2784 2780 2792 2793 2794 2800 2786 2799 2785 2795 2788 2799 2811 2787 2804 2814 2812 2819 2815 2805 2806 2812 2825 2818 2822 2818 2815 2819 2817 2841 2838 2845 2835 2821 2823 2835 2839 2834 2825 2841 2838 2840 2853 2828 2836 2838 2843 2845 2840 2849 2843 2847 2850 2849 2853 2846 2850 2837 2853 2848 2852 2850 2846 2841 2842 2852 2861 2844 2855 2853 2764 2854 2850 2855 2854 2855 2867 2857 2870 2593 2862 2346 2593 2865 2871 2255 2527 2252 2777 2500 2531 2430 2334 2871 2858 2070 2251 2160 2265 2167 1739 2169 2691 1469 2427 2255 1477 1822 2764 1371 1560 1459 2873 1724 1478 1734 1823 1469 1562 1464 1912 1739 1543 1734 1473 1636 1196 1996 1914 1744 1551 2521 2259 2184 1295 2261 1560 2681 1569 2353 2794 1468 2870 2000 1745 1302 2622 2090 2778

Tree=0
num_leaves=31
num_cat=0
split_feature=4 9 0 8 10 0 10 9 10 7 9 9 9 9 6 9 10 7 10 6 10 0 10 10 10 9 7 6 7 6
split_gain=2383.24 439.759 213.226 98.3013 47.2194 41.22 34.561 33.1837 35.3181 32.2125 25.7422 24.1056 14.8698 14.8041 12.016 13.8743 11.3652 9.96074 8.85974 8.74164 8.54217 7.45063 7.01185 6.64647 5.613 5.56781 4.39921 4.05565 3.69074 6.83942
threshold=6.0000000000000009 3.4733109474182133 10.500000000000002 2.7721843719482426 5.0239241123199472 10.500000000000002 3.534841895103455 1.243591368198395 3.0838644504547124 3.9787019491195683 2.6853549480438237 3.0054669380187993 3.7471710443496709 1.5778598189353945 3.9244179725646977 3.7223321199417119 4.1929328441619882 3.2905595302581792 2.9641479253768925 3.490985751152039 5.2655670642852792 19.500000000000004 2.1046516895294194 4.2088420391082773 2.5279818773269658 3.5489804744720463 2.1795425415039067 1.7780479788780215 1.8300815224647524 1.6992198228836062
decision_type=2 2 2 2 2 2 2 2 2 2 2 2 2 2 2 2 2 2 2 2 2 2 2 2 2 2 2 2 2 2
left_child=7 3 4 10 23 6 18 -1 13 14 22 26 19 27 25 -16 -8 -13 -5 -11 -6 -12 -2 -3 -15 -4 -7 -9 29 -10
right_child=1 2 9 5 20 11 16 8 28 12 21 17 -14 24 15 -17 -18 -19 -20 -21 -22 -23 -24 -25 -26 -27 -28 -29 -30 -31
leaf_value=2.6808455555136135 2.7084175792129739 2.791610800551628 2.7883972942052981 2.7378724345785925 2.8341358562063106 2.7634651220512936 2.7890855800624097 2.7028394297792082 2.7125869920960741 2.7724242748040657 2.7555278824940119 2.7734245268822786 2.7796097818519154 2.7131589820534616 2.7640703205235937 2.7943039280441071 2.8201264244807311 2.7580870463787903 2.7691995178590458 2.7456425169919787 2.8537747963230595 2.7366090477934848 2.7298136225938112 2.8143177373400063 2.7328355041165757 2.809841447054704 2.7433538191403439 2.6851037728083678 2.6848636554908456 2.680603558517749
leaf_weight=310 31 30 26 20 74 20 77 118 23 39 96 136 201 73 34 85 25 135 52 39 68 51 117 66 34 76 134 25 213 20
leaf_count=310 31 30 26 20 74 20 77 118 23 39 96 136 201 73 34 85 25 135 52 39 68 51 117 66 34 76 134 25 213 20
internal_value=2.74697 2.77487 2.79773 2.75601 2.82889 2.76532 2.78172 2.69115 2.69746 2.78289 2.73711 2.7586 2.77386 2.70816 2.7943 2.78567 2.79669 2.76578 2.7605 2.75903 2.84354 2.74896 2.72533 2.80722 2.71941 2.80438 2.74597 2.69974 2.68702 2.69771
internal_weight=2448 1632 738 894 238 599 174 816 506 500 295 425 279 250 221 119 102 271 72 78 142 147 148 96 107 102 154 143 256 43
internal_count=2448 1632 738 894 238 599 174 816 506 500 295 425 279 250 221 119 102 271 72 78 142 147 148 96 107 102 154 143 256 43
is_linear=0
shrinkage=1


Tree=1
num_leaves=31
num_cat=0
split_feature=4 9 0 8 10 0 10 9 10 7 9 1 9 9 10 6 9 0 6 10 10 9 10 0 9 10 0 7 6 9
split_gain=2196.39 405.381 193.608 91.8215 42.614 39.1805 32.7074 30.5821 32.5492 29.3658 24.3013 22.6986 15.6341 13.6434 11.2594 10.4223 11.7125 9.3914 8.62475 8.43598 7.90231 7.81445 5.87211 5.51271 5.48117 5.17294 3.95343 3.90657 3.73769 3.62534
threshold=6.0000000000000009 3.4861192703247075 10.500000000000002 2.7721843719482426 5.0239241123199472 10.500000000000002 3.5657362937927251 1.243591368198395 3.0838644504547124 3.797432661056519 2.8209882974624638 4.5000000000000009 3.7471710443496709 1.5778598189353945 4.2785625457763681 4.0051825046539316 3.8257502317428593 19.500000000000004 3.36950695514679 2.9641479253768925 5.2655670642852792 1.814659118652344 4.2088420391082773 20.500000000000004 2.6377797126770024 2.5279818773269658 16.500000000000004 3.3248180150985722 1.7780479788780215 2.6567986011505131
decision_type=2 2 2 2 2 2 2 2 2 2 2 2 2 2 2 2 2 2 2 2 2 2 2 2 2 2 2 2 2 2
left_child=7 3 4 10 22 6 19 -1 13 15 21 17 18 28 -8 27 -17 -7 -11 -5 -6 -2 -3 -12 -13 -15 -14 -4 -9 -10
right_child=1 2 9 5 20 11 14 8 29 12 23 24 26 25 -16 16 -18 -19 -20 -21 -22 -23 -24 -25 -26 -27 -28 -29 -30 -31
leaf_value=-0.063475980097247711 -0.035853933743068153 0.043062573474799769 0.063843384350047397 -0.0087301781065762044 0.083585147955646255 0.022077684176533864 0.041222869406772569 -0.042361861709821022 -0.058932689418226991 0.028143555829301475 0.009715174851596526 -0.0089186533861793579 0.028765520819028223 -0.032455092268447353 0.073023765605428947 0.021897180442742647 0.050821310306588811 -0.0059419792775242102 0.0014440872930750557 0.0216808933240396 0.10253608928007239 -0.0147072470729514 0.064657313462459676 -0.0088964443157116564 0.0056451219634005905 -0.013565631662221515 0.040063727678278011 0.047857491412061332 -0.059388093185424803 -0.041195552587509163
leaf_weight=310 35 29 51 20 73 216 79 118 236 32 87 60 150 73 23 42 48 21 49 54 68 139 66 36 133 34 74 47 25 20
leaf_count=310 35 29 51 20 73 216 79 118 236 32 87 60 150 73 23 42 48 21 49 54 68 139 66 36 133 34 74 47 25 20
internal_value=4.03079e-10 0.0267913 0.048979 0.00887902 0.0787727 0.0178086 0.0337064 -0.0535826 -0.0475215 0.0347167 -0.0093409 0.0113016 0.0270521 -0.0372554 0.0483937 0.0471512 0.0373234 0.0195949 0.011992 0.0134617 0.0927246 -0.0189609 0.0580652 0.00426787 0.00111752 -0.0264528 0.032498 0.0561767 -0.0453385 -0.057547
internal_weight=2448 1632 729 903 236 606 176 816 506 493 297 430 305 250 102 188 90 237 81 74 141 174 95 123 193 107 224 98 143 256
internal_count=2448 1632 729 903 236 606 176 816 506 493 297 430 305 250 102 188 90 237 81 74 141 174 95 123 193 107 224 98 143 256
is_linear=0
shrinkage=0.04


Tree=2
num_leaves=31
num_cat=0
split_feature=4 9 0 8 10 0 10 9 10 7 9 9 9 9 6 10 9 7 6 10 10 5 10 10 9 10 7 7 6 7
split_gain=2024.19 373.659 181.078 83.5042 40.1219 35.0091 29.4676 28.1845 29.9973 27.4859 22.0514 20.6628 12.6135 12.5867 10.5913 10.2835 9.40681 9.09859 7.54508 7.24756 6.84591 6.41714 5.70954 5.64823 5.57749 5.40935 4.09467 3.49009 3.48183 3.4407
threshold=6.0000000000000009 3.4733109474182133 10.500000000000002 2.7721843719482426 5.0239241123199472 10.500000000000002 3.5006365776062016 1.243591368198395 3.0838644504547124 3.9787019491195683 2.6142768859863286 3.0054669380187993 1.5486373305320742 3.7471710443496709 4.2344374656677255 4.1714792251586923 3.9100910425186162 3.2177983522415166 3.490985751152039 5.2655670642852792 2.9641479253768925 30.327931404113773 2.1046516895294194 4.2088420391082773 3.583895325660706 2.5279818773269658 2.1795425415039067 1.4849550724029543 4.9887053966522226 1.2673206329345705
decision_type=2 2 2 2 2 2 2 2 2 2 2 2 2 2 2 2 2 2 2 2 2 2 2 2 2 2 2 2 2 2
left_child=7 3 4 10 23 6 20 -1 12 14 22 26 27 18 24 -8 -16 -13 -11 28 -5 -12 -2 -3 -4 -14 -7 -9 -6 -10
right_child=1 2 9 5 19 11 15 8 29 13 21 17 25 -15 16 -17 -18 -19 -20 -21 -22 -23 -24 -25 -26 -27 -28 -29 -30 -31
leaf_value=-0.06093694145448747 -0.035681827299056515 0.041138602256774896 0.038500824729178811 -0.0083809710890054706 0.087918534960065561 0.015904272325336932 0.038022286584715785 -0.041610768092012855 -0.042012303045817781 0.023570908562113076 -0.01006163868533734 0.026374242163987621 -0.032011609576469244 0.030061143405031212 0.017429988810694533 0.066935274050785948 0.045963420106305018 0.011404097655536665 -0.0013104813622358518 0.098434641220990354 0.019560483567258143 0.0072042654100896832 -0.016246447812427175 0.06207101951945912 0.055207469138503072 -0.013543948996812105 -0.0034984318096079486 -0.05944611117953346 0.070404754281044007 -0.056870177320221017
leaf_weight=310 31 30 47 20 42 20 81 107 28 39 52 108 86 201 38 26 36 163 39 68 47 102 110 66 100 36 134 21 32 228
leaf_count=310 31 30 47 20 42 20 81 107 28 39 52 108 86 201 38 26 36 163 39 68 47 102 110 66 100 36 134 21 32 228
internal_value=-7.93583e-11 0.0257197 0.0467855 0.00832977 0.0755039 0.0169089 0.0320221 -0.0514393 -0.0456206 0.0331155 -0.00909022 0.0107214 -0.0357652 0.0247686 0.043653 0.0450479 0.0313111 0.0173701 0.0111302 0.0890076 0.0112198 0.00137422 -0.0205195 0.0555296 0.0498659 -0.0265621 -0.0009786 -0.0445369 0.080345 -0.0552451
internal_weight=2448 1632 738 894 238 599 174 816 506 500 295 425 250 279 221 107 74 271 78 142 67 154 141 96 147 122 154 128 74 256
internal_count=2448 1632 738 894 238 599 174 816 506 500 295 425 250 279 221 107 74 271 78 142 67 154 141 96 147 122 154 128 74 256
is_linear=0
shrinkage=0.04


Tree=3
num_leaves=31
num_cat=0
split_feature=4 9 0 8 10 0 10 9 10 7 9 1 9 9 10 6 9 5 10 6 9 10 10 9 0 10 6 7 7 0
split_gain=1865.5 344.408 164.417 77.971 36.1885 33.2867 28.2669 25.9748 27.6455 25.2411 20.9278 19.7591 13.3348 11.7266 9.32199 9.09883 10.1494 8.42584 7.52726 7.47111 6.81978 6.71179 4.98342 4.87678 4.75345 4.4162 3.64482 3.84958 3.59755 3.52311
threshold=6.0000000000000009 3.4861192703247075 10.500000000000002 2.7721843719482426 5.0239241123199472 10.500000000000002 3.6893774271011357 1.243591368198395 3.0838644504547124 3.797432661056519 2.8209882974624638 4.5000000000000009 3.7471710443496709 1.5969115495681765 3.0269370079040532 4.0051825046539316 3.8433576822280888 31.049523353576664 4.3188817501068124 3.36950695514679 1.9367739558219912 5.2655670642852792 4.2088420391082773 2.6142768859863286 20.500000000000004 2.5279818773269658 1.7780479788780215 1.373118579387665 3.3248180150985722 16.500000000000004
decision_type=2 2 2 2 2 2 2 2 2 2 2 2 2 2 2 2 2 2 2 2 2 2 2 2 2 2 2 2 2 2
left_child=7 3 4 10 22 6 14 -1 13 15 20 17 19 26 -5 28 -17 -7 -8 -11 -2 -6 -3 -13 -12 -15 27 -9 -4 -14
right_child=1 2 9 5 21 11 18 8 -10 12 24 23 29 25 -16 16 -18 -19 -20 -21 -22 -23 -24 -25 -26 -27 -28 -29 -30 -31
leaf_value=-0.058499464281143679 -0.028881989360313144 0.039694528291965354 0.059317208131154375 -0.0055545189976692203 0.077032088253596059 -0.0066940065957605847 0.041020452714029459 -0.033963023949694894 -0.053035292408894749 0.026016768374247476 0.0090780884810006141 -0.0091621052704074172 0.026398860718806587 -0.029403089419487986 0.023387290353792303 0.020300957974652915 0.047192617527982018 0.020438871180321078 0.068728883039383654 0.001167019578267117 -0.012009099974241266 0.094497263151056624 0.059588177926612626 0.0049237892436592478 -0.0082043982214397865 -0.011106184740492608 -0.05442372825410631 -0.049368272754881114 0.043976605039961793 0.037064466830846431
leaf_weight=310 57 29 51 24 73 20 62 93 256 32 87 55 150 62 69 43 47 217 21 49 117 68 66 138 36 32 27 36 47 74
leaf_count=310 57 29 51 24 73 20 62 93 256 32 87 55 150 62 69 43 47 217 21 49 117 68 66 138 36 32 27 36 47 74
internal_value=1.7251e-10 0.0246909 0.045142 0.00818052 0.072598 0.0164091 0.0310624 -0.0493818 -0.0437958 0.0319988 -0.0086091 0.0104114 0.0248929 -0.0343346 0.0159184 0.043527 0.0343444 0.0181492 0.048031 0.0109842 -0.0175364 0.085455 0.0535154 0.000909674 0.0040198 -0.0231744 -0.0410594 -0.0382622 0.05196 0.0299223
internal_weight=2448 1632 729 903 236 606 176 816 506 493 297 430 305 250 93 188 90 237 83 81 174 141 95 193 123 94 156 129 98 224
internal_count=2448 1632 729 903 236 606 176 816 506 493 297 430 305 250 93 188 90 237 83 81 174 141 95 193 123 94 156 129 98 224
is_linear=0
shrinkage=0.04


Tree=4
num_leaves=31
num_cat=0
split_feature=4 9 0 8 10 0 10 9 10 7 9 1 9 9 6 10 7 0 10 10 7 9 10 10 10 6 9 7 6 6
split_gain=1719.24 317.49 153.77 70.9371 34.1693 29.7369 25.3928 24.0327 25.4287 23.5233 18.9439 17.9184 15.9579 11.874 10.6169 10.345 8.757 7.14534 7.05014 6.37932 4.74704 4.51133 4.45605 4.208 4.02494 3.76364 3.44295 3.78689 6.17108 3.40736
threshold=6.0000000000000009 3.4733109474182133 10.500000000000002 2.7721843719482426 4.9543895721435556 10.500000000000002 3.8114472627639775 1.2125310897827151 3.0838644504547124 3.316421747207642 2.8209882974624638 4.5000000000000009 3.7471710443496709 1.5078558325767519 3.6356586217880253 3.1263279914855961 4.1929328441619882 19.500000000000004 5.2655670642852792 2.1649043560028081 3.6356586217880253 2.6377797126770024 4.3188817501068124 2.6932039260864262 4.2088420391082773 4.9887053966522226 2.6567986011505131 1.8300815224647524 1.6992198228836062 3.9094716310501103
decision_type=2 2 2 2 2 2 2 2 2 2 2 2 2 2 2 2 2 2 2 2 2 2 2 2 2 2 2 2 2 2
left_child=7 3 4 10 24 6 15 -1 13 29 19 17 14 -9 -11 -5 -14 -7 25 -2 -12 -13 -8 -15 -3 -6 27 28 -10 -4
right_child=1 2 9 5 18 11 22 8 26 12 20 21 16 23 -16 -17 -18 -19 -20 -21 -22 -23 -24 -25 -26 -27 -28 -29 -30 -31
leaf_value=-0.056651553729484827 -0.031084720966143484 0.0379035105407238 0.05784649260500644 -0.0041945821734575128 0.080509896675745637 0.019525522549443369 0.042426755888895551 -0.042513171876630472 -0.029159656579677878 0.026243889400114618 0.0093407391365847477 -0.008231790071198097 0.040803191371586015 -0.028825382999746147 0.0039443797704118953 0.024678660620536124 0.026577839320418479 -0.0054855661951005467 0.090717365881975959 -0.012718373620813643 -0.0075011736946180461 0.0049808404758516561 0.065197826743125922 -0.010977798691735818 0.055950578286730009 0.063115444043103389 -0.03515151023864746 -0.054894682343189533 -0.057944462516091089 0.040016372115523724
leaf_weight=290 39 30 47 26 48 212 44 124 26 72 81 60 115 113 65 84 174 20 68 135 40 133 20 26 58 34 20 195 22 27
leaf_count=290 39 30 47 26 48 212 44 124 26 72 81 60 115 113 65 84 174 20 68 135 40 133 20 26 58 34 20 195 22 27
internal_value=-1.02411e-10 0.0237032 0.0431213 0.0076736 0.0695858 0.0155808 0.0295097 -0.0474065 -0.0423094 0.0305242 -0.00838214 0.00987822 0.0269081 -0.0335145 0.0156638 0.0178541 0.0322384 0.0173694 0.0811945 -0.016835 0.00377316 0.000873287 0.0495427 -0.025487 0.0497982 0.0732976 -0.0511043 -0.0524173 -0.0423527 0.0513409
internal_weight=2448 1632 738 894 238 599 174 816 526 500 295 425 426 263 137 110 289 232 150 174 121 193 64 139 88 82 263 243 48 74
internal_count=2448 1632 738 894 238 599 174 816 526 500 295 425 426 263 137 110 289 232 150 174 121 193 64 139 88 82 263 243 48 74
is_linear=0
shrinkage=0.04


Tree=5
num_leaves=31
num_cat=0
split_feature=4 9 0 8 10 0 10 7 9 10 9 9 9 6 9 7 10 6 9 10 10 5 0 9 9 10 7 9 6 7
split_gain=1584.45 292.598 141.714 65.3756 31.538 27.4055 23.6043 22.2846 22.1721 24.8652 17.5173 16.548 12.4437 8.89996 8.49565 8.11854 8.06183 7.40574 9.43291 5.63715 5.37446 5.37028 4.70827 4.65111 4.41037 4.40289 3.90148 3.77723 3.30009 3.83488
threshold=6.0000000000000009 3.4733109474182133 10.500000000000002 2.7721843719482426 5.0239241123199472 10.500000000000002 3.5006365776062016 3.797432661056519 1.2633685469627383 3.0943289995193486 2.6142768859863286 2.7901194095611577 3.8774524927139287 3.5329617261886601 1.5969115495681765 3.2773295640945439 4.1714792251586923 4.0270688533782968 3.8257502317428593 5.2655670642852792 2.9641479253768925 30.327931404113773 12.500000000000002 1.814659118652344 3.5489804744720463 4.2088420391082773 2.7563744783401494 1.0850184559822085 1.7780479788780215 1.7131631374359133
decision_type=2 2 2 2 2 2 2 2 2 2 2 2 2 2 2 2 2 2 2 2 2 2 2 2 2 2 2 2 2 2
left_child=8 3 4 10 25 6 20 17 27 14 23 26 13 -9 28 -13 -8 24 -19 -6 -5 -12 -14 -2 -4 -3 -7 -1 29 -10
right_child=1 2 7 5 19 11 16 12 9 -11 21 15 22 -15 -16 -17 -18 18 -20 -21 -22 -23 -24 -25 -26 -27 -28 -29 -30 -31
leaf_value=-0.057431734575165642 -0.030876480204718452 0.036387368877728782 0.032957760278995218 -0.0076557680368423463 0.071134894989632283 -0.0010053222109046248 0.033766780606022589 0.023251484088792372 -0.031187026224809115 -0.04914780762736444 -0.0091816366678820205 0.019549463686205193 0.024544067539786565 0.0009952576978034095 -0.021882651679448247 0.0070166261352073303 0.059366760162206794 0.017112457573413849 0.043413538460930184 0.087088672974530393 0.017101388267697172 0.006613276296628493 0.037923500441735793 -0.014059005933550169 0.051980821948785047 0.054868637287255488 -0.020600091105415705 -0.048821495099355711 -0.050063160199385427 -0.050358392953872677
leaf_weight=180 35 30 26 20 74 72 81 58 101 243 52 176 131 57 97 156 26 40 48 68 47 102 62 106 78 66 21 149 26 20
leaf_count=180 35 30 26 20 74 72 81 58 101 243 52 176 131 57 97 156 26 40 48 68 47 102 62 106 78 66 21 149 26 20
internal_value=1.4277e-10 0.0227551 0.0413964 0.00736665 0.0668024 0.0149576 0.0283293 0.0293032 -0.0455102 -0.0400908 -0.00804686 0.00948309 0.0226359 0.0122201 -0.031071 0.0136605 0.0399873 0.0399987 0.0314585 0.0787747 0.00971119 0.00127993 0.0288421 -0.0182336 0.0472251 0.0490932 -0.00542995 -0.0535323 -0.037134 -0.0343558
internal_weight=2448 1632 738 894 238 599 174 500 816 487 295 425 308 115 244 332 107 192 88 142 67 154 193 141 104 96 93 329 147 121
internal_count=2448 1632 738 894 238 599 174 500 816 487 295 425 308 115 244 332 107 192 88 142 67 154 193 141 104 96 93 329 147 121
is_linear=0
shrinkage=0.04


Tree=6
num_leaves=31
num_cat=0
split_feature=4 9 0 8 10 3 0 7 9 10 9 10 10 6 9 9 7 10 0 10 6 10 9 7 0 9 7 6 10 6
split_gain=1460.23 270.162 147.126 55.4731 30.8355 25.9708 24.2056 21.6926 20.4542 21.6901 19.9907 18.6024 12.6152 12.5418 10.3276 8.99531 8.55594 7.12186 4.49283 4.26459 4.13952 3.61778 3.49914 3.48798 3.41178 3.17964 3.47311 5.6582 2.96748 2.73006
threshold=6.0000000000000009 3.3615883588790898 10.500000000000002 2.7866140604019169 4.886399745941163 1.0000000180025095e-35 18.500000000000004 3.2353994846343999 1.2125310897827151 3.0838644504547124 3.7471710443496709 3.596729159355164 2.6932039260864262 3.6229996681213383 1.5486373305320742 2.7901194095611577 3.9787019491195683 5.2655670642852792 20.500000000000004 2.5279818773269658 4.8505730628967294 4.2088420391082773 2.8024408817291264 1.373118579387665 16.500000000000004 2.6567986011505131 1.8300815224647524 1.6992198228836062 4.4289290904998788 1.6992198228836062
decision_type=2 2 2 2 2 2 2 2 2 2 2 2 2 2 2 2 2 2 2 2 2 2 2 2 2 2 2 2 2 2
left_child=8 3 4 12 21 15 11 24 -1 14 13 -7 -2 -9 23 -5 -12 20 22 -16 -6 -3 -14 29 -4 26 27 -11 -17 -10
right_child=1 2 7 5 17 6 -8 10 9 25 16 -13 18 -15 19 28 -18 -19 -20 -21 -22 -23 -24 -25 -26 -27 -28 -29 -30 -31
leaf_value=-0.052218860379580789 -0.023482629201809564 0.034109159059384289 0.031003270745277405 -0.013256560705229641 0.074318743453306316 0.014510510070032852 -0.002230577999725938 0.022538934412637147 -0.031828296662548959 -0.026100450628078899 0.040066623574809022 0.035992038430169571 -0.0069090565226294781 0.0025134082700506871 -0.02718205209734828 -0.00046151710826842509 0.025499292045683412 0.083605129578534304 -0.015308189254668024 -0.010784539547231463 0.057469523840172343 0.050765750628930552 0.0052300376743078239 -0.049849154800176619 0.049480846942360719 -0.031779539674520491 -0.050744501855128847 -0.053663144978609953 0.010992019519712149 -0.048183256387710573
leaf_weight=290 75 34 21 50 51 129 64 116 89 26 95 129 77 88 86 61 201 68 45 36 43 54 75 32 67 20 195 22 89 20
leaf_count=290 75 34 21 50 51 129 64 116 89 26 95 129 77 88 86 61 201 68 45 36 43 54 75 32 67 20 195 22 89 20
internal_value=4.73308e-11 0.0218449 0.0376865 0.0051254 0.0633906 0.0127574 0.019789 0.0267579 -0.0436898 -0.0389875 0.0235348 0.0252513 -0.00952136 0.0139005 -0.0308649 0.00143655 0.0301746 0.0737444 -0.00420616 -0.0223434 0.0666111 0.0443302 -0.000919372 -0.038238 0.0450714 -0.0471102 -0.0483719 -0.0387334 0.00633425 -0.0348292
internal_weight=2448 1632 838 794 250 522 322 588 816 526 500 258 272 204 263 200 296 162 197 122 94 88 152 141 88 263 243 48 150 109
internal_count=2448 1632 838 794 250 522 322 588 816 526 500 258 272 204 263 200 296 162 197 122 94 88 152 141 88 263 243 48 150 109
is_linear=0
shrinkage=0.04


Tree=7
num_leaves=31
num_cat=0
split_feature=4 9 0 8 10 0 10 7 9 10 9 9 9 10 7 9 6 9 6 10 10 10 9 10 7 10 10 6 9 9
split_gain=1345.75 249.155 118.339 56.3257 26.3971 24.2126 21.4496 19.341 18.991 21.1557 15.2799 14.8733 10.6608 8.33471 8.2503 7.81022 7.20401 8.10571 6.22781 5.18937 4.76803 4.74139 4.20335 4.16869 3.89607 3.78961 3.54878 3.41125 3.36252 3.22988
threshold=6.0000000000000009 3.4861192703247075 10.500000000000002 2.7721843719482426 5.0239241123199472 10.500000000000002 3.8114472627639775 3.797432661056519 1.2633685469627383 3.0838644504547124 2.8209882974624638 3.1295689344406132 3.9742970466613774 3.1263279914855961 3.316421747207642 1.6219426989555361 4.0270688533782968 3.8433576822280888 3.7834835052490239 2.1649043560028081 5.2655670642852792 4.640388250350953 2.7901194095611577 4.3188817501068124 3.6356586217880253 2.5279818773269658 4.3684298992156991 4.0697689056396493 1.0850184559822085 3.6003262996673588
decision_type=2 2 2 2 2 2 2 2 2 2 2 2 2 2 2 2 2 2 2 2 2 2 2 2 2 2 2 2 2 2
left_child=8 3 4 10 26 6 13 16 28 15 19 22 18 -5 -13 -10 29 -18 -9 -2 -6 -14 -7 -8 -12 -17 -3 -28 -1 -4
right_child=1 2 7 5 20 11 23 12 9 -11 24 14 21 -15 -16 25 17 -19 -20 -21 -22 -23 -24 -25 -26 -27 27 -29 -30 -31
leaf_value=-0.053045713093545707 -0.027822206692817885 0.036676405639875502 0.036028321196393265 -0.0041877676546573641 0.065540400171933119 -0.0051784029466811045 0.037579695463180539 0.019552862715275808 -0.033812490469025028 -0.045144638352186572 0.0085755187520228423 0.023528786986543419 0.039709375369839553 0.021728665983038291 0.0080639023629722195 -0.024962568007409574 0.015961827679378232 0.040298204304690055 0.0022594502807543096 -0.011257161294894845 0.080260920524597171 0.02400247542959888 0.0062361843871145415 0.059162892273494173 -0.0064371815678619208 -0.0072889685189972322 0.062982789993286131 0.042654271849564149 -0.0449218767041328 0.050644556587025269
leaf_weight=180 39 42 41 26 73 93 45 87 155 247 81 114 41 84 107 55 41 47 54 135 68 123 116 21 42 30 25 28 149 59
leaf_count=180 39 42 41 26 73 93 45 87 155 247 81 114 41 84 107 55 41 47 54 135 68 123 116 21 42 30 25 28 149 59
internal_value=-9.30985e-11 0.0209711 0.0383657 0.00692827 0.0616589 0.013922 0.0264195 0.0272153 -0.0419422 -0.0369266 -0.00734184 0.0088068 0.0209951 0.015603 0.0160413 -0.0284689 0.0373066 0.0289597 0.0129299 -0.01497 0.0726397 0.0279292 0.00115697 0.0444471 0.00344923 -0.0187248 0.045361 0.0522432 -0.0493665 0.0446519
internal_weight=2448 1632 729 903 236 606 176 493 816 487 297 430 305 110 221 240 188 88 141 174 141 164 209 66 123 85 95 53 329 100
internal_count=2448 1632 729 903 236 606 176 493 816 487 297 430 305 110 221 240 188 88 141 174 141 164 209 66 123 85 95 53 329 100
is_linear=0
shrinkage=0.04


Tree=8
num_leaves=31
num_cat=0
split_feature=4 9 0 8 10 3 0 7 9 10 9 10 10 6 9 7 9 9 10 0 6 3 10 10 9 9 7 6 6 7
split_gain=1240.24 230.447 124.56 47.2224 26.4108 22.987 21.3574 19.2031 17.5021 19.4971 15.9247 15.8432 10.8124 8.66353 7.71448 7.70586 9.11453 7.2053 6.00458 4.08998 3.77246 3.33127 3.29506 3.11418 3.0989 2.91369 3.05111 4.47139 2.86758 3.34345
threshold=6.0000000000000009 3.3615883588790898 10.500000000000002 2.7866140604019169 4.886399745941163 1.0000000180025095e-35 18.500000000000004 3.797432661056519 1.2633685469627383 3.0838644504547124 3.7471710443496709 3.596729159355164 2.6932039260864262 3.1750702857971196 2.7901194095611577 3.02364194393158 3.7223321199417119 1.5969115495681765 5.2655670642852792 19.500000000000004 4.8505730628967294 1.0000000180025095e-35 2.5279818773269658 4.2088420391082773 1.0850184559822085 2.6567986011505131 2.0138241052627568 1.7344411015510561 1.7780479788780215 1.7131631374359133
decision_type=2 2 2 2 2 2 2 2 2 2 2 2 2 2 2 2 2 2 2 2 2 2 2 2 2 2 2 2 2 2
left_child=8 3 4 12 23 14 11 15 24 17 13 -7 -2 -9 -5 -4 -17 28 20 21 -6 -14 -19 -3 -1 26 27 -11 29 -10
right_child=1 2 7 5 18 6 -8 10 9 25 -12 -13 19 -15 -16 16 -18 22 -20 -21 -22 -23 -24 -25 -26 -27 -28 -29 -30 -31
leaf_value=-0.050923883199691773 -0.021748484813173614 0.031291070906993221 0.047574072492883562 -0.012525502131879329 0.068804280103421683 0.013566046045270078 -0.0023361271270550786 0.025366202040954872 -0.027296054519712926 -0.02535502496574606 0.024443044995023228 0.033390505809423536 -0.0029460087927779361 -0.00079724684639339465 0.0056170207008719442 0.022663941013861481 0.039638501669951649 -0.024072891459424768 0.077050487854901484 -0.013526739930160916 0.052719442262205964 0.014281745130817097 -0.0082682471023872491 0.046744925136919378 -0.043125001592124068 -0.028702572034206241 -0.047029825913584559 -0.05011829870939255 -0.044934663955981911 -0.045211722791194918
leaf_weight=180 75 34 47 50 51 129 64 27 100 28 224 129 124 81 150 123 86 62 68 52 43 21 32 54 149 20 179 20 26 20
leaf_count=180 75 34 47 50 51 129 64 27 100 28 224 129 124 81 150 123 86 62 68 52 43 21 32 54 149 20 179 20 26 20
internal_value=-2.55091e-11 0.0201323 0.0347633 0.00469049 0.058414 0.0117321 0.0183475 0.0247077 -0.0402645 -0.0354496 0.0183601 0.0234783 -0.00882322 0.00574362 0.00108139 0.0329397 0.0296487 -0.0273302 0.0679962 -0.00390243 0.0614463 -0.000450955 -0.0186926 0.0407741 -0.0473919 -0.0433389 -0.0446284 -0.0356731 -0.0328914 -0.030282
internal_weight=2448 1632 838 794 250 522 322 588 816 487 332 258 272 108 200 256 209 240 162 197 94 145 94 88 329 247 227 48 146 120
internal_count=2448 1632 838 794 250 522 322 588 816 487 332 258 272 108 200 256 209 240 162 197 94 145 94 88 329 247 227 48 146 120
is_linear=0
shrinkage=0.04


Tree=9
num_leaves=31
num_cat=0
split_feature=4 9 0 8 10 3 0 7 9 10 9 10 6 10 9 9 0 10 10 0 0 6 9 9 7 9 10 7 10 6
split_gain=1143.01 212.38 114.794 43.5201 24.446 21.1848 19.683 17.964 16.1299 17.9689 15.858 14.6403 11.0639 9.96473 7.10966 6.50201 6.30948 4.24407 3.97627 3.77837 3.73131 3.1047 2.85595 2.8461 2.8022 2.73741 2.64197 2.58009 4.31575 2.52288
threshold=6.0000000000000009 3.3615883588790898 10.500000000000002 2.7866140604019169 5.0239241123199472 1.0000000180025095e-35 18.500000000000004 3.3095389604568486 1.2633685469627383 3.0943289995193486 3.7471710443496709 3.6893774271011357 3.6229996681213383 2.6932039260864262 2.7901194095611577 1.5078558325767519 12.500000000000002 4.2365901470184335 5.2655670642852792 20.500000000000004 16.500000000000004 4.0051825046539316 1.0850184559822085 2.8024408817291264 1.1593216657638552 2.6567986011505131 4.4289290904998788 1.8825560808181765 2.6932039260864262 4.9887053966522226
decision_type=2 2 2 2 2 2 2 2 2 2 2 2 2 2 2 2 2 2 2 2 2 2 2 2 2 2 2 2 2 2
left_child=8 3 4 13 17 14 11 20 22 15 12 -7 -9 -2 -5 -10 -12 -3 29 23 -4 -19 -1 -15 -24 -11 -16 28 -17 -6
right_child=1 2 7 5 18 6 -8 10 9 25 16 -13 -14 19 26 27 -18 21 -20 -21 -22 -23 24 -25 -26 -27 -28 -29 -30 -31
leaf_value=-0.048886927405993146 -0.020878545355796817 0.030283311169594526 0.028052935542331802 -0.012024482050773805 0.067016262610753372 0.01445392976421863 -0.0022426820953842254 0.019801500509408387 -0.034068203618129095 -0.043002242527133687 0.020202006856314569 0.033768610468617191 0.00038993658006713703 -0.0061341193918283887 -0.0010198848731205112 -0.021818197649859247 0.032031129065776869 0.054927633236616091 0.073968465959324561 -0.013927433369060358 0.043861853807744842 0.038390530207577871 -0.03720401344147134 0.0048137858190884196 -0.04857132582231001 -0.027554468431975693 0.0097872354366471265 -0.030081825012134182 -0.0019164994494481522 0.052108092941343782
leaf_weight=180 75 35 36 50 42 150 64 110 102 223 139 108 82 77 61 84 150 39 68 45 71 34 94 75 55 20 89 36 22 32
leaf_count=180 75 35 36 50 42 150 64 110 102 223 139 108 82 77 61 84 150 39 68 45 71 34 94 75 55 20 89 36 22 32
internal_value=3.99559e-11 0.019327 0.0333727 0.00450287 0.0560775 0.0112628 0.0176136 0.0237194 -0.038654 -0.0340316 0.0204218 0.0225391 0.0115111 -0.00847029 0.00103813 -0.0263639 0.0263417 0.0417349 0.0669859 -0.00374633 0.038543 0.0472254 -0.0454962 -0.000732192 -0.0414 -0.0417308 0.00539234 -0.0208298 -0.0176877 0.0605695
internal_weight=2448 1632 838 794 250 522 322 588 816 487 481 258 192 272 200 244 289 108 142 197 107 73 329 152 149 243 150 142 106 74
internal_count=2448 1632 838 794 250 522 322 588 816 487 481 258 192 272 200 244 289 108 142 197 107 73 329 152 149 243 150 142 106 74
is_linear=0
shrinkage=0.04


Tree=10
num_leaves=31
num_cat=0
split_feature=4 9 0 8 10 9 3 0 10 7 9 7 9 10 9 6 9 6 10 10 6 6 9 0 9 5 3 9 6 7
split_gain=1053.4 196.031 93.6816 44.1917 21.3414 16.2516 16.1787 18.0762 16.3399 16.0744 14.8693 15.9445 9.77737 8.70916 8.00054 7.60773 6.22578 5.98928 4.32731 4.21914 4.07693 3.95722 3.75404 3.73084 3.69123 5.46203 3.61689 3.01861 2.7969 2.75955
threshold=6.0000000000000009 3.4733109474182133 10.500000000000002 2.9661433696746831 4.9543895721435556 2.6377797126770024 1.0000000180025095e-35 18.500000000000004 3.6893774271011357 3.9787019491195683 1.2125310897827151 1.7131631374359133 1.4870257973670962 4.4369280338287362 4.0210602283477792 4.2344374656677255 3.9487614631652836 1.4849550724029543 2.1649043560028081 5.2655670642852792 3.5123704671859746 1.3892279267311098 3.6003262996673588 19.500000000000004 1.5624502301216128 23.432059288024906 1.0000000180025095e-35 1.814659118652344 4.9887053966522226 2.1795425415039067
decision_type=2 2 2 2 2 2 2 2 2 2 2 2 2 2 2 2 2 2 2 2 2 2 2 2 2 2 2 2 2 2
left_child=10 3 4 5 -3 18 13 8 -8 15 -1 12 17 -5 20 22 -17 -12 -2 28 -11 -14 -4 26 -13 -26 -7 -23 -6 -20
right_child=1 2 9 6 19 23 7 -9 -10 14 11 24 21 -15 -16 16 -18 -19 29 -21 -22 27 -24 -25 25 -27 -28 -29 -30 -31
leaf_value=-0.044379812553011141 -0.025363924590552728 0.038830314266749405 0.028663671827660157 -0.0043771300873840634 0.063751295457283655 0.0030570835919127245 0.013969045354335494 -0.0021033649919730314 0.033968613828420639 0.017857253005107245 -0.027034916111401151 -0.047730420609595071 -0.0036766455143403547 0.012232513168294514 0.024249687571288418 0.01116902478584429 0.034510253338199674 -0.044380646725090178 -0.0033814501318220908 0.071009728487800156 0.0040475028286307627 -0.025484912795001181 0.042032853084959479 -0.0052377784884337216 -0.023241260496433824 -0.040284651697191025 0.018598360563317935 -0.0084692587500268778 0.048756334325846508 -0.015661877029533706
leaf_weight=290 41 88 52 92 48 119 137 53 125 66 91 71 26 112 142 41 33 49 52 68 71 69 95 66 37 161 30 22 34 67
leaf_count=290 41 88 52 92 48 119 137 53 125 66 91 71 26 112 142 41 33 49 52 68 71 69 95 66 37 161 30 22 34 67
internal_value=-1.50427e-11 0.0185539 0.0338121 0.00595822 0.0544685 -0.00450414 0.0135177 0.0192011 0.0235108 0.0239796 -0.0371078 -0.0330985 -0.0259736 0.00474189 0.0175964 0.032038 0.021578 -0.0331059 -0.0141569 0.0636429 0.0107004 -0.0174391 0.0373036 0.0026793 -0.0399056 -0.0370998 0.0061862 -0.0213712 0.0575339 -0.0102956
internal_weight=2448 1632 738 894 238 375 519 315 262 500 816 526 257 204 279 221 74 140 160 150 137 117 147 215 269 198 149 91 82 119
internal_count=2448 1632 738 894 238 375 519 315 262 500 816 526 257 204 279 221 74 140 160 150 137 117 147 215 269 198 149 91 82 119
is_linear=0
shrinkage=0.04


Tree=11
num_leaves=31
num_cat=0
split_feature=4 9 0 8 10 3 0 7 9 5 9 10 10 6 9 9 7 9 10 7 9 7 6 0 10 6 6 9 3 0
split_gain=970.81 181.317 97.349 37.1239 21.011 18.1917 16.6863 16.0312 13.837 16.9423 13.0539 12.8151 8.59599 7.4921 6.47432 6.26333 6.17579 7.2692 5.90225 3.76197 3.46274 4.49816 3.41394 3.37532 3.36901 3.35635 3.2379 2.91937 2.86771 2.48151
threshold=6.0000000000000009 3.3615883588790898 10.500000000000002 2.7866140604019169 4.7072882652282724 1.0000000180025095e-35 18.500000000000004 3.797432661056519 1.3476702570915224 23.269296646118168 3.7471710443496709 3.5133302211761479 2.6932039260864262 3.1750702857971196 1.5486373305320742 2.7901194095611577 3.02364194393158 3.7223321199417119 5.2655670642852792 1.5225923061370852 1.0850184559822085 1.2549898624420168 1.1028512120246889 19.500000000000004 2.5279818773269658 1.3220503926277163 4.733356475830079 2.6567986011505131 1.0000000180025095e-35 16.500000000000004
decision_type=2 2 2 2 2 2 2 2 2 2 2 2 2 2 2 2 2 2 2 2 2 2 2 2 2 2 2 2 2 2
left_child=8 3 4 12 -3 15 11 16 20 14 13 -7 -2 -9 19 -5 -4 -18 26 25 -1 22 -22 28 -16 -10 -6 -11 -14 -12
right_child=1 2 7 5 18 6 -8 10 9 27 29 -13 23 -15 24 -17 17 -19 -20 -21 21 -23 -24 -25 -26 -27 -28 -29 -30 -31
leaf_value=-0.045156258622805277 -0.019391964010397594 0.032916797827119412 0.04252272347186474 -0.01137735530436039 0.059848204933363819 0.010599871429232214 -0.0020392719755182045 0.022925373867706017 -0.01356043613475302 -0.040968184044415303 0.018650706728175283 0.028586295770404686 -0.0026593062156931532 -0.0014050203551434809 -0.022115568040486644 0.00496997713247935 0.020237608065874112 0.035396749207446739 0.068169338562909298 -0.043696015675862628 -0.026213062604268395 -0.047038596498555151 -0.038645461323440718 -0.012222947799242462 -0.0085802884283992971 -0.03191138521983073 0.046301441409371112 -0.02484090343117714 0.013324905899242455 0.027601894091915442
leaf_weight=180 75 69 47 50 58 112 64 27 23 176 150 146 124 81 85 150 123 86 68 27 57 58 93 52 45 52 55 20 21 74
leaf_count=180 75 69 47 50 58 112 64 27 23 176 150 146 124 81 85 150 123 86 68 27 57 58 93 52 45 52 55 20 21 74
internal_value=-4.12999e-11 0.0178117 0.0307897 0.00411458 0.0516982 0.010358 0.0162431 0.0219001 -0.0356235 -0.0306641 0.0161004 0.0207782 -0.00786736 0.00467758 -0.0233492 0.000883144 0.0294215 0.0264753 0.058858 -0.0308929 -0.0410942 -0.0375789 -0.0339211 -0.00347982 -0.0174303 -0.0262838 0.0532546 -0.0393225 -0.000344351 0.0216078
internal_weight=2448 1632 838 794 250 522 322 588 816 428 332 258 272 108 232 200 256 209 181 102 388 208 150 197 130 75 113 196 145 224
internal_count=2448 1632 838 794 250 522 322 588 816 428 332 258 272 108 232 200 256 209 181 102 388 208 150 197 130 75 113 196 145 224
is_linear=0
shrinkage=0.04


Tree=12
num_leaves=31
num_cat=0
split_feature=4 9 0 8 10 3 0 7 9 9 7 10 6 9 9 9 0 6 10 6 9 9 6 7 0 9 6 7 9 10
split_gain=894.699 167.101 89.7168 34.2134 19.4847 16.7655 15.3781 15.0544 12.8249 12.7951 14.5267 11.8581 9.60246 7.92499 6.80496 5.77228 5.22847 4.82385 4.22848 3.5568 3.21137 3.11053 3.30558 3.07371 2.87423 2.62508 2.59058 2.5633 2.54165 2.48686
threshold=6.0000000000000009 3.3615883588790898 10.500000000000002 2.7866140604019169 4.886399745941163 1.0000000180025095e-35 18.500000000000004 3.3095389604568486 3.7471710443496709 1.2633685469627383 1.7131631374359133 3.4966773986816411 3.6229996681213383 1.9367739558219912 1.4870257973670962 2.7901194095611577 12.500000000000002 1.4849550724029543 5.347323179244996 1.3892279267311098 2.8209882974624638 1.9814210534095766 2.0486441850662236 2.4073688983917241 16.500000000000004 1.814659118652344 4.8505730628967294 2.6857511997222905 1.5486373305320742 4.2088420391082773
decision_type=2 2 2 2 2 2 2 2 2 2 2 2 2 2 2 2 2 2 2 2 2 2 2 2 2 2 2 2 2 2
left_child=9 3 4 13 29 15 11 24 12 -1 14 -7 -9 -2 17 -5 -10 -11 26 -16 23 27 -23 -15 -4 -21 -6 28 -12 -3
right_child=1 2 7 5 18 6 -8 8 16 10 21 -13 -14 20 19 -17 -18 -19 -20 25 -22 22 -24 -25 -26 -27 -28 -29 -30 -31
leaf_value=-0.04029255553219456 -0.020813070514745881 0.026004618417252514 0.025387408758203188 -0.010922261016070842 0.059031168525501831 0.0093418937735259538 -0.0019577009935164823 0.017715466439723968 0.017740050102148554 -0.02299140933385262 -0.043216382286004856 0.026881283342551729 -0.00036870023167533123 0.0012738745329746357 -0.0028957496318616906 0.004771178089951476 0.028508251601457597 -0.040260842068250792 0.067128316231493679 -0.023507408285918446 0.0013547782381977311 -0.017318813993346834 -0.034803133610590002 -0.012746983244674418 0.03926239485472021 -0.0076396189765496692 0.04665573065280914 -0.048900423905788325 -0.031559004801369847 0.039814517299334211
leaf_weight=329 57 34 36 50 59 102 64 110 139 65 57 156 82 36 26 150 150 43 53 69 97 22 81 82 71 22 50 39 63 54
leaf_count=329 57 34 36 50 59 102 64 110 139 65 57 156 82 36 26 150 150 43 53 69 97 22 81 82 71 22 50 39 63 54
internal_value=-7.69725e-11 0.0170993 0.0295581 0.00395 0.0496303 0.00994372 0.0155934 0.0210241 0.0180053 -0.0341985 -0.0300817 0.0199471 0.00999202 -0.00755266 -0.0226268 0.000847818 0.0233291 -0.0298672 0.0578607 -0.0159434 -0.00403711 -0.0364837 -0.0310686 -0.00846943 0.0345942 -0.0196712 0.0533544 -0.0399916 -0.0370963 0.0344789
internal_weight=2448 1632 838 794 250 522 322 588 481 816 487 258 192 272 225 200 289 108 162 117 215 262 103 118 107 91 109 159 120 88
internal_count=2448 1632 838 794 250 522 322 588 481 816 487 258 192 272 225 200 289 108 162 117 215 262 103 118 107 91 109 159 120 88
is_linear=0
shrinkage=0.04


Tree=13
num_leaves=31
num_cat=0
split_feature=4 9 0 10 0 10 9 7 9 10 7 10 9 9 6 7 3 6 9 0 7 10 6 10 6 9 10 6 10 6
split_gain=824.554 154.318 72.0221 35.4511 33.5879 16.7089 15.9214 13.1835 12.02 11.7497 11.2396 9.46552 8.55286 7.96501 5.93628 5.27808 4.03779 3.84155 4.11414 3.39088 2.9371 2.93025 2.80117 2.62267 2.35944 2.34176 2.34168 2.77112 2.31058 2.19388
threshold=6.0000000000000009 3.4861192703247075 10.500000000000002 3.0029320716857915 8.5000000000000018 5.0239241123199472 2.8209882974624638 3.5331765413284306 1.1443502902984621 3.0838644504547124 3.6893774271011357 4.0240228176116952 3.7471710443496709 1.5078558325767519 3.36950695514679 2.8422288894653325 1.0000000180025095e-35 4.0697689056396493 3.8433576822280888 16.500000000000004 1.3096864819526675 5.347323179244996 1.1265900731086733 2.7147489786148076 2.165951251983643 2.6567986011505131 4.3684298992156991 4.0697689056396493 3.3335374593734746 1.4209519028663637
decision_type=2 2 2 2 2 2 2 2 2 2 2 2 2 2 2 2 2 2 2 2 2 2 2 2 2 2 2 2 2 2
left_child=8 3 5 16 11 26 15 17 -1 13 -8 28 14 20 -9 -6 -2 -4 -19 -14 22 -7 -10 24 -15 29 -3 -28 -5 -11
right_child=1 2 7 4 6 21 10 12 9 25 -12 -13 19 23 -16 -17 -18 18 -20 -21 -22 -23 -24 -25 -26 -27 27 -29 -30 -31
leaf_value=-0.040579723964566765 -0.017281205685027931 0.028255340386004676 0.037381538982902252 0.0078556616231799121 -0.0018558364634994756 0.052537828941236847 0.011262190351958417 0.020058518929014862 -0.016868846589519131 -0.033041404731347597 -0.0047552562719427576 0.043995950290134971 0.017676656694151461 -0.016767767362787279 4.0744507892264258e-05 -0.018247983515056233 -0.0010328482859767974 0.012868427336215973 0.036474766560963226 0.027066167527437211 -0.039869245199056776 0.064443184204821313 -0.03073449827255087 -0.004599948904731057 -0.030835046482582888 -0.022455142527818679 0.050580082321166994 0.032257930061646872 0.022842261483592374 -0.040348532653771911
leaf_weight=230 104 42 84 20 110 88 379 38 31 133 86 35 160 93 63 44 32 27 21 100 39 53 94 22 24 20 25 28 93 130
leaf_count=230 104 42 84 20 110 88 379 38 31 133 86 35 160 93 63 44 32 27 21 100 39 53 94 22 24 20 25 28 93 130
internal_value=4.82793e-11 0.0164153 0.0301048 0.00536364 0.008701 0.0482766 0.00460802 0.021406 -0.0328306 -0.0297891 0.00829982 0.0258196 0.0174506 -0.0243152 0.00757218 -0.00653931 -0.0134581 0.0322232 0.0231962 0.021288 -0.0302858 0.0570129 -0.0272958 -0.0172708 -0.0196534 -0.0356499 0.03531 0.0409005 0.0201898 -0.0366533
internal_weight=2448 1632 729 903 767 236 619 493 816 586 465 148 361 303 101 154 136 132 48 260 164 141 125 139 117 283 95 53 113 263
internal_count=2448 1632 729 903 767 236 619 493 816 586 465 148 361 303 101 154 136 132 48 260 164 141 125 139 117 283 95 53 113 263
is_linear=0
shrinkage=0.04


Tree=14
num_leaves=31
num_cat=0
split_feature=4 9 0 8 10 3 0 7 9 5 9 10 6 9 9 7 9 9 10 6 7 0 10 9 6 9 7 6 0 9
split_gain=759.909 142.842 75.9399 29.3259 16.6542 14.7424 13.5143 13.4397 11.1319 13.7872 10.7179 10.3594 7.78493 6.78795 5.13858 4.87782 5.78872 4.86687 4.71322 3.26954 3.11257 3.07378 2.95944 2.92466 2.91522 2.85873 3.96414 3.0277 2.67504 2.47087
threshold=6.0000000000000009 3.3615883588790898 10.500000000000002 2.7866140604019169 4.7072882652282724 1.0000000180025095e-35 18.500000000000004 3.797432661056519 1.3476702570915224 23.269296646118168 3.8774524927139287 3.6893774271011357 3.4702945947647099 2.5857759714126591 1.5486373305320742 3.02364194393158 3.7223321199417119 3.0987735986709599 5.2478926181793222 4.7900645732879648 1.5225923061370852 12.500000000000002 2.5279818773269658 1.6970040798187258 1.6992198228836062 1.0850184559822085 1.2549898624420168 1.2113734483718874 19.500000000000004 2.6567986011505131
decision_type=2 2 2 2 2 2 2 2 2 2 2 2 2 2 2 2 2 2 2 2 2 2 2 2 2 2 2 2 2 2
left_child=8 3 4 13 -3 17 11 15 25 14 12 -7 -9 23 20 -4 -17 -5 19 -6 24 -12 -16 -2 -10 -1 27 -27 -15 -11
right_child=1 2 7 5 18 6 -8 10 9 29 21 -13 -14 28 22 16 -18 -19 -20 -21 -22 -23 -24 -25 -26 26 -28 -29 -30 -31
leaf_value=-0.040115117741955648 -0.026831631172787057 0.029023372111977013 0.037956297346886173 -0.0057448629584467541 0.052446376469175694 0.011728467268124224 -0.0020048860483802854 0.015894788432051429 -0.017917632257636144 -0.036393784017471432 0.01674233837095836 0.027975707818512566 -0.0030973585826655232 0.0029723297433055778 -0.019588522837223378 0.018128208227879632 0.03165586216505184 0.0067372082097127165 0.059371524512767788 0.037844346108890717 -0.038836740917629668 0.027552782210611526 -0.0069026442401938972 -0.010867301132362169 -0.035238781517202201 -0.024759138150229339 -0.042110705457884694 -0.03620768138856599 -0.0088870544135570533 -0.021556937128305434
leaf_weight=180 22 69 47 98 59 150 64 64 53 176 131 108 75 94 85 123 86 102 80 42 27 62 45 111 22 84 58 66 45 20
leaf_count=180 22 69 47 98 59 150 64 64 53 176 131 108 75 94 85 123 86 102 80 42 27 62 45 111 22 84 58 66 45 20
internal_value=-1.29457e-10 0.0157587 0.0272777 0.00360132 0.0457445 0.00915045 0.0144482 0.0194262 -0.0315174 -0.0270691 0.0141159 0.0185296 0.00564723 -0.00704811 -0.0204704 0.026313 0.0236946 0.000620993 0.0521189 0.0463742 -0.027191 0.0202151 -0.0151973 -0.013508 -0.0229985 -0.0364243 -0.0332303 -0.0297965 -0.000867039 -0.0348798
internal_weight=2448 1632 838 794 250 522 322 588 816 428 332 258 139 272 232 256 209 200 181 101 102 193 130 133 75 388 208 150 139 196
internal_count=2448 1632 838 794 250 522 322 588 816 428 332 258 139 272 232 256 209 200 181 101 102 193 130 133 75 388 208 150 139 196
is_linear=0
shrinkage=0.04


Tree=15
num_leaves=31
num_cat=0
split_feature=4 9 0 8 10 7 9 3 9 10 0 10 10 6 9 9 0 3 9 6 10 6 10 6 7 10 6 10 9 6
split_gain=700.332 131.643 69.9863 27.1212 15.5137 12.4355 11.251 10.9833 10.3157 10.11 9.90001 9.10103 8.67879 7.94488 6.73887 4.29898 3.85713 4.01984 3.44325 4.37472 3.01016 2.99443 2.95088 2.58978 2.54092 2.50599 2.49364 2.34372 1.99571 1.98994
threshold=6.0000000000000009 3.3615883588790898 10.500000000000002 2.9387663602828984 5.0239241123199472 3.5331765413284306 3.7471710443496709 1.0000000180025095e-35 1.1443502902984621 3.0838644504547124 18.500000000000004 3.8114472627639775 2.6932039260864262 3.4702945947647099 1.5078558325767519 2.703055858612061 20.500000000000004 1.0000000180025095e-35 3.5931651592254643 3.7086355686187749 4.640388250350953 3.8950709104537968 4.2088420391082773 4.2938408851623544 1.3096864819526675 5.347323179244996 1.1265900731086733 2.6932039260864262 2.6567986011505131 1.4209519028663637
decision_type=2 2 2 2 2 2 2 2 2 2 2 2 2 2 2 2 2 2 2 2 2 2 2 2 2 2 2 2 2 2
left_child=8 3 4 12 22 18 13 15 -1 14 11 -9 -2 -7 24 -5 17 -14 19 -4 -8 -20 -3 -24 26 -6 -10 -16 29 -11
right_child=1 2 5 7 25 6 20 10 9 28 -12 -13 16 -15 27 -17 -18 -19 21 -21 -22 -23 23 -25 -26 -27 -28 -29 -30 -31
leaf_value=-0.037435436357622559 -0.016998328446567831 0.022734735248719943 0.027162951515681707 -0.010320672543870438 0.048504051907678668 0.015098894261558292 0.025081837187707425 0.012535770920396316 -0.015234304512700728 -0.030361915703554797 -0.0014539156357447306 0.029272630392731012 -0.0027169453805933395 -0.0038240870539571199 -0.018373364509635531 0.0050693420621531985 -0.011659890845417978 0.009761666573191944 0.040552602779297599 0.007832035263283894 0.016235140429518652 0.026129833868905609 0.042809039147003833 0.027379615902900695 -0.036766988558646962 0.059490596123461456 -0.028316704618169909 -0.0050536756045543229 -0.020694659620523456 -0.037321130161102001
leaf_weight=230 77 34 67 37 89 71 100 160 31 133 51 77 150 71 113 135 50 57 42 26 160 51 46 28 39 53 94 26 20 130
leaf_count=230 77 34 67 37 89 71 100 160 31 133 51 77 150 71 113 135 50 57 42 26 160 51 46 28 39 53 94 26 20 130
internal_value=-5.61685e-11 0.0151283 0.0261866 0.00345727 0.0439148 0.0186491 0.0146923 0.00975666 -0.0302567 -0.0274391 0.0145332 0.0179735 -0.00521854 0.0056374 -0.0223615 0.0017587 -0.00168919 0.000719194 0.027201 0.0217586 0.0196377 0.0326433 0.0324891 0.0369709 -0.0278533 0.0526047 -0.0250723 -0.0158819 -0.0328755 -0.0338018
internal_weight=2448 1632 838 794 250 588 402 460 816 586 288 237 334 142 303 172 257 207 186 93 260 93 108 74 164 142 125 139 283 263
internal_count=2448 1632 838 794 250 588 402 460 816 586 288 237 334 142 303 172 257 207 186 93 260 93 108 74 164 142 125 139 283 263
is_linear=0
shrinkage=0.04


Tree=16
num_leaves=31
num_cat=0
split_feature=4 9 0 10 0 10 9 7 9 5 7 10 9 6 7 0 9 10 3 7 6 6 9 7 6 10 9 6 10 7
split_gain=645.426 121.476 57.0403 28.4269 27.0632 13.626 12.9829 10.9227 9.64483 11.9511 9.29288 7.3435 6.65536 6.57691 4.64561 4.58421 4.41803 2.9948 2.95378 2.86153 3.26357 2.62718 2.42491 3.5705 2.81633 2.33227 2.2351 2.06992 2.00112 1.94623
threshold=6.0000000000000009 3.4733109474182133 10.500000000000002 3.0029320716857915 8.5000000000000018 4.9152164459228525 2.8209882974624638 3.316421747207642 1.3476702570915224 23.269296646118168 3.6893774271011357 4.0643000602722177 3.78413999080658 3.6356586217880253 2.8422288894653325 12.500000000000002 1.5778598189353945 5.2655670642852792 1.0000000180025095e-35 1.5225923061370852 1.6992198228836062 4.9252789020538339 1.0850184559822085 1.2549898624420168 0.97470009326934826 2.7841308116912846 2.0687307119369511 3.8950709104537968 3.3335374593734746 2.2196817398071294
decision_type=2 2 2 2 2 2 2 2 2 2 2 2 2 2 2 2 2 2 2 2 2 2 2 2 2 2 2 2 2 2
left_child=8 3 5 18 11 -3 14 27 22 16 -8 28 13 -9 -6 -14 19 21 -2 20 -10 -7 -1 24 -24 -18 29 -4 -5 -11
right_child=1 2 7 4 6 17 10 12 9 26 -12 -13 15 -15 -16 -17 25 -19 -20 -21 -22 -23 23 -25 -26 -27 -28 -29 -30 -31
leaf_value=-0.037013095213307277 -0.015501170587869218 0.029074546913557417 0.038417549981011281 0.0067389041585847733 -0.0017285179239697754 0.050539512748901665 0.0099740028565625354 0.017499337026326941 -0.015411632948967278 -0.027145840702278001 -0.0048911984501088541 0.039655161156798853 0.015005164865921015 0.00093179291735092805 -0.017107189683328299 0.025391195172512974 -0.016178650734632202 0.055749611924676333 -0.0016039920342154801 -0.034622877490135935 -0.032336081312252928 0.036805692811806998 -0.014192744242874058 -0.039100121588542543 -0.029685582178644837 -0.0023513718619942664 -0.027034388966858388 0.024713546861091566 0.020672710854956446 -0.038854192432235271
leaf_weight=180 104 79 45 20 110 52 375 82 61 31 82 33 137 72 44 135 89 68 32 31 26 39 22 58 128 25 80 29 94 85
leaf_count=180 104 79 45 20 110 52 375 82 61 31 82 33 137 72 44 135 89 68 32 31 26 39 22 58 128 25 80 29 94 85
internal_value=9.32369e-11 0.0145232 0.0265344 0.00460795 0.00762923 0.0426527 0.00392196 0.0188621 -0.0290464 -0.0249059 0.00730672 0.0230383 0.016398 0.00975347 -0.00612242 0.02016 -0.0187622 0.0493991 -0.0122312 -0.0241878 -0.0204695 0.0446536 -0.0336138 -0.0306721 -0.0274133 -0.0131464 -0.032178 0.0330471 0.0182282 -0.0357252
internal_weight=2448 1632 738 894 758 238 611 500 816 428 457 147 426 154 154 272 232 159 136 118 87 91 388 208 150 114 196 74 114 116
internal_count=2448 1632 738 894 758 238 611 500 816 428 457 147 426 154 154 272 232 159 136 118 87 91 388 208 150 114 196 74 114 116
is_linear=0
shrinkage=0.04


Tree=17
num_leaves=31
num_cat=0
split_feature=4 9 0 8 10 7 3 9 9 5 0 10 9 6 7 9 9 10 9 10 6 6 9 10 0 7 6 9 7 6
split_gain=594.825 112.462 59.2287 23.4027 13.3704 11.2178 9.63681 9.21676 8.90311 10.7062 8.82704 9.04384 7.50332 5.20009 3.96645 4.67629 3.93779 3.69813 3.66378 3.15357 2.81178 2.72113 2.4008 2.33858 2.30567 2.12925 2.79128 2.11748 3.33979 2.61749
threshold=6.0000000000000009 3.3615883588790898 10.500000000000002 2.9387663602828984 4.7072882652282724 3.797432661056519 1.0000000180025095e-35 3.9742970466613774 1.321882486343384 22.885240554809574 19.500000000000004 3.596729159355164 2.4970090389251713 3.4619491100311284 3.02364194393158 3.7223321199417119 1.5486373305320742 5.2478926181793222 2.703055858612061 5.2018957138061532 4.7900645732879648 2.4692188501358037 1.6970040798187258 2.7147489786148076 20.500000000000004 1.5225923061370852 1.2549898624420168 1.0159738659858706 1.1265900731086733 1.438445031642914
decision_type=2 2 2 2 2 2 2 2 2 2 2 2 2 2 2 2 2 2 2 2 2 2 2 2 2 2 2 2 2 2
left_child=8 3 4 12 -3 14 18 13 27 16 11 -8 22 -7 -4 -16 25 20 -5 -9 -6 -14 -2 -18 -23 26 -10 -1 29 -29
right_child=1 2 5 6 17 7 10 19 9 -11 -12 -13 21 -15 15 -17 23 -19 -20 -21 -22 24 -24 -25 -26 -27 -28 28 -30 -31
leaf_value=-0.036856513609488807 -0.024458384622227061 0.025489835244589955 0.03402041639419312 -0.0096364620710546918 0.046725983963174338 0.013918900384030874 0.0088305361379944058 0.025550861858895848 -0.0079509134147138835 -0.030364710493561101 -0.007055455788969993 0.023837519100874911 0.013894208651036024 -0.00030171205212051671 0.016156847393367348 0.028315405239199481 -0.01557328446102994 0.052607837408781055 0.0045711612301292245 0.014336617198634022 0.033184662078108107 0.00060510396402246847 -0.0099611117033701797 -0.00086416213285355349 -0.010566309787635062 -0.034323701132898746 -0.024757192069664598 -0.024277172186374662 -0.036078617813611269 -0.038699479599793751
leaf_weight=120 22 69 47 37 59 72 137 70 21 221 30 121 20 96 123 86 98 80 135 94 42 147 108 21 37 23 64 125 99 24
leaf_count=120 22 69 47 37 59 72 137 70 21 221 30 121 20 96 123 86 98 80 135 94 42 147 108 21 37 23 64 125 99 24
internal_value=-2.13328e-11 0.0139423 0.0241632 0.00315493 0.0404721 0.0172292 0.00900656 0.0123777 -0.0278846 -0.0240978 0.0134808 0.0158687 -0.0049042 0.00579284 0.023521 0.0211599 -0.0179965 0.0461835 0.00151487 0.0191232 0.0410949 -0.00011823 -0.0124145 -0.0129776 -0.00164132 -0.0235266 -0.0206051 -0.0324946 -0.0303839 -0.0266002
internal_weight=2448 1632 838 794 250 588 460 332 816 448 288 258 334 168 256 209 227 181 172 164 101 204 130 119 184 108 85 368 248 149
internal_count=2448 1632 838 794 250 588 460 332 816 448 288 258 334 168 256 209 227 181 172 164 101 204 130 119 184 108 85 368 248 149
is_linear=0
shrinkage=0.04


Tree=18
num_leaves=31
num_cat=0
split_feature=4 9 0 8 10 7 3 9 9 7 0 10 9 6 9 6 7 9 9 6 6 6 10 6 9 6 9 9 0 10
split_gain=548.191 103.645 54.5851 21.5679 12.3794 10.382 8.88128 8.418 8.30977 9.9672 8.135 8.365 6.91506 6.81209 5.72953 4.50328 4.28253 3.37654 3.23742 3.15181 2.66116 2.5078 2.48372 2.34407 2.21258 2.18614 2.51438 2.15821 2.12491 2.02651
threshold=6.0000000000000009 3.3615883588790898 10.500000000000002 2.9387663602828984 5.0239241123199472 3.2353994846343999 1.0000000180025095e-35 3.7471710443496709 1.2125310897827151 1.8300815224647524 19.500000000000004 3.8114472627639775 2.4970090389251713 3.6229996681213383 1.4870257973670962 1.438445031642914 4.1929328441619882 2.703055858612061 1.9814210534095766 1.3892279267311098 2.0486441850662236 2.4692188501358037 4.2088420391082773 4.2938408851623544 1.6970040798187258 3.4702945947647099 3.5577622652053837 1.814659118652344 20.500000000000004 5.3988499641418466
decision_type=2 2 2 2 2 2 2 2 2 2 2 2 2 2 2 2 2 2 2 2 2 2 2 2 2 2 2 2 2 2
left_child=8 3 4 12 22 25 17 13 -1 14 11 -8 24 -7 15 -10 -9 -5 -11 -16 -20 -14 -3 -24 -2 -4 -27 -21 -23 -6
right_child=1 2 5 6 29 7 10 16 9 18 -12 -13 21 -15 19 -17 -18 -19 20 27 -22 28 23 -25 -26 26 -28 -29 -30 -31
leaf_value=-0.032205478817224506 -0.023480050292882054 0.019697736475397559 0.040129344571720474 -0.0092510035768705052 0.043779208455057374 0.014424804588940382 0.010536205503261181 0.024364863253641324 -0.018333400605799077 -0.032956649956833214 -0.0067732373972733823 0.026276690000063413 0.013338440451771022 -0.00033378665504807777 -0.00017028410278726368 -0.033000595862010741 0.014590204052370171 0.0043883147753982082 -0.011493747451088646 -0.018908891071316224 -0.027181491487556032 0.00058089977213447654 0.038312785936438519 0.023633563773972646 -0.009562667195029833 0.015241329974184434 0.031471287267548699 -0.0048102203367844871 -0.010143657367789764 0.054665565555160112
leaf_weight=290 22 34 22 37 105 116 181 122 91 157 30 77 20 88 28 53 174 135 22 71 81 147 46 28 108 24 42 23 37 37
leaf_count=290 22 34 22 37 105 116 181 122 91 157 30 77 20 88 28 53 174 135 22 71 81 147 46 28 108 24 42 23 37 37
internal_value=-1.51316e-11 0.0133846 0.0231967 0.00302873 0.0388532 0.01654 0.0086463 0.0143102 -0.0267692 -0.023772 0.0129415 0.0152339 -0.00470803 0.00805835 -0.0183282 -0.0237317 0.0186189 0.00145428 -0.0293414 -0.0119503 -0.0238307 -0.000113501 0.0286468 0.0327585 -0.0119179 0.0292094 0.0255695 -0.0154592 -0.00157567 0.0466158
internal_weight=2448 1632 838 794 250 588 460 500 816 526 288 258 334 204 266 144 296 172 260 122 103 204 108 74 130 88 66 94 184 142
internal_count=2448 1632 838 794 250 588 460 500 816 526 288 258 334 204 266 144 296 172 260 122 103 204 108 74 130 88 66 94 184 142
is_linear=0
shrinkage=0.04


Tree=19
num_leaves=31
num_cat=0
split_feature=4 9 0 10 0 9 10 7 7 9 7 9 10 6 9 7 9 6 9 7 6 10 9 6 9 6 10 10 6 6
split_gain=505.212 95.6079 44.5214 22.9631 22.4384 10.8832 10.8533 9.03386 8.08468 7.72074 7.69059 6.43643 6.02824 5.84414 5.15772 4.87445 4.3154 3.90253 3.40289 3.5513 3.07674 3.35712 2.99241 2.95457 2.51622 2.48169 2.40375 2.36839 2.24985 2.00843
threshold=6.0000000000000009 3.4733109474182133 10.500000000000002 3.0029320716857915 8.5000000000000018 3.0168911218643193 4.9152164459228525 3.9787019491195683 3.7661838531494145 1.1443502902984621 1.5225923061370852 1.4870257973670962 4.0643000602722177 4.2344374656677255 4.0210602283477792 2.8422288894653325 3.9487614631652836 1.1265900731086733 1.5486373305320742 2.5328249931335454 2.0138241052627568 2.3726750612258916 2.105060458183289 1.5046928524971011 3.6597926616668706 3.5123704671859746 5.347323179244996 2.2031319141387944 4.1731791496276864 4.9252789020538339
decision_type=2 2 2 2 2 2 2 2 2 2 2 2 2 2 2 2 2 2 2 2 2 2 2 2 2 2 2 2 2 2
left_child=9 3 6 27 12 15 -3 13 -7 -1 11 17 -5 24 25 -6 -15 -11 -12 23 21 -13 -21 -20 -4 -9 29 -2 -16 -8
right_child=1 2 7 4 5 8 26 14 -10 10 18 20 -14 16 28 -17 -18 -19 19 22 -22 -23 -24 -25 -26 -27 -28 -29 -30 -31
leaf_value=-0.031908951614214025 -0.018588246676656935 0.0256269197613944 0.021968547062240017 0.016440907513494033 0.0014837247161065331 0.010529997334598975 0.045109445045391716 0.011988358573818749 -0.0047409785490976101 -0.013908815001723942 -0.03468116565448482 -0.013908074476756157 0.035854445190140694 0.0049340164350777319 0.023431920441227005 -0.010081021663333689 0.024366907314820722 -0.02667337877647669 -0.011752406948142582 -0.036522287840920466 -0.021920599595264153 0.0033271975171836939 -0.024207164904004649 -0.026414908142976982 0.03244120229231684 0.0012139534706276068 0.05072150792715685 -0.0073698907865436527 0.013160406611695447 0.034000152354331119
leaf_weight=230 45 79 71 114 144 301 60 66 68 54 82 40 33 41 57 98 33 132 45 54 27 33 76 43 76 71 53 91 85 46
leaf_count=230 45 79 71 114 144 301 60 66 68 54 82 40 33 41 57 98 33 132 45 54 27 33 76 43 76 71 53 91 85 46
internal_value=-6.60324e-11 0.0128492 0.023505 0.00405278 0.00676823 0.00339257 0.0377451 0.0167268 0.00771583 -0.0256984 -0.0232608 -0.0185676 0.020799 0.0227679 0.0119415 -0.00319952 0.0136 -0.0229675 -0.027735 -0.0251222 -0.0103838 -0.00611679 -0.0293227 -0.018917 0.027383 0.00640454 0.0437661 -0.0110818 0.0172835 0.0402884
internal_weight=2448 1632 738 894 758 611 238 500 369 816 586 286 147 221 279 242 74 186 300 218 100 73 130 88 147 137 159 136 142 106
internal_count=2448 1632 738 894 758 611 238 500 369 816 586 286 147 221 279 242 74 186 300 218 100 73 130 88 147 137 159 136 142 106
is_linear=0
shrinkage=0.04


Tree=20
num_leaves=31
num_cat=0
split_feature=9 0 4 9 10 5 7 3 0 9 0 9 10 6 9 0 6 10 10 10 6 9 10 6 9 7 10 10 6 7
split_gain=466.633 76.4013 49.6118 23.7246 22.8015 10.3013 10.1693 7.42547 8.93414 7.41898 7.34796 6.72466 8.09118 6.49797 5.08783 3.27374 3.24957 2.97659 2.85187 2.76127 2.63452 3.17246 2.4571 2.3275 2.32606 2.30034 1.97158 1.87432 1.80073 2.45091
threshold=2.6377797126770024 10.500000000000002 6.0000000000000009 3.4046241044998173 4.5797462463378915 30.668858528137211 3.5331765413284306 1.0000000180025095e-35 18.500000000000004 3.8433576822280888 16.500000000000004 1.1233878135681155 3.0838644504547124 3.6229996681213383 1.6219426989555361 12.500000000000002 3.4180608987808232 4.7503421306610116 3.2080112695693974 5.2655670642852792 4.0051825046539316 4.3790042400360116 3.8598505258560185 2.7180006504058842 3.5931651592254643 1.373118579387665 2.2031319141387944 2.5279818773269658 1.4209519028663637 1.4567362666130068
decision_type=2 2 2 2 2 2 2 2 2 2 2 2 2 2 2 2 2 2 2 2 2 2 2 2 2 2 2 2 2 2
left_child=2 4 11 5 22 23 16 26 18 13 17 -1 14 -8 25 -11 -5 -7 -9 20 -6 -22 -2 -3 -18 -13 -4 -16 29 -14
right_child=1 3 7 6 19 10 9 8 -10 15 -12 12 28 -15 27 -17 24 -19 -20 -21 21 -23 -24 -25 -26 -27 -28 -29 -30 -31
leaf_value=-0.031024589799699333 0.013066219073884628 0.0031500010411643115 -0.017844716800583735 0.036336494726794108 0.043922196431593459 -0.0004735157012685456 0.012730183409807343 -0.00025926763532546962 -0.021719890110194685 0.012760865000965901 0.014837342825773946 -0.019187407303993084 -0.015629641630997261 -0.0031534409837646262 -0.014359617679549214 0.022513125742131726 0.014820235059508738 0.0084749014653585936 0.013733312929118122 0.047493608734186961 0.02007009692814039 0.038401890776374119 0.023855065746605397 -0.011073417148871134 0.025521947394479955 -0.028559230544350361 -0.0079689311032061991 -0.0019302447314063708 -0.031163024851909051 -0.027754071870619811
leaf_weight=210 51 24 45 28 55 165 93 41 20 133 117 176 36 74 55 94 53 93 54 68 23 44 100 79 84 55 115 30 130 103
leaf_count=210 51 24 45 28 55 165 93 41 20 133 117 176 36 74 55 94 53 93 54 68 23 44 100 79 84 55 115 30 130 103
internal_value=-1.61593e-12 0.015389 -0.0198187 0.00998797 0.0318137 0.0034452 0.0155827 -0.00517407 0.00257888 0.0120913 0.00652268 -0.0248844 -0.0226803 0.00569193 -0.01834 0.0167992 0.0239196 0.00275208 0.00769441 0.0410346 0.0374346 0.0321089 0.0202112 -0.00775922 0.0213819 -0.0214188 -0.0107465 -0.00997278 -0.0277789 -0.0246139
internal_weight=2448 1378 1070 1037 341 478 559 275 115 394 375 795 585 167 316 227 165 258 95 190 122 67 151 103 137 231 160 85 269 139
internal_count=2448 1378 1070 1037 341 478 559 275 115 394 375 795 585 167 316 227 165 258 95 190 122 67 151 103 137 231 160 85 269 139
is_linear=0
shrinkage=0.04


Tree=21
num_leaves=31
num_cat=0
split_feature=9 0 4 9 10 7 5 0 9 3 0 9 5 6 6 10 7 10 10 6 10 10 6 9 6 7 9 6 9 8
split_gain=430.049 70.4114 45.7223 21.9446 21.0139 8.86921 8.47125 7.24597 6.94687 6.84331 8.2337 6.36706 9.79724 5.67489 3.1077 3.13588 2.92683 2.65057 2.54878 2.67487 2.26447 2.19016 2.18695 2.09415 2.02666 2.00064 2.9825 2.30666 1.87452 1.81859
threshold=2.6377797126770024 10.500000000000002 6.0000000000000009 3.3615883588790898 4.5797462463378915 3.3095389604568486 30.668858528137211 16.500000000000004 3.6956409215927128 1.0000000180025095e-35 18.500000000000004 1.3476702570915224 23.269296646118168 3.1409964561462407 1.8300815224647524 2.2922025918960576 4.2076203823089608 3.2448806762695317 5.2478926181793222 4.3116347789764413 3.8598505258560185 4.7503421306610116 2.7180006504058842 4.4453029632568368 3.8950709104537968 1.2549898624420168 1.0159738659858706 1.438445031642914 1.6970040798187258 1.7923408150672915
decision_type=2 2 2 2 2 2 2 2 2 2 2 2 2 2 2 2 2 2 2 2 2 2 2 2 2 2 2 2 2 2
left_child=2 4 11 6 20 24 22 21 13 28 17 25 14 -7 15 -13 -10 -11 19 -6 -2 -8 -3 -21 -5 26 -1 -28 -4 -16
right_child=1 3 9 5 18 8 7 -9 16 10 -12 12 -14 -15 29 -17 -18 -19 -20 23 -22 -23 -24 -25 -26 -27 27 -29 -30 -31
leaf_value=-0.031289150611214012 0.01254357028241251 0.0030240010198516148 -0.02116023524241014 0.028845999130647476 0.04124161450034481 0.020868535470217466 -0.00084644418712244115 0.014119341552355572 0.020326958827868995 0.00063452279135743346 -0.02085109494626522 -0.01764079034854384 -0.027539529808929989 0.0021200851408361612 -0.027397223200116838 -0.0067753965556621555 0.012528254197323849 0.013998074970828991 0.044825761571526526 0.019045461363026074 0.022900863230228424 0.0073368205709191852 -0.010871394606357491 0.035514913519223527 0.017022617292754793 -0.033472013666823106 -0.021347534089748349 -0.033222798070599954 -0.0085879462231895406 -0.012742283292114735
leaf_weight=115 51 24 22 73 59 32 159 114 134 47 20 85 175 134 42 85 181 48 80 21 100 78 74 30 34 74 168 31 138 20
leaf_count=115 51 24 22 73 59 32 159 114 134 47 20 85 175 134 42 85 181 48 80 21 100 78 74 30 34 74 168 31 138 20
internal_value=-5.82316e-11 0.0147734 -0.0190259 0.00958845 0.0305411 0.0146732 0.00292959 0.00583274 0.0123562 -0.0049671 0.00247572 -0.0238891 -0.0203939 0.00573424 -0.0150039 -0.0122081 0.0158458 0.00738663 0.0393933 0.0354423 0.0194027 0.00184678 -0.00746844 0.0287334 0.025089 -0.0275553 -0.026161 -0.0231974 -0.0103166 -0.0226698
internal_weight=2448 1378 1070 1037 341 588 449 351 481 275 115 795 407 166 232 170 315 95 190 110 151 237 98 51 107 388 314 199 160 62
internal_count=2448 1378 1070 1037 341 588 449 351 481 275 115 795 407 166 232 170 315 95 190 110 151 237 98 51 107 388 314 199 160 62
is_linear=0
shrinkage=0.04


Tree=22
num_leaves=31
num_cat=0
split_feature=9 0 4 9 10 7 0 9 3 0 9 7 9 6 0 5 6 6 0 0 10 10 10 6 9 10 6 9 6 10
split_gain=396.333 64.8912 42.1376 20.2242 19.3664 8.37608 7.81985 7.09149 6.3068 7.58818 5.88772 8.85403 4.54714 4.7492 4.32658 3.57815 3.48014 3.17273 3.15415 2.66569 2.44564 2.36986 2.08693 2.02184 2.84335 2.01846 1.97129 1.78145 3.03141 1.74377
threshold=2.6377797126770024 10.500000000000002 6.0000000000000009 3.3615883588790898 4.5797462463378915 3.797432661056519 20.500000000000004 4.0210602283477792 1.0000000180025095e-35 18.500000000000004 1.2125310897827151 1.8300815224647524 1.5778598189353945 1.6992198228836062 16.500000000000004 31.4339714050293 3.4619491100311284 3.2893167734146123 17.500000000000004 11.500000000000002 3.2080112695693974 5.347323179244996 3.8598505258560185 4.0051825046539316 4.3790042400360116 4.7503421306610116 2.7180006504058842 1.9814210534095766 2.0635535717010502 2.0461212396621709
decision_type=2 2 2 2 2 2 2 2 2 2 2 2 2 2 2 2 2 2 2 2 2 2 2 2 2 2 2 2 2 2
left_child=2 4 10 6 22 17 14 16 29 20 -1 12 13 -12 25 -16 -7 -5 -19 -9 -10 23 -2 -6 -25 -3 -8 -13 -29 -4
right_child=1 3 8 5 21 7 26 19 9 -11 11 27 -14 -15 15 -17 -18 18 -20 -21 -22 -23 -24 24 -26 -27 -28 28 -30 -31
leaf_value=-0.027476007616083171 0.012041827615569621 -0.00081258642995355162 -0.018970734093870435 0.031745253920555119 0.040462890843876068 0.010870272887075165 0.0011427787782158703 0.0099459231452959963 -0.00027427789255431514 -0.020017050525173545 -0.015031754698631538 -0.028408302615402611 -0.0074703375609001012 -0.029767430234462659 0.00063652935142560708 0.014647901618189298 -0.00052820348283275965 0.013004779014650971 0.022461693369679982 0.020504909874564343 0.012683451148784823 0.044999875212615385 0.021984828568249938 0.019297071981709452 0.035941735743903198 0.0070433477637440465 -0.01371602939069271 -0.0091780959938963253 -0.026081331259217758 -0.007980717559147513
leaf_weight=290 51 159 28 30 61 75 20 66 41 20 137 157 82 47 41 101 100 109 117 91 54 53 100 24 52 78 50 24 58 132
leaf_count=290 51 159 28 30 61 75 20 66 41 20 137 157 82 47 41 101 100 109 117 91 54 53 100 24 52 78 50 24 58 132
internal_value=7.7118e-11 0.0141825 -0.0182649 0.00920491 0.0293195 0.0140863 0.0028124 0.00989406 -0.00476842 0.0023767 -0.0229335 -0.0203249 -0.0153045 -0.0187958 0.00508104 0.0106024 0.00435686 0.019523 0.0179006 0.0160661 0.00709117 0.0378175 0.0186266 0.035039 0.0306855 0.00177291 -0.00947066 -0.0259125 -0.021134 -0.00990397
internal_weight=2448 1378 1070 1037 341 588 449 332 275 115 795 505 266 184 379 142 175 256 226 157 95 190 151 137 76 237 70 239 82 160
internal_count=2448 1378 1070 1037 341 588 449 332 275 115 795 505 266 184 379 142 175 256 226 157 95 190 151 137 76 237 70 239 82 160
is_linear=0
shrinkage=0.04


Tree=23
num_leaves=31
num_cat=0
split_feature=4 9 0 10 0 9 10 7 7 9 7 9 6 10 6 10 7 10 6 9 9 6 9 7 9 6 10 7 9 10
split_gain=365.434 69.4408 31.3009 17.0035 17.4361 8.49652 7.85948 6.89386 6.83032 5.91837 7.78265 4.71757 5.00527 4.63562 4.42188 4.19388 3.46926 3.4127 2.62348 2.26298 2.01557 1.93499 1.8873 1.8457 2.66092 2.20536 1.74899 1.74669 1.67397 1.57412
threshold=6.0000000000000009 3.4861192703247075 10.500000000000002 3.0029320716857915 8.5000000000000018 2.8209882974624638 5.0239241123199472 3.5331765413284306 3.6356586217880253 1.3476702570915224 2.0138241052627568 3.9487614631652836 3.8453373908996586 4.0643000602722177 1.8300815224647524 2.0102549791336064 2.8422288894653325 5.2018957138061532 3.8950709104537968 1.9814210534095766 1.6129649281501772 2.0486441850662236 3.8433576822280888 1.2549898624420168 1.0159738659858706 1.0325130820274355 2.2031319141387944 3.8950709104537968 1.4659104347229006 5.4585726261138925
decision_type=2 2 2 2 2 2 2 2 2 2 2 2 2 2 2 2 2 2 2 2 2 2 2 2 2 2 2 2 2 2
left_child=9 3 6 26 13 16 27 18 -7 23 14 12 -9 -5 15 -11 -6 -13 -4 -12 -16 -21 -20 24 -1 -26 -2 -3 -17 -8
right_child=1 2 7 4 5 8 29 11 -10 10 19 17 -14 -15 20 28 -18 -19 22 21 -22 -23 -24 -25 25 -27 -28 -29 -30 -31
leaf_value=-0.028938543692879053 -0.015971144729190402 0.02608708357488787 0.027505896386291299 0.014293688279494905 -0.0014694204483160073 0.0079814049029902582 0.03602564683815121 0.012185750217395971 -0.0041877005420215222 -0.017696039984966147 -0.027829167730452721 0.021230737801561962 -0.0019786927360815531 0.031122482392717813 -0.028376923935753959 -0.01344591634856029 -0.014759150520813736 0.010615101011097432 0.011031215710565447 -0.0088078940411408756 -0.014247620865702628 -0.022433230474930441 0.025617175725373358 -0.031116948031090403 -0.014809004851632704 -0.024029116292084964 -0.0063307169786971677 0.01301622079596633 -0.00072905867457834651 0.046766890949673123
leaf_weight=115 45 74 70 114 110 373 114 101 92 58 114 94 66 34 35 22 44 100 40 21 30 81 22 74 59 140 91 21 67 27
leaf_count=115 45 74 70 114 110 373 114 101 92 58 114 94 66 34 35 22 44 100 40 21 30 81 22 74 59 140 91 21 67 27
internal_value=-2.7292e-12 0.0109281 0.0201111 0.00351451 0.00582582 0.00287683 0.0320907 0.0143765 0.00557375 -0.0218562 -0.0186127 0.0115163 0.00658783 0.0181598 -0.0131682 -0.00932672 -0.00526649 0.0157588 0.0221988 -0.0239564 -0.0218557 -0.019628 0.0162069 -0.025434 -0.0240947 -0.0212955 -0.00952056 0.0231977 -0.00387255 0.0380825
internal_weight=2448 1632 729 903 767 619 236 493 465 816 428 361 167 148 212 147 154 194 132 216 65 102 62 388 314 199 136 95 89 141
internal_count=2448 1632 729 903 767 619 236 493 465 816 428 361 167 148 212 147 154 194 132 216 65 102 62 388 314 199 136 95 89 141
is_linear=0
shrinkage=0.04


Tree=24
num_leaves=31
num_cat=0
split_feature=9 0 4 9 10 7 9 6 7 3 0 9 10 6 9 6 6 10 6 9 10 7 6 9 10 6 7 9 9 9
split_gain=337.512 55.0317 35.5375 17.4394 16.6639 7.42817 9.04487 6.69539 6.32463 5.40436 6.68332 5.15095 6.22161 4.09768 3.89098 3.66775 3.19845 2.77149 2.41451 2.6816 2.11906 1.99721 1.76762 1.72202 1.62888 1.58554 1.95361 1.74392 1.52377 1.41364
threshold=2.6377797126770024 10.500000000000002 6.0000000000000009 3.1617512702941899 4.3684298992156991 3.1274211406707768 3.6888254880905156 3.7231843471527104 3.0709873437881474 1.0000000180025095e-35 18.500000000000004 1.1233878135681155 3.0838644504547124 2.9116455316543584 1.6219426989555361 4.1731791496276864 3.2441614866256718 5.2478926181793222 4.3116347789764413 4.2630057334899911 3.2448806762695317 1.373118579387665 3.7396003007888798 3.0168911218643193 2.5279818773269658 1.4209519028663637 1.4567362666130068 2.105060458183289 1.6970040798187258 2.8556475639343266
decision_type=2 2 2 2 2 2 2 2 2 2 2 2 2 2 2 2 2 2 2 2 2 2 2 2 2 2 2 2 2 2
left_child=2 4 11 8 -2 22 7 -7 13 28 20 -1 14 -3 21 -8 23 18 -6 -20 -11 -13 -5 -10 -16 26 -14 -27 -4 -15
right_child=1 3 9 5 17 6 15 -9 16 10 -12 12 25 29 24 -17 -18 -19 19 -21 -22 -23 -24 -25 -26 27 -28 -29 -30 -31
leaf_value=-0.026516396508330389 0.015620916225016117 0.013342521198574105 -0.018991170688108964 0.025214058635891351 0.035155813255020089 0.008239356554889431 0.018784090436751111 -0.0058235708643020927 -0.0077666254254201289 0.0005407505671672048 -0.018862629146315157 -0.016020735876677052 -0.012693328623556429 -0.0085307787048319976 -0.01217983428896828 0.010438125996889007 -0.019778080759165081 0.039765287756919863 0.012399335414171221 0.030414395958949358 0.012489537582344685 -0.024753276879137212 0.014377742683565295 0.0020523430757662829 -0.00059281384944915769 -0.030827222156524656 -0.02351805068588662 -0.021449809124523943 -0.0076559861117878603 0.0034447188335268394
leaf_weight=210 128 64 22 69 74 252 168 69 65 47 20 176 36 24 55 169 23 80 20 39 48 55 37 51 30 75 103 55 138 46
leaf_count=210 128 64 22 69 74 252 168 69 65 47 20 176 36 24 55 169 23 80 20 39 48 55 37 51 30 75 103 55 138 46
internal_value=-1.72919e-11 0.0130878 -0.0168551 0.00850395 0.0270275 0.0116047 0.0100217 0.00521648 -0.00017369 -0.00446062 0.00215357 -0.0211425 -0.0192134 0.00602716 -0.0154075 0.0145987 -0.00615149 0.0338822 0.0303434 0.0243076 0.00657803 -0.0180999 0.0214316 -0.00344967 -0.0080903 -0.0236844 -0.0207145 -0.0268599 -0.00921457 -0.000661166
internal_weight=2448 1378 1070 1037 341 764 658 321 273 275 115 795 585 134 316 337 139 213 133 59 95 231 106 116 85 269 139 130 160 70
internal_count=2448 1378 1070 1037 341 764 658 321 273 275 115 795 585 134 316 337 139 213 133 59 95 231 106 116 85 269 139 130 160 70
is_linear=0
shrinkage=0.04


Tree=25
num_leaves=31
num_cat=0
split_feature=9 0 4 9 10 5 0 7 3 0 9 7 6 10 9 9 6 0 6 10 10 6 3 6 9 7 9 6 10 10
split_gain=311.051 50.7172 32.7513 16.3214 15.3886 10.1863 7.71932 6.22789 4.98066 6.15935 4.86643 7.62192 4.08283 3.78544 3.38194 3.27116 4.69382 3.16269 2.43183 1.95293 1.89806 1.86686 1.97662 1.7834 2.41104 1.77018 2.59642 2.20816 1.74588 1.74437
threshold=2.6377797126770024 10.500000000000002 6.0000000000000009 3.5577622652053837 4.5797462463378915 31.4339714050293 16.500000000000004 3.5331765413284306 1.0000000180025095e-35 18.500000000000004 1.3476702570915224 2.0138241052627568 1.8300815224647524 2.0102549791336064 3.1837949752807622 3.9487614631652836 3.8453373908996586 12.500000000000002 3.8950709104537968 3.2448806762695317 5.347323179244996 2.8249764442443852 1.0000000180025095e-35 4.0051825046539316 4.3790042400360116 1.1265900731086733 1.0249598622322085 1.4209519028663637 3.4732280969619755 3.8598505258560185
decision_type=2 2 2 2 2 2 2 2 2 2 2 2 2 2 2 2 2 2 2 2 2 2 2 2 2 2 2 2 2 2
left_child=2 4 10 5 29 21 14 18 -4 19 25 12 13 -12 -7 16 -9 -17 -5 -10 23 -3 -23 -6 -25 26 -1 -28 -8 -2
right_child=1 3 8 7 20 6 28 15 9 -11 11 -13 -14 -15 -16 17 -18 -19 -20 -21 -22 22 -24 24 -26 -27 27 -29 -30 -31
leaf_value=-0.026098171507908129 0.010394579055262547 0.002488166416013563 -0.0088459910837700596 0.028086748079820114 0.036129018244196155 -0.001342331646357788 0.0076994466248692739 0.012983916003882769 0.00051912059086038078 -0.018108124416321515 -0.01625148519359786 -0.022948682254013152 -0.020339217683443659 -0.0031183693384531932 0.0070507068703364994 0.010647999777870834 -0.0016792073100805284 0.021219649461822376 0.01629666441757428 0.011989956130661693 0.039949363672508384 -0.019272601781151026 -0.0053843518607523087 0.016459260142097872 0.031786414396304349 -0.0274915252943508 -0.015731644252894306 -0.028040947091990502 0.018105762601717489 0.019484978445619347
leaf_weight=118 51 37 160 55 61 134 36 80 47 20 58 195 65 89 180 122 62 72 57 48 53 20 91 24 52 122 119 29 91 100
leaf_count=118 51 37 160 55 61 134 36 80 47 20 58 195 65 89 180 122 62 72 57 48 53 20 91 24 52 122 119 29 91 100
internal_value=-2.02179e-11 0.0125643 -0.0161809 0.00816379 0.0259464 0.00378726 0.0068346 0.0139178 -0.0042822 0.00206743 -0.0202968 -0.0172412 -0.0119914 -0.00830014 0.00346896 0.0111949 0.00658171 0.0145715 0.0220864 0.00631491 0.0335216 -0.00529301 -0.00788674 0.0310349 0.0269463 -0.0235021 -0.0216723 -0.0181436 0.0151559 0.0164147
internal_weight=2448 1378 1070 1037 341 589 441 448 275 115 795 407 212 147 314 336 142 194 112 95 190 148 111 137 76 388 266 148 127 151
internal_count=2448 1378 1070 1037 341 589 441 448 275 115 795 407 212 147 314 336 142 194 112 95 190 148 111 137 76 388 266 148 127 151
is_linear=0
shrinkage=0.04


Tree=26
num_leaves=31
num_cat=0
split_feature=9 0 4 9 10 7 5 0 9 3 0 9 5 6 6 6 7 10 6 9 6 10 10 6 10 6 9 7 9 5
split_gain=286.665 46.741 30.1836 15.1474 14.2469 7.41444 6.63181 5.12639 4.92693 4.59017 5.67646 4.50937 8.13686 3.84923 2.57024 2.50727 2.51434 2.36627 2.1226 2.33622 2.04554 1.97013 1.89406 1.80494 1.79982 1.52874 1.40431 1.34368 1.73067 1.27947
threshold=2.6377797126770024 10.500000000000002 6.0000000000000009 3.4046241044998173 4.3684298992156991 3.316421747207642 30.668858528137211 16.500000000000004 3.6956409215927128 1.0000000180025095e-35 18.500000000000004 1.4203924536705019 23.269296646118168 3.1409964561462407 4.1731791496276864 1.9433000683784487 1.2811771631240847 5.2478926181793222 4.3116347789764413 4.2630057334899911 3.5123704671859746 4.7503421306610116 2.0461212396621709 2.7180006504058842 3.2448806762695317 3.3605015277862553 1.6970040798187258 0.98770177364349376 0.96108898520469677 27.819893836975101
decision_type=2 2 2 2 2 2 2 2 2 2 2 2 2 2 2 2 2 2 2 2 2 2 2 2 2 2 2 2 2 2
left_child=2 4 11 6 -2 20 23 21 13 26 24 22 15 -7 -10 16 -13 18 -6 -20 -5 -8 -1 -3 -11 -9 -4 28 -24 -25
right_child=1 3 9 5 17 8 7 25 14 10 -12 12 -14 -15 -16 -17 -18 -19 19 -21 -22 -23 27 29 -26 -27 -28 -29 -30 -31
leaf_value=-0.018605655500541132 0.014361558580276323 0.0032261320341300842 -0.017877684289758857 0.031960290441146268 0.032488943084671693 0.017206623165001128 -0.00069511294398795476 0.014467434572813275 0.016643312150481971 0.0004983557918743092 -0.017383799277245999 -0.0006635864913996371 -0.022634545682619016 0.00094119920158537761 0.0094168870594600051 -0.01876613951895548 -0.011742253612651668 0.036682687025517226 0.011202631410211326 0.028017581533163024 0.018846326024061673 0.0065849297221309399 -0.027621206423131432 -0.015805004271368186 0.011510357774483662 0.0034694860644566899 -0.0069959070717079052 -0.026530389829647325 -0.017492552101612092 -0.0053161196866813977
leaf_weight=150 128 24 22 26 74 29 165 91 157 47 20 49 168 118 158 46 99 80 20 39 71 93 41 30 48 26 138 163 79 49
leaf_count=150 128 24 22 26 74 29 165 91 157 47 20 49 168 118 158 46 99 80 20 39 71 93 41 30 48 26 138 163 79 49
internal_value=-8.50125e-12 0.0120617 -0.0155337 0.00783724 0.0249085 0.0123077 0.00260928 0.00507853 0.0101968 -0.00411091 0.00198473 -0.0194849 -0.0161902 0.00415002 0.0130186 -0.0106095 -0.00807432 0.0312466 0.0279768 0.0223176 0.0223614 0.00192909 -0.0222395 -0.00638071 0.00606231 0.0120234 -0.00849215 -0.0241655 -0.0209532 -0.00929924
internal_weight=2448 1378 1070 1037 341 559 478 375 462 275 115 795 362 147 315 194 148 213 133 59 97 258 433 103 95 117 160 283 120 79
internal_count=2448 1378 1070 1037 341 559 478 375 462 275 115 795 362 147 315 194 148 213 133 59 97 258 433 103 95 117 160 283 120 79
is_linear=0
shrinkage=0.04


Tree=27
num_leaves=31
num_cat=0
split_feature=9 0 4 9 10 7 9 6 7 9 7 3 0 9 6 6 7 6 10 10 6 9 10 9 7 6 9 10 9 10
split_gain=264.19 43.0765 27.8172 13.9966 13.13 6.15748 7.24688 5.68228 5.4851 4.25838 5.91385 4.2303 5.23142 3.63628 4.25966 3.52942 3.16364 2.71436 2.18075 2.09358 1.95619 2.17626 1.66479 1.63735 3.20465 1.59133 1.4946 1.33683 1.26745 1.06188
threshold=2.6377797126770024 10.500000000000002 6.0000000000000009 3.1617512702941899 4.3684298992156991 3.1274211406707768 3.6888254880905156 3.5329617261886601 3.0709873437881474 1.1684431433677676 1.6457789540290835 1.0000000180025095e-35 18.500000000000004 1.6129649281501772 1.6457789540290835 2.9116455316543584 4.2076203823089608 3.2441614866256718 5.2478926181793222 2.6138218641281132 4.3116347789764413 4.3790042400360116 3.2080112695693974 1.5624502301216128 2.5328249931335454 3.7396003007888798 3.0168911218643193 2.2031319141387944 2.8556475639343266 3.8114472627639775
decision_type=2 2 2 2 2 2 2 2 2 2 2 2 2 2 2 2 2 2 2 2 2 2 2 2 2 2 2 2 2 2
left_child=2 4 9 8 29 25 7 -7 15 -1 13 27 22 14 -11 -3 -8 26 20 -15 -6 -22 -13 -12 -25 -5 -10 -4 -17 -2
right_child=1 3 11 5 18 6 16 -9 17 10 23 12 -14 19 -16 28 -18 -19 -20 -21 21 -23 -24 24 -26 -27 -28 -29 -30 -31
leaf_value=-0.023027962470948699 0.0088391335374779171 0.012313538589878589 -0.013997415350543128 0.022837503595628601 0.0311893853947923 0.0082173224509087036 0.017182070927379969 -0.0031832604251747715 -0.0073500696317507679 -0.011906610367896817 -0.026015189241666299 -0.00025709175484868267 -0.016688447289168837 -0.0092918745428323749 -0.024469885702790885 -0.0081345053700109336 0.0094020132542857546 -0.018370356043881698 0.035215380266308785 0.0064937743172049523 0.01277003378284952 0.028243875738346216 0.010433775186538697 -0.012508754970298873 -0.023403280684034581 0.012555753733660724 0.0017975869511856753 -0.0058653109138426572 0.0032048718683907519 0.016469726509986869
leaf_weight=250 45 64 45 69 74 218 154 103 65 169 77 41 20 41 58 24 183 23 80 20 26 33 54 72 108 37 51 115 46 83
leaf_count=250 45 64 45 69 74 218 154 103 65 169 77 41 20 41 58 24 183 23 80 20 26 33 54 72 108 37 51 115 46 83
internal_value=4.15248e-11 0.0115792 -0.0149123 0.00752375 0.0239122 0.0103016 0.00886035 0.00455919 -0.000250305 -0.0187055 -0.0167228 -0.00394647 0.00190534 -0.0127867 -0.0151166 0.00552435 0.0129573 -0.00581724 0.0299968 -0.00411625 0.0268578 0.0214249 0.00581982 -0.0211337 -0.0190455 0.0192486 -0.00332826 -0.00815247 -0.000682915 0.0137871
internal_weight=2448 1378 1070 1037 341 764 658 321 273 795 545 275 115 288 227 134 337 139 213 61 133 59 95 257 180 106 116 160 70 128
internal_count=2448 1378 1070 1037 341 764 658 321 273 795 545 275 115 288 227 134 337 139 213 61 133 59 95 257 180 106 116 160 70 128
is_linear=0
shrinkage=0.04


Tree=28
num_leaves=31
num_cat=0
split_feature=9 0 4 9 10 7 7 9 9 10 3 7 9 9 6 9 6 6 9 0 7 10 10 6 9 7 10 10 6 9
split_gain=243.487 39.9147 24.7141 13.6088 12.3889 6.67675 5.67994 5.37094 3.93529 4.75322 3.80086 4.51977 3.36941 3.26235 3.23053 4.56718 2.90566 2.82138 2.39792 2.07948 1.60434 1.59308 1.59179 1.40904 1.57176 1.40109 1.39146 1.28684 1.25968 2.65422
threshold=2.6142768859863286 10.500000000000002 6.0000000000000009 3.3615883588790898 4.7072882652282724 3.797432661056519 3.4061708450317387 4.0210602283477792 1.1006224751472475 3.0838644504547124 1.0000000180025095e-35 2.1980415582656865 3.0054669380187993 1.6219426989555361 2.7062610387802128 3.0760788917541508 3.165413618087769 3.2893167734146123 3.6201397180557255 11.500000000000002 1.438445031642914 5.4585726261138925 3.8598505258560185 1.4209519028663637 2.105060458183289 1.4567362666130068 2.5279818773269658 3.3649431467056279 4.733356475830079 4.4888713359832773
decision_type=2 2 2 2 2 2 2 2 2 2 2 2 2 2 2 2 2 2 2 2 2 2 2 2 2 2 2 2 2 2
left_child=2 4 8 6 22 17 14 16 -1 13 -4 27 -8 20 -3 -16 -7 -5 -19 -9 -10 28 -2 25 -25 -11 -15 -12 -6 -30
right_child=1 3 10 5 21 7 12 19 9 23 11 -13 -14 26 15 -17 -18 18 -20 -21 -22 -23 -24 24 -26 -27 -28 -29 29 -31
leaf_value=-0.022991620435526498 0.0089476576914905379 0.013031886179177535 -0.0078983045636843406 0.027541982432206475 0.031905672361579124 0.012909035004409297 -0.014392593719246911 0.0073853345494717358 -0.01389434423746589 -0.011389359593214023 0.00204793776402606 -0.0093499388055581795 -0.0007564502021278998 -0.010163814349607987 -0.0030786773496496995 0.0077145738361720393 2.3463165653603416e-05 0.010141273033239435 0.018393399557724847 0.016711307806423405 -0.022127193009599727 0.038831707018393058 0.017464888691543962 -0.026987818361897217 -0.018062546001402315 -0.020033701385060946 0.00054552523046731954 0.012759621488420587 0.0133150267066515 0.029413042303599549
leaf_weight=190 53 63 156 30 79 35 41 66 195 42 34 38 99 55 113 141 140 107 119 91 47 27 104 76 54 105 30 38 23 57
leaf_count=190 53 63 156 30 79 35 41 66 195 42 34 38 99 55 113 141 140 107 119 91 47 27 104 76 54 105 30 38 23 57
internal_value=-1.3277e-11 0.0110243 -0.0144356 0.00713813 0.022864 0.0111623 0.00196037 0.00741946 -0.0179707 -0.0163913 -0.00388322 0.00181089 -0.00474989 -0.0131254 0.00492389 0.00291285 0.00260058 0.0160164 0.0144864 0.0127908 -0.0154933 0.0298484 0.0145896 -0.0202467 -0.0232804 -0.0175639 -0.00638405 0.00770133 0.0283229 0.0247849
internal_weight=2448 1388 1060 1045 343 588 457 332 794 604 266 110 140 327 317 254 175 256 226 157 242 186 157 277 130 147 85 72 159 80
internal_count=2448 1388 1060 1045 343 588 457 332 794 604 266 110 140 327 317 254 175 256 226 157 242 186 157 277 130 147 85 72 159 80
is_linear=0
shrinkage=0.04


Tree=29
num_leaves=31
num_cat=0
split_feature=9 0 4 9 10 5 0 7 9 7 6 3 0 9 9 6 10 9 6 10 6 9 7 9 6 6 9 7 7 9
split_gain=224.426 36.5838 23.6063 12.2842 11.2329 7.87155 6.1085 5.07808 3.81574 6.7442 4.02003 3.59953 4.58907 2.94185 2.68794 4.1636 2.82717 2.55208 2.09832 1.86165 1.70217 1.91109 1.68092 2.1434 1.98998 1.66633 1.61422 1.93765 1.53752 1.42933
threshold=2.6377797126770024 10.500000000000002 6.0000000000000009 3.5577622652053837 4.3684298992156991 31.4339714050293 16.500000000000004 3.5331765413284306 1.4203924536705019 2.2196817398071294 1.9433000683784487 1.0000000180025095e-35 18.500000000000004 1.7316049337387087 3.9487614631652836 3.8453373908996586 5.2018957138061532 3.1837949752807622 3.8950709104537968 5.2478926181793222 4.3116347789764413 4.2630057334899911 1.2549898624420168 1.0159738659858706 1.1823763847351076 3.3338320255279545 1.9235156774520876 2.7306599617004399 3.2773295640945439 2.7901194095611577
decision_type=2 2 2 2 2 2 2 2 2 2 2 2 2 2 2 2 2 2 2 2 2 2 2 2 2 2 2 2 2 2
left_child=2 4 8 5 -2 25 17 18 22 10 13 -4 -13 -10 15 -9 -16 -7 -5 20 -6 -22 23 -1 -25 29 -11 -28 -27 -3
right_child=1 3 11 7 19 6 -8 14 9 26 -12 12 -14 -15 16 -17 -18 -19 -20 -21 21 -23 -24 24 -26 28 27 -29 -30 -31
leaf_value=-0.022899152325547258 0.012672760313798791 -0.0097441930977982434 -0.0075222884321701714 0.024876666719263252 0.02880608735052315 -0.0013565944956351462 0.013219249946336577 0.011316107027931139 -0.0081439192060349611 -0.024215008145834827 -0.018605017594706556 0.0054216949815224661 -0.015659454673528674 0.0074938492153001869 0.017509414467841704 -0.0024940282163480598 0.0078472796337795449 0.0059343376351106503 0.013924848555276792 0.032487460269592698 0.009644725890364499 0.024852961078286172 -0.024505374824747128 -0.012764776803674252 -0.020341732262629128 4.8857525922358042e-05 -0.0063625311916289118 -0.019818581769715495 -0.013073743566125631 0.002463315923028348
leaf_weight=115 128 21 160 55 74 134 127 80 118 79 52 95 20 23 94 62 100 180 57 80 20 39 94 123 101 20 23 67 50 57
leaf_count=115 128 21 160 55 74 134 127 80 118 79 52 95 20 23 94 62 100 180 57 80 20 39 94 123 101 20 23 67 50 57
internal_value=-2.33639e-12 0.0106723 -0.0137443 0.00693493 0.0220379 0.00313805 0.00581687 0.0119268 -0.0172387 -0.0142079 -0.00909889 -0.00364252 0.00175541 -0.00559308 0.00946807 0.00528633 0.0125289 0.00282292 0.019303 0.0276658 0.0247655 0.0196976 -0.0197725 -0.0184601 -0.0161812 -0.00484412 -0.0200424 -0.0163798 -0.00932443 -0.000823321
internal_weight=2448 1378 1070 1037 341 589 441 448 795 362 193 275 115 141 336 142 194 314 112 213 133 59 433 339 224 148 169 90 70 78
internal_count=2448 1378 1070 1037 341 589 441 448 795 362 193 275 115 141 336 142 194 314 112 213 133 59 433 339 224 148 169 90 70 78
is_linear=0
shrinkage=0.04


Tree=30
num_leaves=31
num_cat=0
split_feature=9 0 4 9 10 7 7 9 9 7 3 7 9 6 9 6 10 6 9 9 6 9 0 10 7 9 6 10 10 0
split_gain=206.837 33.9081 20.9862 11.7388 10.5703 5.87919 5.04018 4.65134 3.52532 5.58182 3.22877 3.99055 2.99181 2.96413 4.04478 2.7918 2.76436 2.67831 3.21205 2.88982 2.57227 2.40249 1.85746 1.7265 1.55724 1.33032 3.01735 1.28947 1.2303 1.78788
threshold=2.6142768859863286 10.500000000000002 6.0000000000000009 3.3615883588790898 4.3684298992156991 3.797432661056519 3.4061708450317387 4.0210602283477792 1.2125310897827151 1.8300815224647524 1.0000000180025095e-35 2.4695937633514409 3.0054669380187993 2.7062610387802128 3.0486778020858769 1.8300815224647524 1.9583927989006045 4.256803274154664 3.9100910425186162 3.6201397180557255 3.165413618087769 1.6129649281501772 11.500000000000002 5.2785594463348398 3.6893774271011357 1.7403523921966555 1.8043903112411501 3.2448806762695317 3.2448806762695317 14.500000000000002
decision_type=2 2 2 2 2 2 2 2 2 2 2 2 2 2 2 2 2 2 2 2 2 2 2 2 2 2 2 2 2 2
left_child=2 4 8 6 -2 17 13 20 -1 15 28 27 -8 -3 -15 16 -10 19 -19 -5 -7 -17 -9 24 -6 -11 -27 -12 -4 -30
right_child=1 3 10 5 23 7 12 22 9 25 11 -13 -14 14 -16 21 -18 18 -20 -21 -22 -23 -24 -25 -26 26 -28 -29 29 -31
leaf_value=-0.02007620028252232 0.012085115480308349 0.012328192883185925 -0.0095786141235042702 0.013228075649714519 0.027146824864321389 0.012018809350473541 -0.013637355241651944 0.0066940482926667868 -0.013745018218348667 -0.022356722076733906 0.00042636948802349413 -0.013150291091398052 -0.0007880042572364662 -0.0034267082724433679 0.0068383669126584811 -0.023286996899649155 -0.0041325601407367256 -0.00061664270894492374 0.018060087057260366 0.023173074822921257 -0.00010500128740178686 -0.0078843984623941082 0.015508115291595459 0.031933654293869483 0.01849762029105834 -0.0080481481228185745 -0.020714745912058602 0.010181992892985759 0.0060975560934647269 -0.0096742287342963008
leaf_weight=290 130 63 110 119 96 35 41 66 82 105 41 23 99 104 150 43 115 34 26 77 140 26 91 66 51 46 87 46 23 23
leaf_count=290 130 63 110 119 96 35 41 66 82 105 41 23 99 104 150 43 115 34 26 77 140 26 91 66 51 46 87 46 23 23
internal_value=-3.33707e-11 0.0101608 -0.0133048 0.00657893 0.0210734 0.0103164 0.00177004 0.00680423 -0.0165625 -0.0145407 -0.00358088 0.00166724 -0.00455103 0.00456168 0.00263534 -0.0105589 -0.00813368 0.0148713 0.00747661 0.017135 0.00231976 -0.0174831 0.0118028 0.0265591 0.0241461 -0.018991 -0.0163338 0.00558452 -0.00728148 -0.00178834
internal_weight=2448 1388 1060 1045 343 588 457 332 794 504 266 110 140 317 254 266 197 256 60 196 175 69 157 213 147 238 133 87 156 46
internal_count=2448 1388 1060 1045 343 588 457 332 794 504 266 110 140 317 254 266 197 256 60 196 175 69 157 213 147 238 133 87 156 46
is_linear=0
shrinkage=0.04


Tree=31
num_leaves=31
num_cat=0
split_feature=9 0 4 9 10 5 0 7 6 9 7 9 6 3 0 10 9 9 6 6 7 9 6 7 10 10 9 10 6 10
split_gain=190.653 31.0738 20.0297 10.5994 9.62731 6.91453 5.503 4.44099 4.72915 3.3792 5.26984 3.14603 3.11272 3.06295 3.98896 3.006 2.19293 1.95536 2.0808 1.5428 1.535 1.94802 1.51597 1.37363 1.34517 1.34062 1.3385 1.33846 1.30754 1.29837
threshold=2.6377797126770024 10.500000000000002 6.0000000000000009 3.5577622652053837 4.7072882652282724 31.4339714050293 16.500000000000004 3.9787019491195683 4.0697689056396493 1.3476702570915224 2.0138241052627568 3.8774524927139287 1.7780479788780215 1.0000000180025095e-35 18.500000000000004 2.3726750612258916 3.1837949752807622 4.0210602283477792 4.1237022876739511 3.3338320255279545 1.1265900731086733 0.93502363562583934 4.1731791496276864 3.2773295640945439 5.4585726261138925 3.4732280969619755 1.6129649281501772 3.8114472627639775 1.373118579387665 3.2080112695693974
decision_type=2 2 2 2 2 2 2 2 2 2 2 2 2 2 2 2 2 2 2 2 2 2 2 2 2 2 2 2 2 2
left_child=2 4 9 5 27 19 16 8 -5 20 12 -10 15 -4 29 -11 -7 18 -9 -3 21 -1 -19 -21 -6 -8 -14 -2 -23 -15
right_child=1 3 13 7 24 6 25 17 11 10 -12 -13 26 14 -16 -17 -18 22 -20 23 -22 28 -24 -25 -26 -27 -28 -29 -30 -31
leaf_value=-0.02405741730514838 0.0071373469556371373 -0.0007471146506185715 -0.0069418090716935697 0.022548047081492415 0.025044993741976673 -0.0013400610416794002 0.0058678139539228551 0.0067305111330370985 0.001949125158497029 -0.010468849193836963 -0.018086343457122359 0.016152833423444205 -0.021133901734609863 -0.00033198159546861085 -0.014619840681552887 0.0013114659885986378 0.0054184148248492018 0.015851664818954052 -0.0059143414776082395 -6.7419009748846288e-05 -0.022272717654705048 -0.013888875803798233 0.0074202022841748077 -0.012470886807143689 0.034701594599971068 0.014986728254582856 -0.0099622467657900417 0.015326240998777477 -0.022430721065577339 0.009109332464911319
leaf_weight=49 45 78 160 87 159 134 36 91 45 84 195 56 37 41 20 59 180 57 27 20 122 183 85 50 27 91 32 110 34 54
leaf_count=49 45 78 160 87 159 134 36 91 45 84 195 56 37 41 20 59 180 57 27 20 122 183 85 50 27 91 32 110 34 54
internal_value=-2.37835e-11 0.00983656 -0.012668 0.00639211 0.0203113 0.00286522 0.00537592 0.011029 0.0157125 -0.0158868 -0.0133405 0.00982445 -0.00897525 -0.00336289 0.00161649 -0.00560844 0.00253422 0.00764251 0.0038372 -0.004616 -0.0185577 -0.0168538 0.0108047 -0.00892704 0.0264468 0.0124018 -0.0159528 0.0129488 -0.0152272 0.00503466
internal_weight=2448 1378 1070 1037 341 589 441 448 188 795 407 101 212 275 115 143 314 260 118 148 388 266 142 70 186 127 69 155 217 95
internal_count=2448 1378 1070 1037 341 589 441 448 188 795 407 101 212 275 115 143 314 260 118 148 388 266 142 70 186 127 69 155 217 95
is_linear=0
shrinkage=0.04


Tree=32
num_leaves=31
num_cat=0
split_feature=4 9 0 10 0 9 6 7 10 6 9 7 6 9 7 10 0 10 9 8 7 9 6 6 7 6 7 7 9 9
split_gain=175.772 34.0948 14.8299 8.60221 9.84934 4.58761 4.74077 4.55201 4.33594 3.72112 3.31967 5.41636 3.27606 2.52671 2.29363 2.27238 2.12765 1.96613 1.85252 1.77978 1.59174 1.92328 1.96114 1.49565 1.46864 1.39712 1.23092 1.16519 1.16226 1.09335
threshold=6.0000000000000009 3.4733109474182133 10.500000000000002 3.0029320716857915 8.5000000000000018 2.8024408817291264 3.7231843471527104 3.9787019491195683 5.0711979866027841 3.6356586217880253 1.4444525241851809 2.2196817398071294 1.5886499881744387 4.0210602283477792 2.8422288894653325 4.0068614482879648 14.500000000000002 2.1406146287918095 1.9235156774520876 1.7716762423515322 1.2549898624420168 1.1006224751472475 1.438445031642914 4.1237022876739511 2.7306599617004399 4.1731791496276864 0.98770177364349376 3.9094716310501103 1.6970040798187258 1.5778598189353945
decision_type=2 2 2 2 2 2 2 2 2 2 2 2 2 2 2 2 2 2 2 2 2 2 2 2 2 2 2 2 2 2
left_child=10 3 8 28 15 14 -7 9 27 -4 20 12 17 23 -6 -5 -11 -12 -13 -14 21 -1 26 -9 -20 -15 -23 -3 -2 -19
right_child=1 2 7 4 5 6 -8 13 -10 16 11 18 19 25 -16 -17 -18 29 24 -21 -22 22 -24 -25 -26 -27 -28 -29 -30 -31
leaf_value=-0.019211873686684006 -0.015354610600254753 0.018431656278714716 0.022359520011223284 0.010399640317328951 -0.0012988666076880861 0.0050758982611394179 -0.0082003770611481751 0.0048287004162557426 0.02704040595479594 0.0031446408044274259 -0.010466858288273215 -0.021789972253992589 -0.017894875453967674 0.015217598152526639 -0.012440162872577584 0.021859053550539791 0.013757467549334726 -0.0038893478810787204 -0.004776275106098341 -0.0062786168470564821 -0.022027573868171457 -0.0056843424448743468 -0.020539597096768291 -0.0056777677160722243 -0.01612830935300074 0.0071233942269840669 -0.01376798442668385 0.008424600727545719 -0.0053126825025231628 0.0065874529816210272
leaf_weight=173 22 83 65 110 106 416 48 110 131 41 32 79 51 57 41 37 115 30 23 36 97 48 44 27 88 85 81 24 114 34
leaf_count=173 22 83 65 110 106 416 48 110 131 41 32 79 51 57 41 37 115 30 23 36 97 48 44 27 88 85 81 24 114 34
internal_value=3.04779e-11 0.00757904 0.0139424 0.00232609 0.00398809 0.0017516 0.00370249 0.0100303 0.022161 0.0143186 -0.0151581 -0.0123777 -0.0074662 0.00663351 -0.0044063 0.013284 0.0109682 -0.00237132 -0.0171082 -0.0130881 -0.0174992 -0.0162296 -0.0132474 0.00275808 -0.0137761 0.0103725 -0.0107601 0.0161871 -0.00693711 0.00167645
internal_weight=2448 1632 738 894 758 611 464 500 238 221 816 373 183 279 147 147 156 96 190 87 443 346 173 137 111 142 129 107 136 64
internal_count=2448 1632 738 894 758 611 464 500 238 221 816 373 183 279 147 147 156 96 190 87 443 346 173 137 111 142 129 107 136 64
is_linear=0
shrinkage=0.04


Tree=33
num_leaves=31
num_cat=0
split_feature=9 0 4 9 10 7 7 9 6 6 9 7 10 7 6 9 6 10 10 6 9 7 6 9 9 7 9 6 9 10
split_gain=162.307 26.3338 16.9113 9.19417 8.32701 5.27767 4.55038 4.30057 4.46633 3.69206 2.92994 4.24159 2.69382 5.91512 2.65721 2.49098 3.47329 1.89604 1.7614 1.81169 1.58329 2.65883 1.5366 1.64679 1.52937 1.52343 1.3708 1.25615 1.0714 1.00506
threshold=2.6377797126770024 10.500000000000002 6.0000000000000009 3.226134300231934 4.2365901470184335 3.3488354682922368 3.1655212640762334 3.6888254880905156 3.7396003007888798 2.9766131639480595 1.1684431433677676 1.5225923061370852 2.6932039260864262 2.1795425415039067 4.1731791496276864 1.6129649281501772 1.0880553722381594 3.2448806762695317 5.0711979866027841 4.3116347789764413 1.5486373305320742 2.5328249931335454 3.6114056110382085 3.5577622652053837 3.0054669380187993 2.8422288894653325 3.0486778020858769 2.8400182723999028 2.4075814485549931 2.5639011859893803
decision_type=2 2 2 2 2 2 2 2 2 2 2 2 2 2 2 2 2 2 2 2 2 2 2 2 2 2 2 2 2 2
left_child=2 4 10 5 -2 9 22 8 -8 -3 -1 15 -4 17 -9 16 -12 -14 19 -6 -13 -22 -5 -24 27 28 -11 -7 -15 -17
right_child=1 3 12 6 18 24 7 14 -10 26 11 20 13 25 -16 29 -18 -19 -20 -21 21 -23 23 -25 -26 -27 -28 -29 -30 -31
leaf_value=-0.018231372951157392 0.009721061906500442 0.0092243354436044294 -0.0090571970457539851 0.021566260618468128 0.022697936883613243 -0.0066847138948893797 0.0062705977314582743 0.013781820653218353 -0.0060099916911548791 -0.0051386840688828076 -0.0012483017567799172 -0.021269243308637716 0.00071111378259956835 -0.011979785608532635 0.0066462313504555004 -0.005979080872249699 -0.013827646083637386 0.012424057970444363 0.026077216383859968 0.011003023881104686 -0.0093947466999419367 -0.018741999174886888 0.0039360006588200734 0.018100846746358378 -0.0026044615981136933 -0.017001883767545224 0.0032413863523106557 -0.019910867305472493 -0.0017774486810707584 0.0055221912525594231
leaf_weight=250 111 109 85 48 67 27 201 167 62 61 44 79 41 23 167 31 174 48 132 31 88 109 24 29 58 20 64 20 58 20
leaf_count=250 111 109 85 48 67 27 201 167 62 61 44 79 41 23 167 31 174 48 132 31 88 109 24 29 58 20 64 20 58 20
internal_value=5.20112e-12 0.0090759 -0.0116884 0.00590502 0.0187187 0.000500526 0.00852983 0.00720143 0.00337555 0.00384377 -0.014646 -0.0130013 -0.00313824 -0.000490286 0.010214 -0.00942693 -0.0112887 0.00702821 0.0230611 0.0189985 -0.0164851 -0.0145666 0.0163819 0.0116866 -0.00695013 -0.00711549 -0.000848088 -0.0123129 -0.00467441 -0.00146878
internal_weight=2448 1378 1070 1037 341 339 698 597 263 234 795 545 275 190 334 269 218 89 230 98 276 197 101 53 105 101 125 47 81 51
internal_count=2448 1378 1070 1037 341 339 698 597 263 234 795 545 275 190 334 269 218 89 230 98 276 197 101 53 105 101 125 47 81 51
is_linear=0
shrinkage=0.04


Tree=34
num_leaves=31
num_cat=0
split_feature=9 0 4 9 10 7 7 9 6 6 9 9 5 10 7 7 6 9 7 8 10 7 7 9 6 6 10 10 6 6
split_gain=149.582 24.2692 15.5855 8.54168 7.73668 6.03651 3.61829 3.36723 4.0789 3.67661 3.13392 2.75658 4.43877 2.48262 5.45138 1.95842 1.79106 2.44873 1.8766 1.75945 1.74739 1.40399 1.3684 1.85088 1.29246 1.24706 1.19962 1.17613 1.15998 1.145
threshold=2.6377797126770024 10.500000000000002 6.0000000000000009 3.5931651592254643 4.7072882652282724 3.3956112861633305 3.5331765413284306 3.1617512702941899 3.797432661056519 2.7180006504058842 3.0054669380187993 1.3476702570915224 24.012451171875004 2.6932039260864262 2.1795425415039067 3.8170728683471684 4.1731791496276864 3.8774524927139287 4.3116347789764413 1.4933524131774905 3.2448806762695317 2.8422288894653325 1.0325130820274355 0.93502363562583934 1.1265900731086733 3.8950709104537968 2.7841308116912846 5.4585726261138925 2.8125952482223515 1.1028512120246889
decision_type=2 2 2 2 2 2 2 2 2 2 2 2 2 2 2 2 2 2 2 2 2 2 2 2 2 2 2 2 2 2
left_child=2 4 11 5 -2 7 25 9 -9 -3 28 22 19 -4 20 -12 18 -18 -8 24 -15 -16 23 -1 -13 -5 -21 -6 -7 -25
right_child=1 3 13 6 27 10 16 8 -10 -11 15 12 -14 14 21 -17 17 -19 -20 26 -22 -23 -24 29 -26 -27 -28 -29 -30 -31
leaf_value=-0.02135997290196626 0.011369874976695544 0.010789389567578148 -0.0086949091632576546 0.022167188965138935 0.022159330701959207 -0.0057470712491444181 0.016058955920093203 0.012438323849701132 -0.0041839530006317158 -0.001150490426787312 0.0035967865683847952 -0.0050260907970368866 -0.017170980603581198 0.00068266924561523811 -0.0044874322321840831 -0.0043078346136220108 -0.0059967979954348672 0.0073059469034395565 0.007513416912093257 -0.0069274812072582619 0.011927095670253039 -0.016321808300912378 -0.019039353441093223 -0.00921749747687888 -0.014358846188887307 0.012859644051276001 0.0037149383537471293 0.031188825854548703 -0.019207312922924758 -0.015951078634809802
leaf_weight=46 155 58 85 42 159 21 68 151 28 143 105 32 152 41 81 96 27 123 104 111 48 20 179 89 92 51 20 27 20 74
leaf_count=46 155 58 85 42 159 21 68 151 28 143 105 32 152 41 81 96 27 123 104 111 48 20 179 89 92 51 20 27 20 74
internal_value=-1.21447e-11 0.00871286 -0.0112209 0.00566882 0.01797 0.0027035 0.0101132 0.00584816 0.00983819 0.00229485 -0.0022344 -0.0140602 -0.0117604 -0.00301271 -0.000470674 -0.000178555 0.00810597 0.00491145 0.0108919 -0.0085353 0.00674708 -0.00683087 -0.0164725 -0.0142741 -0.0119504 0.0170631 -0.00530268 0.0234701 -0.012313 -0.0122745
internal_weight=2448 1378 1070 1037 341 622 415 380 179 201 242 795 407 275 190 201 322 150 172 255 89 101 388 209 124 93 131 186 41 163
internal_count=2448 1378 1070 1037 341 622 415 380 179 201 242 795 407 275 190 201 322 150 172 255 89 101 388 209 124 93 131 186 41 163
is_linear=0
shrinkage=0.04


Tree=35
num_leaves=31
num_cat=0
split_feature=9 0 4 9 10 7 7 9 9 7 9 6 6 6 6 10 7 10 9 6 10 9 9 9 7 10 9 6 9 7
split_gain=137.855 22.3665 14.3636 7.9697 7.21224 4.51717 3.91083 3.49357 2.60923 3.35866 2.77531 2.72652 2.55656 2.48883 2.34015 2.30443 4.26032 2.32635 2.09987 2.03827 1.70262 1.68488 1.63132 1.56411 2.35335 1.49857 1.37186 1.35129 1.73369 1.33016
threshold=2.6377797126770024 10.500000000000002 6.0000000000000009 3.3615883588790898 4.2365901470184335 3.797432661056519 3.4061708450317387 4.0210602283477792 1.1111089587211611 1.5225923061370852 1.4444525241851809 1.373118579387665 3.12441098690033 3.2893167734146123 2.9339209794998173 2.4659183025360112 2.1795425415039067 3.2448806762695317 3.0054669380187993 1.438445031642914 5.2018957138061532 3.7223321199417119 3.0760788917541508 1.5486373305320742 2.5328249931335454 5.2478926181793222 3.1439089775085454 4.2938408851623544 4.2630057334899911 2.8422288894653325
decision_type=2 2 2 2 2 2 2 2 2 2 2 2 2 2 2 2 2 2 2 2 2 2 2 2 2 2 2 2 2 2
left_child=2 4 8 6 -2 13 12 14 -1 10 19 -12 26 -5 -7 -4 17 -17 -8 -10 -9 -15 -14 -11 -25 27 -3 -6 -29 -18
right_child=1 3 15 5 25 7 18 20 9 23 11 -13 22 21 -16 16 29 -19 -20 -21 -22 -23 -24 24 -26 -27 -28 28 -30 -31
leaf_value=-0.017450291152298451 0.0088774241698352067 0.0051345321805927706 -0.0094081348059416731 0.023323990960915881 0.022077573658375257 0.014418195752426982 -0.011880405071191489 0.014651000568304548 -0.0098686606402756012 -0.019962591333202568 0.0066779788142001181 -0.0077964844801309673 -0.0057778423790838208 0.0082523614932399451 -0.00012031456470609673 -0.00070623100014790055 -0.0042410263134462925 0.011450011950607101 -0.0010207382593341548 -0.01921799020767212 0.006212298487220983 0.015307540891899004 0.0031946509236239653 -0.0085505581050264578 -0.017344464865649854 0.02571357963234186 0.013400692080342494 0.0053701918394389479 0.019413416251922264 -0.015668935850262643
leaf_weight=200 111 127 66 30 89 20 40 66 147 83 27 91 51 136 155 53 88 48 99 50 91 90 89 88 109 80 43 22 39 20
leaf_count=200 111 127 66 30 89 20 40 66 147 83 27 91 51 136 155 53 88 48 99 50 91 90 89 88 109 80 43 22 39 20
internal_value=-2.3888e-11 0.00836435 -0.010772 0.00544206 0.0172512 0.00850633 0.00142918 0.00542771 -0.0134978 -0.0121692 -0.00933577 -0.00448453 0.00392893 0.0124989 0.00154123 -0.0028922 -0.000834539 0.00507099 -0.00414582 -0.0122416 0.00975978 0.0110619 -7.39002e-05 -0.0153568 -0.0134162 0.0212924 0.00722538 0.0189345 0.0143486 -0.00635731
internal_weight=2448 1378 1070 1037 341 588 449 332 795 595 315 118 310 256 175 275 209 101 139 197 157 226 140 280 197 230 170 150 61 108
internal_count=2448 1378 1070 1037 341 588 449 332 795 595 315 118 310 256 175 275 209 101 139 197 157 226 140 280 197 230 170 150 61 108
is_linear=0
shrinkage=0.04


Tree=36
num_leaves=31
num_cat=0
split_feature=9 0 9 4 10 7 7 9 6 6 10 9 6 9 9 10 6 0 6 10 6 10 5 6 10 6 6 9 9 10
split_gain=127.067 21.3594 10.3368 8.38445 8.3019 4.18412 4.08852 3.90772 4.88165 2.85837 2.53432 3.52909 2.45124 1.9797 1.93206 1.70948 2.77511 1.5429 1.52404 1.43303 1.55698 1.39279 1.44438 1.32789 1.75617 0.91161 0.889268 1.60839 0.967094 0.811404
threshold=2.5090514421463017 10.500000000000002 3.1617512702941899 6.0000000000000009 4.2088420391082773 3.097609400749207 3.02364194393158 3.6888254880905156 3.6229996681213383 2.6268930435180669 3.0838644504547124 1.5078558325767519 4.1731791496276864 2.8024408817291264 2.8024408817291264 2.2031319141387944 2.2699999809265141 2.5000000000000004 3.1750702857971196 5.0711979866027841 4.3116347789764413 3.2080112695693974 24.552409172058109 2.165951251983643 2.3726750612258916 2.5918210744857793 1.3096864819526675 1.7403523921966555 2.105060458183289 3.4078280925750737
decision_type=2 2 2 2 2 2 2 2 2 2 2 2 2 2 2 2 2 2 2 2 2 2 2 2 2 2 2 2 2 2
left_child=3 4 5 10 29 9 -4 8 -8 -3 11 17 -9 -11 25 -5 21 -1 -16 20 -6 -17 -23 24 -13 -7 27 -12 -28 -2
right_child=1 2 6 15 19 14 7 12 -10 13 26 23 -14 -15 18 16 -18 -19 -20 -21 -22 22 -24 -25 -26 -27 28 -29 -30 -31
leaf_value=-0.016771774226149849 0.00054094381257891659 0.01064037338602093 0.016368516532468125 -0.010682438141769833 0.020163687660413633 -0.0074939561756327744 0.0061987717475858522 0.012699685826556497 -0.0044185575561499907 -0.0055777470525091282 -0.015210436284743452 -0.0078126858616104494 0.0059267443865537641 0.0041423254169217529 -0.00096491299931179082 -0.0020162007241095936 -0.010884911859408023 -0.011026731874751911 -0.012777075759050521 0.023143062713189107 0.0093472566789076211 0.014929361402988435 7.6867863535881047e-05 -0.013055983516237428 0.0026072182904842288 -0.019426464041074117 -0.020618795241144568 -0.0035290660460789995 -0.01318079895544343 0.009259223918565828
leaf_weight=129 20 53 71 45 68 20 256 172 95 62 185 65 170 73 85 72 40 178 22 132 31 20 22 31 43 21 88 21 41 117
leaf_count=129 20 53 71 45 68 20 256 172 95 62 185 65 170 73 85 72 40 178 22 132 31 20 22 31 43 21 88 21 41 117
internal_value=-2.1484e-11 0.00744596 0.00465522 -0.0111537 0.0157878 -0.00119178 0.00722668 0.00629007 0.00332514 0.00276867 -0.0130214 -0.0110466 0.00933302 -0.000321708 -0.00622262 -0.00382409 -0.00182003 -0.0134408 -0.00339358 0.0204146 0.0167767 0.00136063 0.00714948 -0.00575863 -0.00366402 -0.0136057 -0.0156505 -0.0140196 -0.0182548 0.00798648
internal_weight=2448 1468 1100 980 368 336 764 693 351 188 781 446 342 135 148 199 154 307 107 231 99 114 42 139 108 41 335 206 129 137
internal_count=2448 1468 1100 980 368 336 764 693 351 188 781 446 342 135 148 199 154 307 107 231 99 114 42 139 108 41 335 206 129 137
is_linear=0
shrinkage=0.04


Tree=37
num_leaves=31
num_cat=0
split_feature=9 0 4 9 10 7 7 9 6 6 9 7 9 6 0 9 7 10 7 6 6 9 9 7 10 10 9 7 9 7
split_gain=117.23 18.9703 12.137 6.9062 6.21731 4.41521 3.7384 2.68868 3.19007 2.46062 2.30968 3.17234 2.27502 2.43681 2.23463 2.194 2.04654 3.17566 2.34999 1.9085 1.60156 1.40648 1.39011 2.11971 1.25971 1.20677 1.18441 0.908072 1.06124 0.809832
threshold=2.6377797126770024 10.500000000000002 6.0000000000000009 3.4046241044998173 4.3684298992156991 3.316421747207642 3.4628559350967412 3.7988417148590092 3.6229996681213383 3.4446620941162114 1.1233878135681155 1.5225923061370852 1.4444525241851809 1.373118579387665 12.500000000000002 3.1439089775085454 2.7563744783401494 2.6932039260864262 2.165951251983643 1.438445031642914 3.5006365776062016 3.0054669380187993 1.5486373305320742 2.5328249931335454 3.2448806762695317 5.4585726261138925 2.4075814485549931 3.6893774271011357 4.5478744506835946 3.8596783876419072
decision_type=2 2 2 2 2 2 2 2 2 2 2 2 2 2 2 2 2 2 2 2 2 2 2 2 2 2 2 2 2 2
left_child=2 4 10 6 -2 20 9 8 -7 15 -1 12 19 -14 -9 -3 17 -4 24 -12 -5 -8 -13 -24 -19 27 -20 -6 -29 -23
right_child=1 3 16 5 25 7 21 14 -10 -11 11 22 13 -15 -16 -17 -18 18 26 -21 -22 29 23 -25 -26 -27 -28 28 -30 -31
leaf_value=-0.016037676431593442 0.0089303187457244349 0.0025534397475972868 -0.0077602598465540832 0.024762837712963424 0.021260674807391213 0.007369002182375301 -0.011366559662190932 0.0054734569681930715 -0.0029145378171098095 -0.0035007212789944162 -0.0086614446425675486 -0.01856378421636231 0.0065766175812179296 -0.0071072549596019495 0.012809272077031138 0.0098030895819363091 -0.01274038229523034 0.001036270731012337 -0.011758426059037447 -0.017850881960927222 0.012851790286702653 0.0018418679965866937 -0.0077744575081901118 -0.016120432066397929 0.01069403561426604 0.027987007388362177 -0.00036343192681670189 0.0088240077376365664 0.018884476519682829 -0.0059803626826032998
leaf_weight=210 128 190 85 24 110 110 35 137 86 65 138 83 27 91 129 103 29 40 20 49 73 45 88 109 47 27 54 25 51 40
leaf_count=210 128 190 85 24 110 110 35 137 86 65 138 83 27 91 129 103 29 40 20 49 73 45 88 109 47 27 54 25 51 40
internal_value=-1.84878e-11 0.00771333 -0.00993361 0.00502204 0.0158977 0.00804059 0.00149198 0.00641169 0.00285684 0.00354001 -0.0124392 -0.0111474 -0.00832513 -0.0039762 0.00903105 0.00510195 -0.00269024 -0.00150547 0.00179675 -0.0110694 0.0157989 -0.004618 -0.0142217 -0.0123923 0.00625368 0.0200847 -0.00344316 0.0189375 0.0155751 -0.00183918
internal_weight=2448 1378 1070 1037 341 559 478 462 196 358 795 585 305 118 266 293 275 246 161 187 97 120 280 197 87 213 74 186 76 85
internal_count=2448 1378 1070 1037 341 559 478 462 196 358 795 585 305 118 266 293 275 246 161 187 97 120 280 197 87 213 74 186 76 85
is_linear=0
shrinkage=0.04


Tree=38
num_leaves=31
num_cat=0
split_feature=8 9 4 3 10 3 0 5 10 9 9 7 6 9 7 7 6 9 7 9 9 6 10 6 10 9 6 10 6 9
split_gain=108.167 16.4263 8.72524 8.66175 5.90123 4.93606 4.45049 3.28519 3.20958 2.14849 1.96476 2.94188 2.19834 2.20238 1.50759 1.48298 1.45071 1.47678 1.45085 2.74635 1.42126 1.48962 1.3425 1.15637 1.11478 1.082 0.975487 0.882969 0.879059 0.738899
threshold=2.4745758771896367 3.3967702388763432 6.0000000000000009 1.0000000180025095e-35 4.886399745941163 1.0000000180025095e-35 19.500000000000004 31.049523353576664 3.8114472627639775 2.3720655441284184 1.1443502902984621 1.5225923061370852 0.97470009326934826 1.6129649281501772 1.3096864819526675 3.9420912265777592 3.6229996681213383 4.6588540077209482 4.0697689056396493 4.0963866710662851 1.9814210534095766 2.2699999809265141 3.2448806762695317 1.8300815224647524 4.3643319606781015 3.1938500404357915 3.379044890403748 5.503930091857911 4.9252789020538339 3.5211654901504521
decision_type=2 2 2 2 2 2 2 2 2 2 2 2 2 2 2 2 2 2 2 2 2 2 2 2 2 2 2 2 2 2
left_child=2 5 10 16 7 9 8 15 22 -2 -1 12 -12 -14 -4 -5 18 -18 29 -20 23 -22 -7 -13 -9 -11 -27 28 -6 -3
right_child=1 3 14 4 27 6 -8 24 -10 25 11 20 13 -15 -16 -17 17 -19 19 -21 21 -23 -24 -25 -26 26 -28 -29 -30 -31
leaf_value=-0.015250039583022176 -0.0088649329960346218 0.00976115981116891 -0.012512382284427684 0.010735861234592669 0.022210645542129294 -0.00030194491782257782 -0.0042571405114483884 0.012073488079011442 0.013867394544266083 -0.001909966918574587 0.0035268646501004698 -0.014243222059274559 -0.010650693864375354 -0.00036896217241883281 -0.0018880654844718101 0.0034128195788944138 0.00081636143871583052 0.011503004267159849 0.0010314338336077828 0.016832334559100371 -0.0030770326639924734 -0.013258867942130388 0.0068446290449488889 -0.02268403818530421 0.019212200045585631 0.0064131719124270606 -0.0015496583328931594 0.028234313011169434 0.015993723312149877 0.019417349665115279
leaf_weight=224 50 32 24 99 77 58 61 70 91 157 25 160 200 40 195 80 120 25 66 24 35 67 153 31 70 64 40 20 69 21
leaf_count=224 50 32 24 99 77 58 61 70 91 157 25 160 200 40 195 80 120 25 66 24 35 67 153 31 70 64 40 20 69 21
internal_value=-3.07207e-12 0.00699334 -0.0101093 0.0109729 0.0142358 0.00242924 0.00559769 0.0110529 0.00758824 -0.00126899 -0.0120855 -0.0108152 -0.00776123 -0.00893707 -0.00305237 0.00746299 0.00547816 0.00265889 0.00833687 0.00524501 -0.0135773 -0.0097651 0.00488017 -0.0156132 0.0156428 0.000186176 0.00335054 0.0203522 0.0192725 0.0135872
internal_weight=2448 1447 1001 773 485 674 363 319 302 311 782 558 265 240 219 179 288 145 143 90 293 102 211 191 140 261 104 166 146 53
internal_count=2448 1447 1001 773 485 674 363 319 302 311 782 558 265 240 219 179 288 145 143 90 293 102 211 191 140 261 104 166 146 53
is_linear=0
shrinkage=0.04


Tree=39
num_leaves=31
num_cat=0
split_feature=9 4 0 10 9 7 7 6 6 7 10 7 9 9 10 9 6 9 6 6 6 10 10 6 10 0 9 7 10 9
split_gain=100.013 14.937 14.55 4.80784 4.46933 4.77636 2.93697 3.49822 2.69157 2.51811 3.35775 3.00576 2.51228 2.46194 2.03686 2.8693 1.74412 1.55385 2.10364 1.87836 1.28176 1.66125 1.27197 1.16494 1.02288 1.01146 0.98779 0.982729 0.89176 0.783346
threshold=2.7901194095611577 6.0000000000000009 10.500000000000002 4.3684298992156991 3.5931651592254643 3.8170728683471684 4.1929328441619882 4.0697689056396493 3.8453373908996586 2.893538355827332 2.7958455085754399 2.165951251983643 3.9487614631652836 3.1938500404357915 3.0838644504547124 1.4203924536705019 3.1409964561462407 4.2166042327880868 4.4353468418121347 4.1237022876739511 1.9433000683784487 2.3726750612258916 3.2448806762695317 2.9528898000717168 5.3988499641418466 2.5000000000000004 3.3156863451004033 3.6893774271011357 4.389479637145997 4.5478744506835946
decision_type=2 2 2 2 2 2 2 2 2 2 2 2 2 2 2 2 2 2 2 2 2 2 2 2 2 2 2 2 2 2
left_child=1 14 3 -2 5 8 7 28 13 10 -3 22 -9 -4 15 25 26 19 -19 -8 21 -17 -12 -13 27 -1 -7 -5 -6 -29
right_child=2 9 4 24 6 16 17 12 -10 -11 11 23 -14 -15 -16 20 -18 18 -20 -21 -22 -23 -24 -25 -26 -27 -28 29 -30 -31
leaf_value=-0.014979613661950776 0.0081423362168782168 -0.006516646088794896 0.0024820914161835963 0.019687775498099417 0.013739099477728207 -0.0038667645452148988 0.0048832989292584847 0.0017216791338737934 -0.0057960302889760998 -0.011697108721257083 0.0011748885363340377 -0.00042559836750452438 0.013155362686661422 0.0086591993824024042 -0.013765730221497102 -0.0074051504006439998 -0.0098773892119280848 0.020774206478148698 0.005467745468896979 -0.0067538205430693254 -0.011793869841026096 0.0018487561494112015 0.010288138619921021 -0.011109147671610118 0.024618354633047776 -0.0100994922634094 0.0073989387927576901 0.0079076420545578004 0.021887686360966076 0.016811681382011535
leaf_weight=121 106 102 204 107 42 33 107 62 36 36 38 89 61 209 360 77 53 20 51 28 41 52 69 20 37 155 20 25 44 43
leaf_count=121 106 102 204 107 42 33 107 62 36 36 38 89 61 209 360 77 53 20 51 28 41 52 69 20 37 155 20 25 44 43
internal_value=-1.99541e-11 -0.00851944 0.00767279 0.015098 0.00523856 0.0028907 0.00837847 0.0117192 0.00469368 -0.00167042 -0.00053532 0.0022892 0.00739204 0.00560804 -0.0115276 -0.009721 -0.00474647 0.00498905 0.00977942 0.00246967 -0.005633 -0.00367489 0.00705166 -0.00238588 0.0185758 -0.012239 0.000384444 0.0172982 0.0179081 0.0135381
internal_weight=2448 1160 1288 318 970 555 415 209 449 354 318 216 123 413 806 446 106 206 71 135 170 129 107 109 212 276 53 175 86 68
internal_count=2448 1160 1288 318 970 555 415 209 449 354 318 216 123 413 806 446 106 206 71 135 170 129 107 109 212 276 53 175 86 68
is_linear=0
shrinkage=0.04


Tree=40
num_leaves=31
num_cat=0
split_feature=9 0 4 9 10 7 7 6 9 7 10 6 6 9 9 7 6 10 6 9 6 6 9 9 6 9 10 6 9 7
split_gain=92.2843 14.5685 10.4099 5.21319 4.8242 4.39906 2.70671 3.22396 2.31532 2.16521 2.53963 2.13409 2.11782 3.25599 1.90375 3.46951 2.41175 2.1286 1.59758 1.43203 1.93871 1.7311 1.32038 1.19966 2.14433 1.10807 1.09549 1.14524 1.589 1.04468
threshold=2.6853549480438237 10.500000000000002 6.0000000000000009 3.5931651592254643 4.2088420391082773 3.3956112861633305 4.1929328441619882 4.0697689056396493 3.9487614631652836 2.8572005033493046 2.7958455085754399 2.2699999809265141 3.9244179725646977 3.226134300231934 1.2633685469627383 2.0138241052627568 1.8300815224647524 1.9794309735298159 3.4098361730575566 4.2166042327880868 4.4353468418121347 4.1237022876739511 3.2157698869705205 1.9235156774520876 1.913390636444092 2.5090514421463017 5.2478926181793222 4.3116347789764413 4.2630057334899911 0.96591278910636913
decision_type=2 2 2 2 2 2 2 2 2 2 2 2 2 2 2 2 2 2 2 2 2 2 2 2 2 2 2 2 2 2
left_child=2 4 14 5 -2 12 7 -5 -9 10 -4 -12 13 -3 29 16 17 -16 22 21 -21 -8 -7 -17 -25 -13 27 -6 -29 -1
right_child=1 3 9 6 26 18 19 8 -10 -11 11 25 -14 -15 15 23 -18 -19 -20 20 -22 -23 -24 24 -26 -27 -28 28 -30 -31
leaf_value=-0.010923265354362445 0.0070440158745847074 0.0030630615919740858 -0.0062559801965550174 0.017191818176313888 0.018242254885998403 -0.0038139252684130853 0.0046879669536496991 0.0016528119624502236 0.012629148073372294 -0.01459675899573735 0.0062624675643053801 -0.0092362918491874432 -0.0067871856914185312 0.011356271238016365 -0.0091109988577180098 -0.016017413918549817 -0.012622625647296368 -0.00048718567458139802 -0.0067890584093861671 0.019943238033913076 0.005249035668139365 -0.006483667699981847 0.0034357096277341081 0.0017084782868623733 -0.013074791588731212 0.00045317887103763117 0.021203093506395817 0.0022526363709143228 0.015900231085908718 -0.015446520599672633
leaf_weight=151 104 234 102 86 91 72 107 62 61 21 84 28 23 112 77 114 71 113 76 20 51 28 91 20 73 58 80 21 39 178
leaf_count=151 104 234 102 86 91 72 107 62 61 21 84 28 23 112 77 114 71 113 76 20 51 28 91 20 73 58 80 21 39 178
internal_value=-2.92275e-11 0.00695795 -0.00866872 0.00458711 0.0141979 0.00222801 0.00804334 0.0112505 0.00709636 -0.00222159 -0.00126616 0.00172774 0.00496627 0.00574757 -0.0110389 -0.00939975 -0.00633259 -0.0039821 -0.00199967 0.00478949 0.00938825 0.00237089 0.000233417 -0.013267 -0.00989559 -0.00270153 0.0174186 0.0154136 0.0111236 -0.0133705
internal_weight=2448 1358 1090 1023 335 608 415 209 123 293 272 170 369 346 797 468 261 190 239 206 71 135 163 207 93 86 231 151 60 329
internal_count=2448 1358 1090 1023 335 608 415 209 123 293 272 170 369 346 797 468 261 190 239 206 71 135 163 207 93 86 231 151 60 329
is_linear=0
shrinkage=0.04


Tree=41
num_leaves=31
num_cat=0
split_feature=9 4 0 10 9 7 6 7 9 6 7 10 7 9 9 10 9 0 6 6 0 10 6 6 7 10 9 6 9 9
split_gain=85.1289 12.6422 12.3282 4.12729 3.76896 4.19309 2.50708 2.87153 2.67306 2.34294 2.21384 2.8505 2.69078 2.14892 2.12 1.78388 2.54014 1.65535 1.55322 1.29567 1.17638 1.12958 1.08158 1.06213 1.35896 0.913655 0.873739 0.769422 3.07321 0.625343
threshold=2.7901194095611577 6.0000000000000009 10.500000000000002 4.3684298992156991 3.5931651592254643 3.8170728683471684 4.1731791496276864 4.3116347789764413 4.1541216373443612 3.8453373908996586 2.893538355827332 2.7958455085754399 2.165951251983643 3.1439089775085454 3.9487614631652836 3.0838644504547124 1.5078558325767519 12.500000000000002 3.1409964561462407 3.6716138124465947 2.5000000000000004 3.2448806762695317 2.9528898000717168 2.165951251983643 1.2870912551879885 5.503930091857911 3.3156863451004033 4.510789394378663 4.3477458953857431 1.6970040798187258
decision_type=2 2 2 2 2 2 2 2 2 2 2 2 2 2 2 2 2 2 2 2 2 2 2 2 2 2 2 2 2 2
left_child=1 15 3 -2 5 9 7 19 -9 13 11 29 21 -4 -8 16 20 -16 26 -6 -1 -13 -14 24 -18 27 -7 -5 -29 -3
right_child=2 10 4 25 6 18 14 8 -10 -11 -12 12 22 -15 17 -17 23 -19 -20 -21 -22 -23 -24 -25 -26 -27 -28 28 -30 -31
leaf_value=-0.013876543001018198 0.0074690781133073684 -0.011978192261674188 0.0018260951902625835 0.018742650190387108 0.018869550904985204 -0.0036298364637927577 -0.0022531882453975935 0.0024389367556848034 0.018710404274985194 -0.0054153755814250974 -0.010960428419833381 0.00107569014629055 -0.00042676060638400945 0.0076742140640756896 0.0031922254567915524 -0.012721959868187291 0.0037683202804894085 0.01240300889765085 -0.009315540470393761 0.010768732861889636 -0.0088600765986190169 0.00966371539224317 -0.010720947366207838 -0.01097686175857821 -0.0057499278957645096 0.025272081434726715 0.0069655528001167115 0.00021193899214267732 0.017602824821240374 -0.0043633168938104058
leaf_weight=129 106 22 173 99 59 33 56 84 20 36 36 38 89 240 74 360 36 54 53 68 178 69 20 31 72 20 20 21 72 80
leaf_count=129 106 22 173 99 59 33 56 84 20 36 36 38 89 240 74 360 36 54 53 68 178 69 20 31 72 20 20 21 72 80
internal_value=-1.55355e-11 -0.00785998 0.00707887 0.0139136 0.00483819 0.00268212 0.0077216 0.0104963 0.00556807 0.00437143 -0.00155901 -0.000494697 0.00210774 0.00522452 0.00423809 -0.0106274 -0.00893674 0.00707802 -0.00447356 0.0145321 -0.010968 0.00661376 -0.0023156 -0.00445049 -0.00257718 0.0171359 0.000368424 0.0162884 0.0136759 -0.00600574
internal_weight=2448 1160 1288 318 970 555 415 231 104 449 354 318 216 413 184 806 446 128 106 127 307 107 109 139 108 212 53 192 93 102
internal_count=2448 1160 1288 318 970 555 415 231 104 449 354 318 216 413 184 806 446 128 106 127 307 107 109 139 108 212 53 192 93 102
is_linear=0
shrinkage=0.04


Tree=42
num_leaves=31
num_cat=0
split_feature=9 0 9 9 7 10 7 9 6 6 7 9 6 6 6 0 9 7 7 9 6 1 9 9 7 9 10 7 6 6
split_gain=78.5874 13.0499 6.44619 5.51359 6.37486 5.28446 3.72897 3.19147 3.81374 3.04954 2.96832 2.59132 2.39172 2.17548 1.76328 1.81253 1.63968 1.60382 1.51852 1.58139 2.11916 1.48438 1.16973 1.16919 1.089 0.97102 0.952255 1.10675 0.9391 0.889034
threshold=2.5090514421463017 10.500000000000002 3.2157698869705205 1.5078558325767519 2.5328249931335454 4.2088420391082773 3.3488354682922368 2.0036932229995732 2.1300843954086308 2.7453947067260747 3.2524937391281132 3.7471710443496709 3.4702945947647099 2.6456651687622075 3.4180608987808232 17.500000000000004 3.0486778020858769 4.3640651702880868 1.2673206329345705 1.0159738659858706 0.97470009326934826 4.5000000000000009 2.105060458183289 2.8024408817291264 1.1131681799888613 2.7580081224441533 5.347323179244996 3.6893774271011357 2.1510602235794072 3.0507018566131596
decision_type=2 2 2 2 2 2 2 2 2 2 2 2 2 2 2 2 2 2 2 2 2 2 2 2 2 2 2 2 2 2
left_child=3 5 6 18 7 -2 9 8 24 25 14 12 -12 21 -4 -16 -11 -13 19 -1 -21 -9 -6 -8 -5 -3 27 -7 -24 -25
right_child=1 2 10 4 22 26 23 13 -10 16 11 17 -14 -15 15 -17 -18 -19 -20 20 -22 -23 28 29 -26 -27 -28 -29 -30 -31
leaf_value=-0.014305019067902852 0.0061519329119167788 0.0042089679103810345 0.018117492426009404 0.0050789934650740847 -0.017462208167476172 0.01697201924655458 -0.013161528437368331 0.010960473489107154 -0.01713438765390923 -0.0042118631256963922 0.0052469217970680737 0.010323066081980178 -0.0021956211097177961 -0.0092512947060167799 0.00054376581101678312 0.012366621582689932 0.0035166287626450261 0.0044235033826902507 -0.015549873561868746 -0.00035877087312500655 -0.010270999643797858 0.00069270675890147678 -0.0024909043293446305 -0.0014943329556845128 -0.0043486083109415229 0.012265141000104852 0.020774055764360248 0.010351851702697817 -0.012746596574783324 -0.010743842654578064
leaf_weight=117 137 54 42 22 59 116 31 41 38 106 156 145 124 20 32 59 75 150 124 41 218 50 20 60 180 43 53 62 50 23
leaf_count=117 137 54 42 22 59 116 31 41 38 106 156 145 124 20 32 59 75 150 124 41 218 50 20 60 180 43 53 62 50 23
internal_value=1.10388e-13 0.00585573 0.00367436 -0.00877164 -0.00570947 0.0123761 -0.000440818 -0.0029149 -0.00550883 0.00205746 0.00595282 0.00470719 0.00195094 0.00269359 0.0113381 0.00820913 -0.00100945 0.00732329 -0.0117113 -0.0104454 -0.00870188 0.00531884 -0.0133133 -0.00653312 -0.00332184 0.00778026 0.0160675 0.0146661 -0.0098164 -0.00405745
internal_weight=2448 1468 1100 980 480 368 392 351 240 278 708 575 280 111 133 91 181 295 500 376 259 91 129 114 202 97 231 178 70 83
internal_count=2448 1468 1100 980 480 368 392 351 240 278 708 575 280 111 133 91 181 295 500 376 259 91 129 114 202 97 231 178 70 83
is_linear=0
shrinkage=0.04


Tree=43
num_leaves=31
num_cat=0
split_feature=9 0 4 9 10 7 6 7 9 6 10 7 10 7 9 7 6 9 6 9 6 9 7 9 9 10 10 6 10 7
split_gain=72.5067 11.3876 8.00164 4.17998 3.83516 3.29001 2.793 2.8614 2.28327 2.74067 1.81855 1.80736 2.01589 2.00784 1.64645 2.20883 1.88477 2.4017 1.57613 1.37468 1.17756 1.11195 1.81282 0.987606 0.867918 0.81075 0.788927 0.740751 0.692443 0.878002
threshold=2.6853549480438237 10.500000000000002 6.0000000000000009 3.4046241044998173 4.7072882652282724 3.4805793762207036 3.4446620941162114 3.2443662881851201 3.8433576822280888 3.7396003007888798 5.2018957138061532 2.8572005033493046 2.6932039260864262 2.1300843954086308 1.0850184559822085 1.5046928524971011 0.97470009326934826 1.6129649281501772 3.4238215684890752 3.0054669380187993 2.7453947067260747 1.5624502301216128 2.5328249931335454 2.4075814485549931 3.123183131217957 3.7138936519622807 3.2448806762695317 3.797432661056519 5.503930091857911 3.6893774271011357
decision_type=2 2 2 2 2 2 2 2 2 2 2 2 2 2 2 2 2 2 2 2 2 2 2 2 2 2 2 2 2 2
left_child=2 4 14 6 25 18 7 20 9 -7 -10 12 -4 26 -1 16 -16 -18 -5 -9 -3 -17 -23 -15 -8 -2 -14 -26 29 -6
right_child=1 3 11 5 28 8 24 19 10 -11 -12 -13 13 23 15 21 17 -19 -20 -21 -22 22 -24 -25 27 -27 -28 -29 -30 -31
leaf_value=-0.013127821232295698 0.0017844638812901646 0.011391390912378063 -0.0062662057181929846 0.020270118205635637 0.018129160102977548 0.0047914117829337636 -0.012378146226207417 -0.0062262370149031854 0.010424944741641254 -0.0056420878941313389 0.0033689629907694158 -0.01333784472374689 0.0013140699248283339 -0.01000702185475308 0.0026886103628203273 -0.014960276058510594 -0.0091351288919024141 0.00055922355882975523 0.0095735958898439995 0.0013684149716909116 0.0042921746437546374 -0.0053193908330520087 -0.013046462270981548 -0.00054685818827956132 -3.0226930217860742e-05 0.0092370494933178022 0.0089381865792128503 -0.0093481104224920272 0.023430235922336579 0.012268332773691989
leaf_weight=180 29 52 85 27 93 115 21 52 126 62 109 21 39 23 32 92 247 49 120 143 133 87 110 76 43 120 49 20 20 73
leaf_count=180 29 52 85 27 93 115 21 52 126 62 109 21 39 23 32 92 247 49 120 143 133 87 110 76 43 120 49 20 20 73
internal_value=-2.81357e-11 0.00616746 -0.00768387 0.00407137 0.0125684 0.00640087 0.00126493 0.00272403 0.00456787 0.00113674 0.00715217 -0.00203148 -0.00115857 0.00116309 -0.00976184 -0.00877987 -0.00653335 -0.00753032 0.0115383 -0.000656826 0.00628763 -0.0113296 -0.009634 -0.00274467 -0.00533575 0.00778655 0.00555932 -0.00298829 0.016399 0.0155518
internal_weight=2448 1358 1090 1023 335 559 464 380 412 177 235 293 272 187 797 617 328 296 147 195 185 289 197 99 84 149 88 63 186 166
internal_count=2448 1358 1090 1023 335 559 464 380 412 177 235 293 272 187 797 617 328 296 147 195 185 289 197 99 84 149 88 63 186 166
is_linear=0
shrinkage=0.04


Tree=44
num_leaves=31
num_cat=0
split_feature=9 4 0 10 9 7 6 7 9 7 6 7 10 6 9 0 7 9 6 5 10 6 10 7 10 6 7 9 6 10
split_gain=66.8904 9.77051 9.61261 3.30493 3.08272 3.64613 2.29677 2.4997 2.45851 2.15206 2.38093 1.90633 2.53715 2.4675 1.84583 1.50299 1.92377 2.51489 2.01169 1.4541 1.41239 1.37132 1.17105 1.16958 0.86093 1.20684 0.816499 0.746102 0.594111 0.662718
threshold=2.7901194095611577 6.0000000000000009 10.500000000000002 4.2088420391082773 3.5931651592254643 3.8170728683471684 4.1731791496276864 4.3116347789764413 4.1541216373443612 2.5328249931335454 2.7721843719482426 2.7563744783401494 2.6932039260864262 2.7453947067260747 3.9487614631652836 1.5000000000000002 2.5328249931335454 1.7657201886177065 2.0486441850662236 26.456167221069339 4.886399745941163 3.1409964561462407 4.2365901470184335 2.4695937633514409 5.0711979866027841 4.3116347789764413 1.8300815224647524 3.3156863451004033 5.1504011154174814 5.3641767501831064
decision_type=2 2 2 2 2 2 2 2 2 2 2 2 2 2 2 2 2 2 2 2 2 2 2 2 2 2 2 2 2 2
left_child=1 15 3 -2 5 9 7 22 -9 -4 -11 12 -3 23 -8 -1 17 26 -19 -18 -16 27 -6 -14 25 -5 -17 -7 -26 -30
right_child=2 11 4 24 6 21 14 8 -10 10 -12 -13 13 -15 20 16 19 18 -20 -21 -22 -23 -24 -25 28 -27 -28 -29 29 -31
leaf_value=-0.01236745132644679 0.005769063584229208 -0.006015557449091883 0.015326218855381013 0.015049047930674121 0.0083140996036595322 -0.0034713309173556891 -0.0024871318532054178 0.0019608162321327698 0.017565617777407169 0.010561310749073499 0.0020205145050994746 -0.0082720247009261082 0.006759391570160085 -0.0054280505737719633 0.011554975529600466 -0.0075788974316277806 -0.014833788398689436 0.006610728774751936 -0.0077738820761442187 -0.0039008895897616942 0.0029106660415948948 -0.0088758835952096396 0.016269389353692532 -0.00072978800994918697 0.018852313077500599 0.0054811342363996849 -0.012404364923626851 0.0063196273297071457 0.0077820781543850902 0.017641015301148099
leaf_weight=204 89 85 25 66 47 33 56 84 20 61 363 55 115 52 49 345 103 35 28 24 79 53 80 47 88 31 67 20 20 24
leaf_count=204 89 85 25 66 47 33 56 84 20 61 363 55 115 52 49 345 103 35 28 24 79 53 80 47 88 31 67 20 20 24
internal_value=-8.91471e-12 -0.00696731 0.00627491 0.0123102 0.00429634 0.00234641 0.00690408 0.00955989 0.00496174 0.0039217 0.00324926 -0.001428 -0.000169067 0.00215314 0.00356988 -0.00940021 -0.0083947 -0.00722548 0.000217568 -0.0127677 0.00621982 -0.00432626 0.0133253 0.0045866 0.0148523 0.0119913 -0.00836362 0.00022337 0.0169548 0.0131597
internal_weight=2448 1160 1288 318 970 555 415 231 104 449 424 354 299 214 184 806 602 475 63 127 128 106 127 162 229 97 412 53 132 44
internal_count=2448 1160 1288 318 970 555 415 231 104 449 424 354 299 214 184 806 602 475 63 127 128 106 127 162 229 97 412 53 132 44
is_linear=0
shrinkage=0.04


Tree=45
num_leaves=31
num_cat=0
split_feature=9 0 9 10 9 7 6 7 10 7 9 6 6 9 6 7 9 6 9 6 9 9 7 9 6 9 9 6 10 6
split_gain=61.8597 11.1595 6.82078 4.31201 3.24171 4.21775 2.99602 2.93932 2.75874 2.69457 2.37744 1.95539 1.67504 1.97307 1.56115 1.40802 1.54863 1.25704 1.34599 1.11575 1.68453 1.1054 1.06242 1.04435 1.00728 1.71208 0.837497 2.06982 0.811663 0.89948
threshold=2.3720655441284184 10.500000000000002 3.1617512702941899 4.2088420391082773 1.5078558325767519 2.2196817398071294 2.0635535717010502 3.097609400749207 2.3726750612258916 3.2090928554534917 3.6888254880905156 3.4702945947647099 2.5802594423294072 2.8024408817291264 4.1731791496276864 1.1265900731086733 0.93502363562583934 3.1880532503128056 2.6853549480438237 3.7396003007888798 3.5931651592254643 2.5667730569839482 2.7306599617004399 1.9367739558219912 1.4209519028663637 1.2125310897827151 1.9235156774520876 2.0635535717010502 5.2478926181793222 4.3116347789764413
decision_type=2 2 2 2 2 2 2 2 2 2 2 2 2 2 2 2 2 2 2 2 2 2 2 2 2 2 2 2 2 2
left_child=4 3 7 -2 15 6 8 12 -6 19 11 -11 21 -14 -12 16 -1 18 -9 -4 -21 -3 26 -8 25 -18 -7 -28 29 -5
right_child=1 2 9 28 5 22 23 17 -10 10 14 -13 13 -15 -16 -17 24 -19 -20 20 -22 -23 -24 -25 -26 -27 27 -29 -30 -31
leaf_value=-0.015171441089133828 0.0056420429989363355 0.0012245161392756049 0.012563423051939984 0.015014349241833112 -0.004649948499322233 -0.011798490938232389 -0.015253482942935079 -0.010742871621889727 0.0048716193911802312 0.0038104858659410287 0.0090503190973455581 -0.0030099723212210073 -0.0052179553461237215 0.0038082269436449973 0.0035559746958412968 -0.012995765644121055 -0.0080774599719780731 -0.013568030207489546 -0.0016519562044984423 -0.0027311743118638254 0.012268636652082205 0.011464330278135634 -0.014448402157851628 -0.0044606770231173584 -0.012593090012669563 0.00093105200504840812 0.0055548184514045721 -0.011868547381212314 0.017490871146321297 0.0087055310161473862
leaf_weight=49 157 31 95 91 101 43 32 35 94 184 164 106 78 77 167 203 157 26 102 23 25 37 70 26 48 43 20 24 80 60
leaf_count=49 157 31 95 91 101 43 32 35 94 184 164 106 78 77 167 203 157 26 102 23 25 37 70 26 48 43 20 24 80 60
internal_value=-1.09405e-11 0.00489103 0.00291191 0.010757 -0.00826638 -0.00562994 -0.002434 -0.00142201 -6.00645e-05 0.00510157 0.00396163 0.00131749 0.00156221 -0.000733981 0.00627825 -0.0104283 -0.00867338 -0.00550472 -0.00397445 0.0100519 0.00508123 0.00679618 -0.0107801 -0.0104153 -0.00738949 -0.00614063 -0.00782855 -0.00394884 0.0142334 0.0125075
internal_weight=2448 1538 1150 388 910 410 253 386 195 764 621 290 223 155 331 500 297 163 137 143 48 68 157 58 248 200 87 44 231 151
internal_count=2448 1538 1150 388 910 410 253 386 195 764 621 290 223 155 331 500 297 163 137 143 48 68 157 58 248 200 87 44 231 151
is_linear=0
shrinkage=0.04


Tree=46
num_leaves=31
num_cat=0
split_feature=9 0 9 10 9 7 7 6 10 7 0 9 6 9 9 7 7 9 9 6 6 9 7 9 6 9 9 6 10 6
split_gain=57.0099 10.2846 6.29671 4.00073 2.98756 3.88708 2.95249 2.76113 2.54246 2.41997 2.61313 2.24094 1.88289 1.73956 1.46999 1.30387 1.30234 1.45391 1.15758 1.08427 1.02672 1.50669 0.979122 0.962469 0.885659 0.844199 0.771837 1.90755 0.679866 0.639152
threshold=2.3720655441284184 10.500000000000002 3.2157698869705205 4.389479637145997 1.5078558325767519 2.2196817398071294 3.3618478775024419 2.0635535717010502 2.3726750612258916 3.9787019491195683 11.500000000000002 4.0210602283477792 2.9766131639480595 2.703055858612061 3.9313151836395268 4.510789394378663 1.0514052510261538 0.93502363562583934 2.7901194095611577 3.4702945947647099 1.1028512120246889 1.1684431433677676 2.7306599617004399 1.9367739558219912 3.1575148105621342 2.8024408817291264 1.9235156774520876 2.0635535717010502 5.503930091857911 4.510789394378663
decision_type=2 2 2 2 2 2 2 2 2 2 2 2 2 2 2 2 2 2 2 2 2 2 2 2 2 2 2 2 2 2
left_child=4 3 6 -2 16 7 12 8 -6 10 -4 15 13 -3 -12 -11 17 -1 -14 -13 21 -19 26 -9 25 -8 -7 -28 29 -5
right_child=1 2 9 28 5 22 24 23 -10 11 14 19 18 -15 -16 -17 -18 20 -20 -21 -22 -23 -24 -25 -26 -27 27 -29 -30 -31
leaf_value=-0.01432611468045608 0.0058919586192837546 -0.00032289954241261713 -0.0058614766209021864 0.015566210761970402 -0.0044639506208333461 -0.011326551180506168 -0.0096051435409268988 -0.014643343667266891 0.0046767545489475445 0.0011410557435115249 0.0070738732780663682 0.012987090552846589 -0.0097806139024240631 0.0074177888595537899 0.014643638102298087 -0.0077035199060584564 -0.012004162718585577 -0.006038360712714721 -0.00063619708969644365 0.0044245390105892776 -0.0094008846784709027 0.0062063757404685017 -0.013870466067322663 -0.0042822500146352327 -0.013719469282243933 -0.0019696839666710451 0.0053326258622109889 -0.011393805500119925 0.021063526153564452 0.010936816188516796
leaf_weight=46 177 90 23 98 101 43 36 32 94 139 324 30 28 96 47 33 256 82 106 112 96 20 70 26 21 65 20 24 20 93
leaf_count=46 177 90 23 98 101 43 36 32 94 139 324 30 28 96 47 33 256 82 106 112 96 20 70 26 21 65 20 24 20 93
internal_value=-1.21218e-11 0.00469539 0.00279544 0.0103267 -0.00793573 -0.00540474 -0.000950613 -0.00233664 -5.7662e-05 0.00513407 0.00722176 0.0025145 0.00106798 0.00367229 0.00803285 -0.000555869 -0.0100111 -0.0079201 -0.00254697 0.00623353 -0.00643183 -0.00363743 -0.0103489 -0.00999872 -0.00624527 -0.00469123 -0.00751541 -0.00379088 0.0140468 0.0133121
internal_weight=2448 1538 1150 388 910 410 442 253 195 708 394 314 320 186 371 172 500 244 134 142 198 102 157 58 122 101 87 44 211 191
internal_count=2448 1538 1150 388 910 410 442 253 195 708 394 314 320 186 371 172 500 244 134 142 198 102 157 58 122 101 87 44 211 191
is_linear=0
shrinkage=0.04


Tree=47
num_leaves=31
num_cat=0
split_feature=8 3 10 10 9 0 10 6 6 6 9 7 6 9 7 9 6 9 7 9 0 6 7 6 10 7 10 6 9 7
split_gain=52.6018 9.61602 6.58038 3.68121 3.4084 3.05626 3.35639 2.34727 1.7467 1.7371 2.1017 3.44762 1.63071 1.41297 1.24611 1.20046 1.29468 1.17643 1.06138 1.04796 1.28047 1.21833 1.08749 0.918574 0.791817 0.756492 0.70737 0.593144 2.00326 0.703409
threshold=2.4028813838958745 1.0000000180025095e-35 4.8476595878601083 4.4337503910064706 2.0344814062118535 19.500000000000004 3.8490810394287114 1.8825560808181765 3.7834835052490239 2.1300843954086308 1.4203924536705019 2.2196817398071294 1.1711703538894656 3.574022769927979 1.0514052510261538 2.7901194095611577 2.7062610387802128 0.96108898520469677 3.3011124134063725 4.3477458953857431 11.500000000000002 5.3116164207458505 5.2478926181793222 2.8249764442443852 2.40953540802002 2.6857511997222905 3.2448806762695317 4.7900645732879648 4.4888713359832773 4.7900645732879648
decision_type=2 2 2 2 2 2 2 2 2 2 2 2 2 2 2 2 2 2 2 2 2 2 2 2 2 2 2 2 2 2
left_child=4 3 5 24 9 6 26 -6 -8 10 14 12 -12 23 17 16 18 -1 -9 20 -5 -21 -22 -7 -2 -13 -3 -4 -29 -30
right_child=1 2 27 19 7 13 8 15 -10 -11 11 25 -14 -15 -16 -17 -18 -19 -20 21 22 -23 -24 -25 -26 -27 -28 28 29 -31
leaf_value=-0.012600364794985193 -0.0076222588904784061 -0.00028897343141337235 0.016760029456179059 -0.0064854215563315415 0.0097665642698605854 0.0032178761118471073 0.012623887032506068 0.00074685891203227499 0.0065339498408813626 -0.016290962475944647 0.0060434405625827848 -0.008484464039405188 -0.0039904530947185062 0.0049347917817752149 -0.012247134711583738 -0.00052588523569993854 -0.011817254418013049 -0.0060884503408855095 -0.0089228130073752254 0.01587344460866668 0.0043193747365953238 0.003860909932426044 -0.0027920621572993698 -0.0057642729607011592 -0.0017257070076928632 -0.015882982102836049 0.0047706758365010111 0.00090242993831634525 0.017872295333445073 0.0095414474047720438
leaf_weight=61 44 60 84 23 21 27 166 42 138 44 31 48 158 68 193 82 49 163 32 22 246 35 40 56 212 41 168 20 50 24
leaf_count=61 44 60 84 23 21 27 166 42 138 44 31 48 158 68 193 82 49 163 32 22 246 35 40 56 212 41 168 20 50 24
internal_value=-9.30371e-12 0.00472985 0.00746752 0.000940253 -0.00726878 0.00568233 0.00710787 -0.00297005 0.00985938 -0.00858341 -0.00809545 -0.00540144 -0.00234468 0.000659929 -0.00989145 -0.00427478 -0.00677404 -0.00786178 -0.00343462 0.00351384 0.00259456 0.00849733 0.00332477 -0.00284237 -0.00273918 -0.0118928 0.00343919 0.0143174 0.0121347 0.0151704
internal_weight=2448 1483 861 622 965 683 532 226 304 739 695 278 189 151 417 205 123 224 74 366 309 57 286 83 256 89 228 178 94 74
internal_count=2448 1483 861 622 965 683 532 226 304 739 695 278 189 151 417 205 123 224 74 366 309 57 286 83 256 89 228 178 94 74
is_linear=0
shrinkage=0.04


Tree=48
num_leaves=31
num_cat=0
split_feature=9 0 9 9 7 10 7 6 10 7 6 9 6 6 10 9 9 7 9 6 9 6 9 6 7 9 9 6 10 6
split_gain=48.5461 7.86004 4.30468 3.59688 4.27845 3.35003 2.51181 2.50511 2.26517 2.20348 2.09995 1.78507 2.22676 1.68119 1.65061 1.51341 1.42231 1.11366 1.32019 2.14121 1.08939 1.054 1.01274 0.97695 0.886182 0.935147 0.83295 0.781322 0.697988 0.968925
threshold=2.5090514421463017 10.500000000000002 3.3615883588790898 1.6423485279083254 2.5328249931335454 4.2088420391082773 3.5331765413284306 2.2699999809265141 2.519916415214539 3.3488354682922368 3.1122503280639653 3.9487614631652836 3.8170728683471684 3.3086091279983525 5.2018957138061532 3.0054669380187993 2.8738032579422002 2.1510602235794072 1.2633685469627383 1.1265900731086733 2.0344814062118535 1.8825560808181765 3.0486778020858769 2.5918210744857793 0.96591278910636913 0.93502363562583934 3.7988417148590092 1.6187973618507387 5.0711979866027841 4.3116347789764413
decision_type=2 2 2 2 2 2 2 2 2 2 2 2 2 2 2 2 2 2 2 2 2 2 2 2 2 2 2 2 2 2
left_child=3 5 9 17 7 -2 13 8 -5 10 16 12 -8 -4 -13 23 -3 18 24 -20 -9 -10 -12 -11 25 -1 -15 -21 29 -7
right_child=1 2 6 4 -6 28 11 20 21 15 22 14 -14 26 -16 -17 -18 -19 19 27 -22 -23 -24 -25 -26 -27 -28 -29 -30 -31
leaf_value=-0.012992832198356973 0.0047070167795585025 0.001615932259767416 0.019211617293565169 -0.0035404850685015498 -0.010107760117827063 0.012734786964514678 0.0039674800676780184 -0.014790024588937346 0.0086861860813176057 -0.0027103955814471617 -0.0060828454266576206 0.010031624608177771 -0.0046774197415121507 0.0062461160688540183 0.002648857883363962 -0.00073347021881331746 0.008479006285523321 -0.014696789907014117 0.00099889263424470464 -0.0061171423413831248 -0.0037603792996072261 0.00071582910624590321 0.00097241375807465783 -0.013010596899206148 -0.011819073074814661 -0.0058008757672671765 0.013444792968221009 -0.011631091022354668 0.014506018236702816 0.0042020707673603493
leaf_weight=39 137 103 23 84 117 68 134 23 61 26 51 94 74 131 100 117 91 47 54 115 38 47 90 34 179 112 32 64 132 31
leaf_count=39 137 103 23 84 117 68 134 23 61 26 51 94 74 131 100 117 91 47 54 115 38 47 90 34 179 112 32 64 132 31
internal_value=8.75017e-13 0.00460237 0.00290945 -0.00689416 -0.00378263 0.00966273 0.00524441 -0.000857567 0.00138594 0.000227883 0.00213529 0.0034661 0.000891891 0.00908786 0.00622607 -0.00338218 0.00483521 -0.00878148 -0.00828766 -0.00598249 -0.0079191 0.0052176 -0.00157949 -0.00854718 -0.00991525 -0.0076584 0.00765935 -0.00808861 0.0126018 0.0100629
internal_weight=2448 1468 1100 980 370 368 588 253 192 512 335 402 208 186 194 177 194 610 563 233 61 108 141 60 330 151 163 179 231 99
internal_count=2448 1468 1100 980 370 368 588 253 192 512 335 402 208 186 194 177 194 610 563 233 61 108 141 60 330 151 163 179 231 99
is_linear=0
shrinkage=0.04


Tree=49
num_leaves=31
num_cat=0
split_feature=9 0 9 7 9 7 10 6 7 9 6 9 6 9 7 6 9 6 6 10 9 6 7 9 9 0 7 10 7 7
split_gain=44.8385 6.88206 5.17759 4.35233 2.87043 2.83385 2.51827 1.97329 2.08078 2.131 1.73161 1.82632 1.52493 2.17378 3.11131 1.62253 1.4989 1.48936 1.14163 1.12264 1.11586 1.09416 1.08593 1.15668 1.03964 1.02324 0.913049 0.700516 0.788412 0.629781
threshold=2.6853549480438237 10.500000000000002 2.0036932229995732 2.4639921188354497 3.5931651592254643 3.3488354682922368 4.886399745941163 4.1731791496276864 4.3116347789764413 4.1541216373443612 3.1122503280639653 3.2870032787323002 2.165951251983643 1.4203924536705019 2.2196817398071294 1.0634869337081911 3.9487614631652836 2.7302757501602177 3.4702945947647099 4.886399745941163 3.226134300231934 3.5487585067749028 1.0325130820274355 0.96108898520469677 3.2105591297149663 6.5000000000000009 2.7306599617004399 3.7138936519622807 3.8596783876419072 2.6857511997222905
decision_type=2 2 2 2 2 2 2 2 2 2 2 2 2 2 2 2 2 2 2 2 2 2 2 2 2 2 2 2 2 2
left_child=2 6 12 17 5 10 27 8 21 -10 24 -12 13 22 15 -15 -9 25 20 -18 -7 -6 23 -1 -3 -4 -5 -2 -29 -16
right_child=1 4 3 26 7 18 -8 16 9 -11 11 -13 -14 14 29 -17 19 -19 -20 -21 -22 -23 -24 -25 -26 -27 -28 28 -30 -31
leaf_value=-0.011752167673360916 0.00074756262117418751 0.0056470512052936876 0.013174349892398586 -0.0025729176225140695 0.016609040330285613 -0.0032158430840106725 0.013346295629261118 -0.0027635342498043818 0.0012577408246163811 0.015786001071333888 -0.0019314152786669718 0.0059679915254107789 -0.014977625428952954 0.0080874762828038495 -0.0081420927463720233 -0.0033601252481998906 0.0098391346070839433 -0.0049733999629433343 -0.0059892706897641933 0.0021323427208404565 0.0027839132629423626 0.0088843547840269255 -0.011105110488578001 -0.0052994429806520228 0.014600908514857291 0.0037098029607467438 -0.0086349972398222785 0.0087898974194506978 0.00021678781509399414 -0.015034825907726037
leaf_weight=62 29 122 23 70 46 94 165 56 84 20 111 81 44 22 48 199 49 26 70 79 105 81 220 157 25 89 92 121 20 38
leaf_count=62 29 122 23 70 46 94 165 56 84 20 111 81 44 22 48 199 49 26 70 79 105 81 220 157 25 89 92 121 20 38
internal_value=-5.40775e-12 0.00485002 -0.0060425 -0.00156883 0.00322052 0.00146999 0.00982606 0.00578514 0.00824683 0.00405164 0.00390261 0.00140115 -0.00774136 -0.00731455 -0.00473252 -0.00222055 0.00269465 0.00365126 -0.00159564 0.0050826 -5.01425e-05 0.0116823 -0.00912021 -0.00712624 0.00716982 0.00565342 -0.00601558 0.00640937 0.00757385 -0.0111877
internal_weight=2448 1358 1090 300 1023 608 335 415 231 104 339 192 790 746 307 221 184 138 269 128 199 127 439 219 147 112 162 170 141 86
internal_count=2448 1358 1090 300 1023 608 335 415 231 104 339 192 790 746 307 221 184 138 269 128 199 127 439 219 147 112 162 170 141 86
is_linear=0
shrinkage=0.04


Tree=50
num_leaves=31
num_cat=0
split_feature=9 9 7 9 6 3 7 9 6 7 9 0 10 6 7 9 6 7 10 6 7 9 7 9 7 9 7 10 7 6
split_gain=41.4424 7.58452 5.40982 3.33656 3.0935 2.71808 2.34613 2.22432 3.14739 2.66654 2.06557 1.7207 1.4883 1.31968 1.11916 1.24823 1.7876 1.10156 1.00299 0.895115 1.50362 0.916379 0.831504 0.900879 0.816244 0.76425 0.749486 0.741362 1.08711 0.726551
threshold=2.3720655441284184 3.6764580011367802 2.4824078083038335 2.8024408817291264 3.6893774271011357 1.0000000180025095e-35 3.2177983522415166 1.5078558325767519 2.0635535717010502 2.6857511997222905 1.9235156774520876 19.500000000000004 3.9385921955108647 2.7924308776855473 1.1265900731086733 1.0388755798339846 1.1593216657638552 1.1131681799888613 2.8891746997833256 3.4446620941162114 5.3116164207458505 4.6588540077209482 1.7344411015510561 1.880646884441376 3.8170728683471684 1.9367739558219912 3.9614409208297734 5.2655670642852792 3.3618478775024419 2.2329449653625493
decision_type=2 2 2 2 2 2 2 2 2 2 2 2 2 2 2 2 2 2 2 2 2 2 2 2 2 2 2 2 2 2
left_child=7 2 12 13 6 19 -5 14 9 10 17 27 -2 29 15 -1 -17 -9 -12 20 -3 24 23 -10 -21 -11 -6 28 -7 -4
right_child=1 5 3 4 26 11 -8 8 22 25 18 -13 -14 -15 -16 16 -18 -19 -20 21 -22 -23 -24 -25 -26 -27 -28 -29 -30 -31
leaf_value=-0.010013206264721082 0.0048319475696096941 0.015191661812938177 0.0039699590002948591 0.006326285801519004 -0.0024353530096361438 0.015331085360780055 0.00079671320195991201 0.005621398758481849 -0.012420973345637321 -0.01469364702220886 0.001220910112537882 0.0041125398729106085 0.01168133495583692 -0.010617650469522113 -0.010845860761276039 -0.00024759938565457797 -0.0084678221707965469 -0.0039072555402632466 0.011657475845601697 0.0069705457985401158 0.0011513682632990506 0.0092935113636776808 -0.013123368540806557 -0.0010312172256410122 -0.00094914741936948284 -0.0046644318792968984 -0.0099052172552408849 0.014872347287444481 0.008581900712011134 -0.004205972155084811
leaf_weight=126 126 26 22 202 83 49 313 22 20 31 34 68 85 46 203 77 94 165 26 27 23 25 67 25 91 20 29 67 173 83
leaf_count=126 126 26 22 202 83 49 313 22 20 31 34 68 85 46 203 77 94 165 26 27 23 25 67 25 91 20 29 67 173 83
internal_value=-1.50018e-11 0.00400331 0.00191048 0.000369829 0.00165534 0.00777345 0.00296559 -0.00676604 -0.00458214 -0.0024336 -0.000714255 0.00983751 0.00759118 -0.004968 -0.00855683 -0.00699227 -0.00476632 -0.00278624 0.00574342 0.0039356 0.00860132 0.00233685 -0.0102988 -0.00609333 0.000862986 -0.0107606 -0.00436951 0.0111846 0.0100716 -0.00249292
internal_weight=2448 1538 989 778 627 549 515 910 410 298 247 357 211 151 500 297 171 187 60 192 49 143 112 45 118 51 112 289 222 105
internal_count=2448 1538 989 778 627 549 515 910 410 298 247 357 211 151 500 297 171 187 60 192 49 143 112 45 118 51 112 289 222 105
is_linear=0
shrinkage=0.04


Tree=51
num_leaves=31
num_cat=0
split_feature=9 9 0 7 7 9 6 10 6 9 7 6 9 6 9 7 10 6 7 9 0 9 5 9 6 9 7 7 9 6
split_gain=38.2255 5.59355 5.19183 4.5124 2.41278 2.73645 2.27993 2.07639 1.74157 1.71909 1.51206 2.10155 1.80255 1.42225 2.02849 2.88982 1.49715 1.04044 0.966185 0.998298 0.934207 0.756753 0.727523 0.682541 0.578584 0.884931 0.650932 0.573957 0.554358 1.21559
threshold=2.8024408817291264 2.0344814062118535 10.500000000000002 2.5211917161941533 2.7866140604019169 3.6445567607879643 3.6025190353393559 4.886399745941163 2.7453947067260747 3.0987735986709599 4.3640651702880868 3.6566231250762944 4.1948494911193857 2.1300843954086308 1.4203924536705019 2.2196817398071294 2.0461212396621709 2.2699999809265141 1.0016933679580691 0.96108898520469677 6.5000000000000009 2.5667730569839482 26.456167221069339 3.3387811183929448 4.9252789020538339 4.6060028076171884 4.7900645732879648 2.6857511997222905 3.2354454994201665 3.3236540555953984
decision_type=2 2 2 2 2 2 2 2 2 2 2 2 2 2 2 2 2 2 2 2 2 2 2 2 2 2 2 2 2 2
left_child=1 13 7 8 28 6 9 -2 20 -6 11 -7 -12 14 18 16 -16 -5 19 -1 -3 -22 -19 -8 -9 -26 -27 -17 29 -4
right_child=2 3 4 17 5 10 23 24 -10 -11 12 -13 -14 -15 15 27 -18 22 -20 -21 21 -23 -24 -25 25 26 -28 -29 -30 -31
leaf_value=-0.010719887092709542 0.0058486464629439929 0.01349728274345398 0.0130076964199543 -0.00054838601423769587 -0.0020461395143813984 0.014998782017129533 -0.010930476270261264 0.014626654442618877 -0.0035553557235333657 0.0037801760722765438 -0.0013337020379757241 0.005423991546581337 0.0071043810957711045 -0.013636944019794464 -0.0062601371148699207 -0.0073164864011108881 0.00067915789203349666 -0.011800219373005192 -0.010097920825269805 -0.0044590390454569877 0.0018842163142052631 0.0086367527544498456 -0.0054349612574636323 -0.0028483374615586024 0.0026004809290170673 0.015486161673539563 0.0068404563956639989 -0.013701228554837588 0.014792322786869828 9.6096721943467853e-05
leaf_weight=58 152 20 28 49 112 47 21 85 45 293 91 167 73 50 76 50 144 41 244 137 79 40 96 82 20 38 22 41 27 20
leaf_count=58 152 20 28 49 112 47 21 85 45 293 91 167 73 50 76 50 144 41 244 137 79 40 96 82 20 38 22 41 27 20
internal_value=3.48723e-12 -0.00522401 0.00478254 -0.00115718 0.00331827 0.00273513 0.00081756 0.00922156 0.00328412 0.00216895 0.00531218 0.00752687 0.00242227 -0.00710491 -0.00666944 -0.0041979 -0.00171805 -0.00555073 -0.00842035 -0.00632124 0.00549834 0.00415398 -0.00733989 -0.00449615 0.0123287 0.00988717 0.0123161 -0.0101931 0.0102071 0.00762786
internal_weight=2448 1170 1278 370 961 886 508 317 184 405 378 214 164 800 750 311 220 186 439 195 139 119 137 103 165 80 60 91 75 48
internal_count=2448 1170 1278 370 961 886 508 317 184 405 378 214 164 800 750 311 220 186 439 195 139 119 137 103 165 80 60 91 75 48
is_linear=0
shrinkage=0.04


Tree=52
num_leaves=31
num_cat=0
split_feature=9 9 7 9 9 7 9 3 6 7 10 7 6 9 6 6 1 10 7 9 6 6 9 6 10 6 6 10 7 10
split_gain=35.3339 5.81268 4.33888 2.8383 2.67171 3.20138 2.6309 2.28982 2.06033 1.90952 1.86929 1.83053 2.10111 1.59839 1.37953 1.2507 1.13039 1.08396 1.03571 1.51657 1.83053 0.998847 1.03012 0.890505 0.935231 0.837781 0.682132 0.619865 0.57981 0.824764
threshold=2.5090514421463017 4.0005968809127816 3.2177983522415166 3.4046241044998173 1.6423485279083254 2.5328249931335454 3.0168911218643193 1.0000000180025095e-35 1.8825560808181765 4.3640651702880868 2.5279818773269658 2.4824078083038335 3.4446620941162114 2.0036932229995732 3.7396003007888798 2.9339209794998173 4.5000000000000009 3.9385921955108647 1.2549898624420168 1.2125310897827151 1.1711703538894656 3.4619491100311284 4.3477458953857431 4.1442308425903329 4.4514498710632333 2.6456651687622075 1.6187973618507387 5.4389898777008066 3.6893774271011357 5.2655670642852792
decision_type=2 2 2 2 2 2 2 2 2 2 2 2 2 2 2 2 2 2 2 2 2 2 2 2 2 2 2 2 2 2
left_child=4 2 3 11 18 8 15 21 10 14 -6 17 -13 -10 -8 -4 -12 -2 19 -1 -21 -3 -23 24 -5 -15 -22 -24 -9 -30
right_child=1 7 6 23 5 -7 9 28 13 -11 16 12 -14 25 -16 -17 -18 -19 -20 20 26 22 27 -25 -26 -27 -28 -29 29 -31
leaf_value=-0.0082610480057676711 0.0047265566574390397 0.01069358476105013 -0.0033978301626548437 0.0073795025670254722 -0.0016524811398703604 -0.0086713491990151378 0.0037183326906851649 0.013956301567563112 -0.009109850816363306 -0.0051749606462052232 0.01325348512692885 0.0031268862075886088 -0.0062960279638798015 0.0020190100952362021 -0.0010360816882056152 -0.014448284636373106 0.0017017614396046038 0.012237911217742497 -0.0098334602172276478 0.0041416630996391184 -0.0031381678301841023 -0.0029886045179630047 0.0094517812406023343 0.0025886744828451246 0.014697919286214389 -0.0074342068359255784 -0.0093679545929997565 0.00092354390770196912 0.0074720270369274949 0.01374338510632515
leaf_weight=251 97 28 57 49 60 117 299 69 57 65 33 214 46 60 145 23 23 45 204 40 66 38 30 21 65 20 49 25 102 50
leaf_count=251 97 28 57 49 60 117 299 69 57 65 33 214 46 60 145 23 23 45 204 40 66 38 30 21 65 20 49 25 102 50
internal_value=-2.35327e-12 0.00392645 0.00253928 0.00513974 -0.00588166 -0.00319999 0.000168405 0.00849356 -0.000669756 0.00122825 0.00325307 0.00345452 0.00145976 -0.00399128 0.00216565 -0.00657484 0.00850903 0.00710692 -0.00750825 -0.00633991 -0.00322892 0.00407021 0.00207608 0.0101579 0.0115523 -0.000344294 -0.0057926 0.00557531 0.0109154 0.00953497
internal_weight=2448 1468 1126 537 980 370 589 342 253 509 116 402 260 137 444 80 56 142 610 406 155 121 93 135 114 80 115 55 221 152
internal_count=2448 1468 1126 537 980 370 589 342 253 509 116 402 260 137 444 80 56 142 610 406 155 121 93 135 114 80 115 55 221 152
is_linear=0
shrinkage=0.04


Tree=53
num_leaves=31
num_cat=0
split_feature=9 3 0 9 7 6 10 9 0 7 9 6 6 9 6 9 7 7 7 10 8 9 6 7 9 6 10 9 6 7
split_gain=32.7193 4.6408 4.92771 4.61445 4.12614 2.29554 2.2677 1.26061 1.46672 1.21589 1.85773 2.12634 1.14442 2.35125 1.11676 1.0333 1.47286 1.14408 0.879915 0.879557 1.06531 0.841773 0.864765 0.841048 0.924802 0.685299 0.652915 0.521473 0.575003 0.510382
threshold=2.7901194095611577 1.0000000180025095e-35 19.500000000000004 1.9235156774520876 2.7563744783401494 2.6456651687622075 4.3684298992156991 4.3477458953857431 11.500000000000002 2.2196817398071294 1.4444525241851809 1.4209519028663637 4.2344374656677255 4.0210602283477792 5.2763760089874276 3.308185458183289 3.7661838531494145 2.9656934738159184 1.6992198228836062 2.8249764442443852 2.1016422510147099 3.574022769927979 3.1750702857971196 1.0016933679580691 0.96108898520469677 2.7062610387802128 2.2922025918960576 2.5090514421463017 2.92451024055481 4.3640651702880868
decision_type=2 2 2 2 2 2 2 2 2 2 2 2 2 2 2 2 2 2 2 2 2 2 2 2 2 2 2 2 2 2
left_child=3 7 6 9 5 19 -3 8 -2 10 23 26 -8 -14 -9 17 -17 -10 -13 -5 -21 22 -4 24 -1 -6 -12 -7 -29 -23
right_child=1 2 21 4 25 27 12 14 15 -11 11 18 13 -15 -16 16 -18 -19 -20 20 -22 29 -24 -25 -26 -27 -28 28 -30 -31
leaf_value=-0.0099606497157846818 -0.0056087036885321137 0.0055438033689194132 0.0024337585509205477 -0.0006840150185268033 -0.0054854278850712283 -0.0085831778676559532 0.01303202878548116 0.014769405948347412 0.006971011067982074 -0.011243007292642312 -0.0034327447158284488 -0.0046246161012359985 -0.0039752784303643488 0.010149163838306613 0.0030919930384200262 0.0061312484092734473 -0.00010409677728206258 -0.0019428251533039438 -0.013627882830798625 0.013589634015446618 0.0038357695485999595 0.0057621395703897158 -0.0053829023814587684 -0.0092158264378312885 -0.0039539075702029677 -0.011902315711250175 0.0051435552841546583 0.0020466387216691619 -0.0065600116283673305 -0.001080072783650114
leaf_weight=58 50 274 39 55 95 30 151 20 27 85 20 132 22 132 38 135 110 157 20 21 122 53 54 246 140 37 49 27 23 26
leaf_count=58 50 274 39 55 95 30 151 20 27 85 20 132 22 132 38 135 110 157 20 21 122 53 54 246 140 37 49 27 23 26
internal_value=-3.80585e-12 0.00438861 0.00641894 -0.00487287 -0.00146071 0.00130435 0.00818493 0.00154918 0.000874794 -0.00673819 -0.00616238 -0.00316574 0.0105576 0.00813139 0.00711869 0.00163045 0.00333171 -0.000634817 -0.00580926 0.00361477 0.00526816 0.000474136 -0.00210495 -0.00765396 -0.00571346 -0.0072841 0.00265767 -0.00441395 -0.00191242 0.00351027
internal_weight=2448 1288 751 1160 410 278 579 537 479 750 665 221 305 154 58 429 245 184 152 198 143 172 93 444 198 132 69 80 50 79
internal_count=2448 1288 751 1160 410 278 579 537 479 750 665 221 305 154 58 429 245 184 152 198 143 172 93 444 198 132 69 80 50 79
is_linear=0
shrinkage=0.04


Tree=54
num_leaves=31
num_cat=0
split_feature=9 9 7 9 6 6 7 3 9 6 7 9 0 10 7 9 7 9 6 10 6 7 9 9 7 9 7 9 7 7
split_gain=30.1907 5.75336 4.19832 2.52249 2.91185 2.31705 2.26224 1.98615 1.63512 2.656 2.05518 1.64682 1.26689 1.12138 0.976827 0.95546 0.948099 0.946509 1.85726 0.86498 0.84702 1.56517 1.16153 1.13028 0.762782 0.737781 0.616099 0.90804 0.565217 0.501667
threshold=2.3720655441284184 3.6764580011367802 2.4824078083038335 3.0168911218643193 3.7231843471527104 2.7924308776855473 4.2344374656677255 1.0000000180025095e-35 1.5078558325767519 2.0635535717010502 2.7306599617004399 1.9235156774520876 19.500000000000004 3.9385921955108647 1.1131681799888613 2.7901194095611577 1.2673206329345705 1.1443502902984621 1.1593216657638552 2.8891746997833256 4.1731791496276864 5.3116164207458505 3.8864065408706669 4.6588540077209482 1.7344411015510561 1.880646884441376 3.3618478775024419 4.4888713359832773 3.9614409208297734 2.8820317983627324
decision_type=2 2 2 2 2 2 2 2 2 2 2 2 2 2 2 2 2 2 2 2 2 2 2 2 2 2 2 2 2 2
left_child=8 2 13 5 6 15 -5 20 16 10 11 14 26 -2 -10 -4 17 -1 -19 -13 21 22 -3 -22 25 -11 -9 -28 -6 -7
right_child=1 7 3 4 28 29 -8 12 9 24 -12 19 -14 -15 -16 -17 -18 18 -20 -21 23 -23 -24 -25 -26 -27 27 -29 -30 -31
leaf_value=-0.0081137248339991155 0.0042034231769364503 0.0058637470058238248 -0.0021659732810718922 0.0042637246070470012 -0.0025817582329626305 -0.0042535171486638695 -0.0050374915098097732 0.013518003236572698 0.0055323543674735869 -0.0108523333594203 -0.0099099901538680906 0.0010027737154935797 0.0035525769307552012 0.010148855963995789 -0.0034281152029957112 0.0046670899361682438 -0.010343439712399436 0.0019513812214136124 -0.0070111562884453919 0.010473869484418107 -0.0015288825370493883 2.3468253202736379e-05 0.017970532505285172 0.0082758642431348568 -0.011859315924568853 -0.00054502943009138106 0.0067089505887306337 0.011768329168718896 -0.0095040897563099854 -0.010175633747751513
leaf_weight=208 126 32 103 381 77 37 47 53 22 20 44 36 68 85 169 48 124 55 113 27 76 38 21 25 67 25 141 95 25 60
leaf_count=208 126 32 103 381 77 37 47 53 22 20 44 36 68 85 169 48 124 55 113 27 76 38 21 25 67 25 141 95 25 60
internal_value=-3.83391e-12 0.00341691 0.00159415 0.000236923 0.00179494 -0.00309271 0.00324233 0.00670054 -0.00577495 -0.00390252 -0.00192881 -0.000546242 0.00846494 0.0065985 -0.00239602 6.12628e-06 -0.00731035 -0.00631008 -0.00407699 0.00506181 0.00341987 0.00621882 0.0106608 0.000898035 -0.00915399 -0.00512605 0.00962079 0.00874556 -0.00427841 -0.00791668
internal_weight=2448 1538 989 778 530 248 428 549 910 410 298 254 357 211 191 151 500 376 168 63 192 91 53 101 112 45 289 236 102 97
internal_count=2448 1538 989 778 530 248 428 549 910 410 298 254 357 211 191 151 500 376 168 63 192 91 53 101 112 45 289 236 102 97
is_linear=0
shrinkage=0.04


Tree=55
num_leaves=31
num_cat=0
split_feature=9 3 0 9 7 10 6 9 6 9 6 7 9 6 6 6 9 7 7 9 9 6 8 6 7 9 6 10 9 10
split_gain=27.8853 4.30366 4.45183 3.1696 2.96829 2.22282 1.64419 1.2467 1.19617 2.46576 1.12 1.10296 1.64133 2.06839 1.14352 1.10133 1.0645 1.04422 0.881424 1.83789 0.787266 0.755114 0.725285 0.695258 0.684628 0.682754 0.614034 0.670397 0.565954 0.48759
threshold=2.6853549480438237 1.0000000180025095e-35 19.500000000000004 1.9235156774520876 2.7306599617004399 4.2365901470184335 2.5802594423294072 3.3283879756927495 4.2344374656677255 4.0005968809127816 3.6229996681213383 2.2196817398071294 1.3831536769866946 1.1406970620155337 2.1300843954086308 3.3236540555953984 4.6588540077209482 2.9656934738159184 3.7661838531494145 4.0963866710662851 3.574022769927979 1.438445031642914 2.0111932754516606 3.1750702857971196 0.98770177364349376 2.4075814485549931 3.0954934358596806 3.8114472627639775 3.0987735986709599 4.4289290904998788
decision_type=2 2 2 2 2 2 2 2 2 2 2 2 2 2 2 2 2 2 2 2 2 2 2 2 2 2 2 2 2 2
left_child=3 7 5 11 6 26 22 15 -7 -10 18 12 21 -14 -15 17 -12 -2 -9 -20 23 24 -5 -4 -1 -24 -3 -28 -19 -6
right_child=1 2 20 4 29 8 -8 10 9 -11 16 -13 13 14 -16 -17 -18 28 19 -21 -22 -23 25 -25 -26 -27 27 -29 -30 -31
leaf_value=-0.004700534306495867 0.0071007085447349861 0.0070155070531917243 0.0014398638306337655 0.0082873939553445037 -0.0086918337066675087 0.011560675388943229 -0.0043930991704110058 0.00812095827018754 -0.0032544519151410751 0.0092465047027422663 -0.0010256893758786897 -0.010507998548886356 0.005862079036821212 -0.003448583235206575 -0.01172505996760822 -0.0060924010737626643 0.0079448297260561965 -0.0037653789950104861 -0.00090586930939129428 0.011921233568379347 0.0032717240243395674 -0.012334701912034125 -0.0012100063301900875 -0.0051120825973762704 -0.0081980717919948615 0.0044194311175731497 -0.00016406954717464173 0.0051669955073092655 0.0012320365732899163 -0.0017176937935873865
leaf_weight=159 31 95 49 33 81 191 68 78 31 136 138 85 35 193 31 54 25 65 70 24 79 42 67 55 205 71 65 90 82 20
leaf_count=159 31 95 49 33 81 191 68 78 31 136 138 85 35 193 31 54 25 65 70 24 79 42 67 55 205 71 65 90 82 20
internal_value=-5.36037e-12 0.00382477 0.00573125 -0.00476517 -0.00156156 0.00737757 0.000868044 0.00116511 0.00939867 0.00692597 0.002726 -0.00621748 -0.00566906 -0.00318101 -0.00459399 -0.00108875 0.000350157 0.00042921 0.00497752 0.00236914 0.000261503 -0.00725627 0.00296019 -0.00202511 -0.0066703 0.0016863 0.00448335 0.00293139 -0.000977705 -0.00731082
internal_weight=2448 1358 791 1090 340 608 239 567 358 167 335 750 665 259 224 232 163 178 172 94 183 406 171 104 364 138 250 155 147 101
internal_count=2448 1358 791 1090 340 608 239 567 358 167 335 750 665 259 224 232 163 178 172 94 183 406 171 104 364 138 250 155 147 101
is_linear=0
shrinkage=0.04


Tree=56
num_leaves=31
num_cat=0
split_feature=9 9 9 7 7 9 6 7 6 6 9 6 9 6 9 7 7 9 7 6 9 7 6 8 10 5 6 9 10 7
split_gain=25.789 3.72759 3.68574 3.70357 3.27218 2.05691 2.47277 2.82523 2.04471 1.52453 1.48065 1.37379 1.26875 1.17126 1.47064 2.08754 0.857003 0.985641 0.806178 0.749271 0.701989 0.77916 0.66938 0.874718 0.642253 0.624761 0.607291 0.394397 0.366186 0.717473
threshold=2.8024408817291264 2.0344814062118535 4.3477458953857431 2.8820317983627324 2.3358467817306523 3.6764580011367802 4.733356475830079 4.3640651702880868 3.6025190353393559 2.2329449653625493 3.2049460411071782 5.1504011154174814 4.7583940029144296 2.1300843954086308 1.5078558325767519 2.6857511997222905 1.2673206329345705 1.2125310897827151 1.4849550724029543 2.8564720153808598 3.3967702388763432 2.5328249931335454 2.7453947067260747 2.8572005033493046 4.886399745941163 26.456167221069339 2.8723449707031254 2.4651880264282231 5.4389898777008066 4.8505730628967294
decision_type=2 2 2 2 2 2 2 2 2 2 2 2 2 2 2 2 2 2 2 2 2 2 2 2 2 2 2 2 2 2
left_child=1 13 3 19 22 8 7 -7 10 27 -5 28 -13 14 16 18 17 -1 -16 -2 21 -21 23 -3 -10 -11 -27 -6 29 -4
right_child=2 4 11 5 9 6 -8 -9 24 25 -12 12 -14 -15 15 -17 -18 -19 -20 20 -22 -23 -24 -25 -26 26 -28 -29 -30 -31
leaf_value=-0.00714876524004517 0.013174087767090116 0.012086819720764955 0.015031209259461133 -0.0011537079298868777 -0.00068954262973331825 0.0076899302517995241 -0.007577002762028804 -0.00030826437956706039 -0.0060419002859906732 -0.0097943897521042302 0.0036515004671133695 0.00092012949749491679 0.010883094714715696 -0.011754012733697892 0.0014386116449240144 -0.011480586696893742 -0.009596895140906175 -0.0027245838669724604 -0.0035104929563030602 0.0074959592867110464 0.0094899124166042334 0.00018650559935485942 -0.0014945795669637878 0.0034392896259532258 0.0011229321811921321 -0.0026378655498130966 -0.0089033281507299219 0.006161941902246326 0.017600856214761734 0.0068032053721447782
leaf_weight=254 35 24 39 175 41 230 26 102 87 46 248 43 39 50 91 39 123 118 125 56 82 40 29 85 26 91 34 20 20 30
leaf_count=254 35 24 39 175 41 230 26 102 87 46 248 43 39 50 91 39 123 118 125 56 82 40 29 85 26 91 34 20 20 30
internal_value=-8.81211e-12 -0.00429085 0.00392825 0.00308398 -0.000970953 0.00195466 0.00430234 0.00523265 0.000386612 -0.00387213 0.00166353 0.00939378 0.00565861 -0.00582631 -0.00543113 -0.0029633 -0.00670244 -0.0057454 -0.00142545 0.00782394 0.00677195 0.00445035 0.00390638 0.00534333 -0.00439335 -0.00580878 -0.00434207 0.00155685 0.0128352 0.0114538
internal_weight=2448 1170 1278 1107 370 894 358 332 536 232 423 171 82 800 750 255 495 372 216 213 178 96 138 109 113 171 125 61 89 69
internal_count=2448 1170 1278 1107 370 894 358 332 536 232 423 171 82 800 750 255 495 372 216 213 178 96 138 109 113 171 125 61 89 69
is_linear=0
shrinkage=0.04


Tree=57
num_leaves=31
num_cat=0
split_feature=9 9 7 9 7 6 9 6 7 9 6 9 10 7 9 6 6 9 6 9 7 7 9 6 1 9 6 7 7 6
split_gain=23.8233 4.1145 3.71948 1.8504 2.34959 1.74826 1.51991 1.65408 1.51977 2.16897 1.92337 1.69452 1.45283 1.31286 1.21973 1.66181 1.38653 1.12986 1.06153 0.959904 0.878483 0.85921 1.08673 1.97688 0.829182 0.819712 1.00922 0.757064 0.73091 0.691033
threshold=2.5090514421463017 3.6888254880905156 3.1655212640762334 1.6423485279083254 2.5328249931335454 1.8825560808181765 3.0054669380187993 3.1409964561462407 3.6893774271011357 4.8127872943878183 4.1731791496276864 4.2630057334899911 2.519916415214539 3.9244179725646977 2.8556475639343266 2.92451024055481 4.0270688533782968 2.0036932229995732 2.9339209794998173 3.3765465021133427 2.7866140604019169 1.4567362666130068 1.1006224751472475 1.0880553722381594 4.5000000000000009 4.3790042400360116 4.3413412570953378 4.4353468418121347 2.5605835914611821 1.6187973618507387
decision_type=2 2 2 2 2 2 2 2 2 2 2 2 2 2 2 2 2 2 2 2 2 2 2 2 2 2 2 2 2 2
left_child=3 2 14 21 5 12 18 19 25 10 11 -10 -5 -9 15 28 20 -7 -4 -8 -16 22 -1 -24 -14 26 -3 -12 -2 -25
right_child=1 8 6 4 -6 17 7 13 9 -11 27 -13 24 -15 16 -17 -18 -19 -20 -21 -22 -23 23 29 -26 -27 -28 -29 -30 -31
leaf_value=-0.0077840150129150154 0.006157486200235881 0.01024666950701082 -0.0030541902630855993 -0.0015309396050870419 -0.0072850895900693205 -0.0077932809571032982 0.0015613320990978334 -8.7601817395101048e-06 0.0047725004776509958 0.012009540949430731 0.0027229818667250652 0.016914395235833667 0.011062253741057295 -0.0065032226123941548 0.008670291077450978 -0.0054072773387265757 -0.0040450598333369604 -0.0004235637681558728 -0.013260820313640263 0.0092272337103212199 0.004180519827903891 -0.0090399570195145457 0.0022182223825824845 -0.0041996632864745925 0.0014396178507519401 0.015435590318271093 0.0028486590589894807 -0.0029351946864847722 8.7534962566914392e-05 -0.0090222567722872456
leaf_weight=186 77 94 56 55 117 57 89 179 148 54 81 21 38 69 137 43 22 80 23 37 142 132 66 158 23 28 43 71 54 68
leaf_count=186 77 94 56 55 117 57 89 179 148 54 81 21 38 69 137 43 22 80 23 37 142 132 66 158 23 28 43 71 54 68
internal_value=-2.68735e-12 0.00322407 0.00160868 -0.00482953 -0.00259779 -0.000430146 -0.000984454 8.04165e-05 0.00600016 0.00459256 0.00334484 0.00628126 0.00318341 -0.00181569 0.00408171 0.00141575 0.00562283 -0.0034898 -0.00602574 0.00381243 0.00638517 -0.00618321 -0.00539432 -0.00387212 0.00743405 0.00919925 0.00792467 8.00178e-05 0.00365537 -0.00565071
internal_weight=2448 1468 928 980 370 253 453 374 540 375 321 169 116 248 475 174 301 137 79 126 279 610 478 292 61 165 137 152 131 226
internal_count=2448 1468 928 980 370 253 453 374 540 375 321 169 116 248 475 174 301 137 79 126 279 610 478 292 61 165 137 152 131 226
is_linear=0
shrinkage=0.04


Tree=58
num_leaves=31
num_cat=0
split_feature=9 9 7 9 7 9 6 7 6 6 9 6 9 6 9 7 6 7 9 6 9 7 0 10 9 6 6 8 7 10
split_gain=21.9618 3.22989 3.11846 3.09157 2.83931 1.7508 2.24476 2.54104 1.78637 1.7502 1.3977 1.20363 1.06708 1.03926 1.32203 1.93757 1.33855 0.720961 0.797298 0.717852 0.718256 0.828236 0.699737 0.579662 0.429962 0.434481 0.393111 0.938472 0.356632 0.320589
threshold=2.7901194095611577 4.3477458953857431 2.8820317983627324 2.0344814062118535 2.1300843954086308 3.6764580011367802 4.733356475830079 4.6529037952423105 3.6025190353393559 2.2329449653625493 3.1295689344406132 5.1504011154174814 4.7583940029144296 2.1300843954086308 1.3831536769866946 2.2196817398071294 1.0880553722381594 1.0325130820274355 0.93502363562583934 2.8564720153808598 3.3967702388763432 2.5328249931335454 15.500000000000002 4.886399745941163 2.484647393226624 2.0635535717010502 2.7545197010040288 2.8572005033493046 2.6857511997222905 5.4389898777008066
decision_type=2 2 2 2 2 2 2 2 2 2 2 2 2 2 2 2 2 2 2 2 2 2 2 2 2 2 2 2 2 2
left_child=3 2 19 13 26 8 7 -7 10 24 -4 29 -13 14 17 16 -16 18 -1 -2 21 -21 -11 -10 25 -6 27 -5 -17 -3
right_child=1 11 5 4 9 6 -8 -9 23 22 -12 12 -14 -15 15 28 -18 -19 -20 20 -22 -23 -24 -25 -26 -27 -28 -29 -30 -31
leaf_value=-0.0095952442839093832 0.012245053119129606 0.010643684182693994 -0.0019085285315910974 0.013075953878107525 0.0031183412003106085 0.0065958640933262581 -0.0073849688054850472 -0.0020753170910757035 -0.0057124250253726694 -0.0019276546960275982 0.0030460953678885083 0.00087317923135340732 0.010010066799437389 -0.010961202271655202 0.0067652180790901189 -0.0058826261959396874 -0.0023821959761932596 -0.008287245171044821 -0.0036517265863672257 0.0068436624606450407 0.0088560503730323262 -0.00048014276350537933 -0.0071837733826066695 0.0010943311603310015 0.0064904831511818839 -0.0043361873933198776 -0.00050825885683298112 0.0033675291392049099 -0.010871675781360486 0.016395298212766647
leaf_weight=46 36 69 132 21 29 264 26 68 87 62 294 43 39 50 29 52 218 196 168 60 82 42 117 26 23 22 20 66 41 20
leaf_count=46 36 69 132 21 29 264 26 68 87 62 294 43 39 50 29 52 218 196 168 60 82 42 117 26 23 22 20 66 41 20
internal_value=2.76296e-13 0.0035955 0.00281177 -0.00399225 -0.000913923 0.00176508 0.00393346 0.00481984 0.000324857 -0.00322411 0.00151086 0.00871497 0.00521877 -0.00537749 -0.00500525 -0.00316107 -0.00130821 -0.00653456 -0.00492931 0.00707942 0.00606875 0.00382798 -0.00536322 -0.00414627 0.00195023 -9.73378e-05 0.00454847 0.00571094 -0.0080821 0.0119362
internal_weight=2448 1288 1117 1160 360 897 358 332 539 253 426 171 82 800 750 340 247 410 214 220 184 102 179 113 74 51 107 87 93 89
internal_count=2448 1288 1117 1160 360 897 358 332 539 253 426 171 82 800 750 340 247 410 214 220 184 102 179 113 74 51 107 87 93 89
is_linear=0
shrinkage=0.04


Tree=59
num_leaves=31
num_cat=0
split_feature=9 9 7 9 9 7 7 6 7 6 9 6 7 6 10 7 9 9 6 7 9 6 10 6 7 9 9 6 9 9
split_gain=20.3166 3.98325 2.94185 2.19026 1.91811 1.56774 1.41919 1.47913 1.32349 1.26586 1.14664 2.16768 1.56495 1.11449 1.03619 1.03517 0.942061 0.848068 0.82474 0.814053 0.949729 1.34705 0.792152 0.758172 0.755892 0.48967 0.486685 0.466862 0.432992 0.409052
threshold=2.3720655441284184 4.0005968809127816 3.2443662881851201 3.4046241044998173 3.0054669380187993 4.3640651702880868 2.4824078083038335 3.4446620941162114 5.1504011154174814 3.7231843471527104 1.5486373305320742 2.0635535717010502 2.6857511997222905 3.7396003007888798 2.40953540802002 3.6893774271011357 4.5478744506835946 4.3477458953857431 2.9339209794998173 1.1265900731086733 1.0388755798339846 1.1593216657638552 3.9385921955108647 3.5006365776062016 1.5225923061370852 1.9367739558219912 1.7657201886177065 1.6187973618507387 1.2125310897827151 1.2934277057647707
decision_type=2 2 2 2 2 2 2 2 2 2 2 2 2 2 2 2 2 2 2 2 2 2 2 2 2 2 2 2 2 2
left_child=10 2 3 6 18 13 22 -8 9 -3 19 12 14 -6 -12 -11 -17 -10 -4 20 -1 28 -2 -5 -13 -14 -16 -21 -22 -23
right_child=1 8 4 23 5 -7 7 -9 17 15 11 24 25 -15 26 16 -18 -19 -20 27 21 29 -24 -25 -26 -27 -28 -29 -30 -31
leaf_value=-0.0072262101403127114 0.0035077169524424428 0.017675598964095117 -0.0035309944674372673 0.013111185390088294 0.0029369678063306094 -0.0051547830927257355 0.0018937663000078864 -0.005908595954432435 -0.0024194025163564625 0.011379460306728588 -0.00274270568653861 -0.0027457944625480608 -0.010822465933602433 -0.0013580010301786764 -0.00046542025763880122 0.0029772850616397906 0.008956372896964486 0.005777542326174191 -0.012508723397146574 -0.0071172462503527305 -0.00078490692548857958 -0.0079267073679586946 0.0094162607360996457 0.0063416018109768626 -0.010010434384147327 -0.0026867487840354443 0.0048207520232780984 -0.013240460956638509 0.005601242949068547 -0.0028445531411303415
leaf_weight=126 126 20 64 36 290 65 251 46 36 68 93 33 29 145 44 98 74 46 22 211 53 58 51 100 75 20 76 22 25 45
leaf_count=126 126 20 64 36 290 65 251 46 36 68 93 33 29 145 44 98 74 46 22 211 53 58 51 100 75 20 76 22 25 45
internal_value=-1.6233e-12 0.002803 0.00171445 0.00365886 -0.000309601 0.000639499 0.00237498 0.00068532 0.00660973 0.00800716 -0.00473737 -0.00302204 -0.00105633 0.00150531 0.000426418 0.00720145 0.00554968 0.00217888 -0.00582762 -0.00591269 -0.00455969 -0.00270344 0.00521018 0.00813355 -0.00779068 -0.00750177 0.00288249 -0.0076954 0.00126194 -0.00570635
internal_weight=2448 1538 1196 610 586 500 474 297 342 260 910 370 262 435 213 240 172 82 86 540 307 181 177 136 108 49 120 233 78 103
internal_count=2448 1538 1196 610 586 500 474 297 342 260 910 370 262 435 213 240 172 82 86 540 307 181 177 136 108 49 120 233 78 103
is_linear=0
shrinkage=0.04


Tree=60
num_leaves=31
num_cat=0
split_feature=9 3 0 9 7 6 10 6 9 9 0 6 7 9 6 7 9 9 9 7 9 7 9 5 6 9 6 6 9 7
split_gain=18.8417 2.78233 3.01475 2.69388 2.65558 1.55065 1.32056 1.07799 1.99327 0.905164 1.11971 0.94113 0.89256 1.29705 1.49229 0.80914 1.13151 0.625968 0.61917 0.570767 0.583927 0.561415 0.555454 0.844289 0.551924 0.54689 0.937892 0.540965 0.497437 0.699748
threshold=2.8024408817291264 1.0000000180025095e-35 19.500000000000004 1.9235156774520876 2.7563744783401494 2.5802594423294072 4.2365901470184335 4.2344374656677255 4.0005968809127816 4.3477458953857431 11.500000000000002 5.2763760089874276 2.0138241052627568 1.2633685469627383 1.4209519028663637 3.7834835052490239 3.308185458183289 3.6692781448364262 1.4870257973670962 0.96591278910636913 0.93502363562583934 1.0709629058837893 2.5667730569839482 32.622646331787116 2.7062610387802128 3.8774524927139287 3.1750702857971196 1.5046928524971011 2.3720655441284184 2.2720005512237553
decision_type=2 2 2 2 2 2 2 2 2 2 2 2 2 2 2 2 2 2 2 2 2 2 2 2 2 2 2 2 2 2
left_child=3 9 6 12 5 22 -3 -8 -9 10 -2 -11 13 19 21 16 -12 -17 -16 20 -1 -15 23 -5 -6 26 -4 -14 -7 -30
right_child=1 2 25 4 24 28 7 8 -10 11 15 -13 27 14 18 17 -18 -19 -20 -21 -22 -23 -24 -25 -26 -27 -28 -29 29 -31
leaf_value=-0.0086621006329854339 -0.0050869339518249037 0.0038782690793529831 0.0038619051498773676 0.0038928854778788771 -0.0040939985749658568 -0.0079935234863660297 0.0098892928556435639 -0.0036745643255210693 0.0075650273488067537 0.012891847632825375 8.4087562825917812e-05 0.0021719176758472859 -0.0068982120791634361 0.0057465440194521631 -0.0084800575145266271 -0.0045030230850700223 0.0050908599437817061 0.0010116298997383684 -0.0033994287269842609 -0.0077902160399185303 -0.00297898620819199 -0.00069832008939824607 0.0070947906275590257 -0.0030174466605799705 -0.009736850137511889 0.0046910595255238666 -0.0032640188081810872 -0.013541496914625169 0.0033441767450422049 -0.004578275591643019
leaf_weight=39 50 220 44 103 96 24 189 31 136 20 154 38 91 28 55 57 136 78 127 178 112 95 45 39 39 35 90 25 30 44
leaf_count=39 50 220 44 103 96 24 189 31 136 20 154 38 91 28 55 57 136 78 127 178 112 95 45 39 39 35 90 25 30 44
internal_value=-7.38866e-12 0.0033577 0.00493634 -0.00366764 -0.00110279 0.00108628 0.00631463 0.00782025 0.00547864 0.00115115 0.000575146 0.00586845 -0.00510396 -0.00451371 -0.00263465 0.00124127 0.00243209 -0.00131678 -0.00493478 -0.0062557 -0.00444681 0.000768803 0.00322221 0.00199498 -0.00572416 0.000238753 -0.000924163 -0.00832995 -0.00298942 -0.00136647
internal_weight=2448 1278 745 1170 420 285 576 356 167 533 475 58 750 634 305 425 290 135 182 329 151 123 187 142 135 169 134 116 98 74
internal_count=2448 1278 745 1170 420 285 576 356 167 533 475 58 750 634 305 425 290 135 182 329 151 123 187 142 135 169 134 116 98 74
is_linear=0
shrinkage=0.04


Tree=61
num_leaves=31
num_cat=0
split_feature=9 3 0 9 7 10 6 9 10 6 9 9 0 9 7 6 6 7 9 6 6 9 7 6 6 9 6 10 7 7
split_gain=17.3925 2.79058 2.89158 2.03929 2.27646 1.41667 1.17724 1.5072 1.19224 0.978696 1.83699 0.91291 0.944494 0.919609 0.983881 0.963695 0.867345 0.770099 1.00313 1.25758 0.674283 0.781334 0.647333 0.59256 0.577529 0.53197 0.523834 0.50423 0.468536 0.392291
threshold=2.6853549480438237 1.0000000180025095e-35 19.500000000000004 1.6423485279083254 2.7306599617004399 4.2365901470184335 1.8825560808181765 2.0036932229995732 2.8723449707031254 4.2344374656677255 4.0005968809127816 4.3477458953857431 11.500000000000002 3.2157698869705205 3.7834835052490239 2.7453947067260747 5.2763760089874276 1.2549898624420168 1.3831536769866946 1.5426399111747744 1.4567362666130068 1.0249598622322085 1.7344411015510561 2.7302757501602177 3.0954934358596806 3.5268166065216069 3.1750702857971196 3.8114472627639775 4.3640651702880868 1.4209519028663637
decision_type=2 2 2 2 2 2 2 2 2 2 2 2 2 2 2 2 2 2 2 2 2 2 2 2 2 2 2 2 2 2
left_child=3 11 5 17 6 24 8 22 29 -7 -11 12 -2 15 -15 -14 -13 18 20 -20 21 -1 -8 -9 -3 26 -4 -26 -27 -5
right_child=1 2 25 4 -6 9 7 23 -10 10 -12 16 13 14 -16 -17 -18 -19 19 -21 -22 -23 -24 -25 27 28 -28 -29 -30 -31
leaf_value=-0.0070552033940029721 -0.004883456625416875 0.006027836002801594 0.0011602169284985091 0.0050397773720324036 -0.006557766894871476 0.0094517727030919013 -0.0040944656656172716 0.0013733017164040645 0.0084038575940454992 -0.0035275817301965531 0.0072624263041550022 0.01237617363280151 0.0031865092061460023 0.0041448734879006889 -0.00060013821220089656 -0.0034480182094196988 0.0020850408699755606 -0.0073031038125319515 0.0055680257235379785 -0.0047263353939038209 -0.010586558966075672 -0.0028847771527569701 -0.012596701830625534 -0.0040487203902976462 -0.00061758300662040713 0.0045449381341275416 -0.0046617361183698266 0.004005826787247012 -0.0018517004691616255 -0.0013782056351192295
leaf_weight=124 50 95 48 20 121 191 38 129 42 31 136 20 50 176 116 117 38 204 34 43 34 171 23 43 65 57 51 90 27 64
leaf_count=124 50 95 48 20 121 191 38 129 42 31 136 20 50 176 116 117 38 204 34 43 34 171 23 43 65 57 51 90 27 64
internal_value=-1.02054e-12 0.00302064 0.00455582 -0.00376333 -0.0018129 0.00588265 -0.00021365 -0.00189808 0.00290121 0.00749616 0.00525949 0.000878962 0.000337163 0.000905858 0.00225987 -0.00146163 0.00563371 -0.00529809 -0.00429065 -0.000180773 -0.00525254 -0.00463777 -0.00730023 1.77962e-05 0.0035721 0.000147582 -0.00183897 0.00206698 0.00248888 0.000149886
internal_weight=2448 1358 791 1090 480 608 359 233 126 358 167 567 509 459 292 167 58 610 406 77 329 295 61 172 250 183 99 155 84 84
internal_count=2448 1358 791 1090 480 608 359 233 126 358 167 567 509 459 292 167 58 610 406 77 329 295 61 172 250 183 99 155 84 84
is_linear=0
shrinkage=0.04


Tree=62
num_leaves=31
num_cat=0
split_feature=9 3 0 9 7 10 6 10 6 9 9 0 6 7 9 6 6 0 9 7 7 9 9 7 9 6 6 6 10 6
split_gain=16.0587 2.41501 2.53153 2.24888 2.35955 1.14006 0.971724 1.12141 0.825178 1.49831 0.780396 0.937597 0.799345 0.710682 0.833896 1.6396 0.752284 0.700537 0.697512 0.711737 0.680726 1.02195 0.582837 0.488681 0.639396 0.501012 0.448739 0.401173 0.477949 0.375744
threshold=2.7901194095611577 1.0000000180025095e-35 19.500000000000004 1.6423485279083254 2.7563744783401494 4.3684298992156991 2.4692188501358037 2.6932039260864262 4.2344374656677255 4.0210602283477792 4.3477458953857431 11.500000000000002 5.2763760089874276 1.4567362666130068 1.1006224751472475 0.97470009326934826 1.6187973618507387 6.5000000000000009 2.3720655441284184 2.1028213500976567 3.7834835052490239 3.308185458183289 3.6692781448364262 4.4353468418121347 3.574022769927979 3.1750702857971196 1.2373305559158327 3.0954934358596806 3.8114472627639775 2.7062610387802128
decision_type=2 2 2 2 2 2 2 2 2 2 2 2 2 2 2 2 2 2 2 2 2 2 2 2 2 2 2 2 2 2
left_child=3 10 5 13 6 27 7 -5 -7 -10 11 -2 -12 14 -1 -16 -17 -9 -8 -20 21 -13 -22 24 25 -4 -15 -3 -29 -6
right_child=1 2 23 4 29 8 18 17 9 -11 12 20 -14 26 15 16 -18 -19 19 -21 22 -23 -24 -25 -26 -27 -28 28 -30 -31
leaf_value=-0.0064620243410469704 -0.004688118391437456 0.0062948760013153528 0.0024267729180487427 -0.0016810644156825933 -0.0046810911707232889 0.0095884228638367149 -0.0077096772002322334 0.0097850123886018998 -0.0042373580959710203 0.0070378043657789626 0.011881126841530204 -8.4632162971398501e-06 0.0020016393746788565 -0.0062561060263154411 0.0056618837510505997 -0.0027935780167888486 -0.0076861580872141268 0.0023884848267729727 0.0050092675601658612 -0.0032296371303739088 -0.0043261062621808887 0.0047214305981897802 0.0009951703439060695 -0.0055995768681168555 0.0041351536316205821 -0.0036626548538557613 -0.011492798142135144 1.2589534744620323e-05 0.0042939075158739629 -0.0093202717028356887
leaf_weight=186 50 81 37 115 114 151 35 24 22 132 20 158 38 96 31 193 68 140 23 62 57 136 78 20 63 52 36 61 132 37
leaf_count=186 50 81 37 115 114 151 35 24 22 132 20 158 38 96 31 193 68 140 23 62 57 136 78 20 63 52 36 61 132 37
internal_value=-7.10167e-12 0.00307455 0.00453918 -0.00341381 -0.001559 0.00580495 5.27386e-05 0.00134733 0.00748728 0.00542707 0.00102624 0.00049563 0.00540836 -0.00508617 -0.0043687 -0.00303528 -0.00406827 0.0034709 -0.00295719 -0.00100029 0.0010998 0.00217951 -0.00125159 0.000278231 0.00105163 -0.00113109 -0.00768429 0.00393229 0.00294074 -0.00581784
internal_weight=2448 1288 751 1160 550 579 399 279 305 154 537 479 58 610 478 292 261 164 120 85 429 294 135 172 152 89 132 274 193 151
internal_count=2448 1288 751 1160 550 579 399 279 305 154 537 479 58 610 478 292 261 164 120 85 429 294 135 172 152 89 132 274 193 151
is_linear=0
shrinkage=0.04


Tree=63
num_leaves=31
num_cat=0
split_feature=9 9 7 7 9 6 7 9 7 9 6 6 10 7 6 9 6 6 6 9 7 7 9 6 7 9 6 5 7 5
split_gain=14.9038 2.74618 2.74555 1.15709 1.57895 1.81759 1.20581 1.15508 1.77551 1.04924 1.55815 1.04271 1.18244 0.969038 0.953593 0.894637 1.23629 1.20529 0.792702 0.743292 0.721264 0.704022 0.742818 1.13853 0.694061 0.645718 0.831937 0.632024 0.47021 0.44481
threshold=2.5090514421463017 3.6764580011367802 3.1419755220413212 3.6893774271011357 4.8127872943878183 4.1731791496276864 5.1990761756896982 1.5486373305320742 2.4695937633514409 3.0987735986709599 3.36950695514679 2.2194455862045293 2.40953540802002 4.1058359146118173 2.5918210744857793 2.8738032579422002 2.92451024055481 3.9614409208297734 2.8813142776489262 2.0344814062118535 3.8724123239517216 1.1265900731086733 1.0388755798339846 1.1711703538894656 4.4353468418121347 4.3790042400360116 4.4353468418121347 24.402875900268558 2.5605835914611821 30.125874519348148
decision_type=2 2 2 2 2 2 2 2 2 2 2 2 2 2 2 2 2 2 2 2 2 2 2 2 2 2 2 2 2 2
left_child=7 2 15 25 5 6 -5 21 11 14 13 12 -9 -11 -4 16 28 18 -17 -13 -12 22 -1 -24 -7 26 -3 -14 -2 -6
right_child=1 3 9 4 29 24 -8 8 -10 10 20 19 27 -15 -16 17 -18 -19 -20 -21 -22 -23 23 -25 -26 -27 -28 -29 -30 -31
leaf_value=-0.0061595021056691339 0.0051593125126673843 0.0081050549430447989 0.00030347144474153937 0.0073048521657619863 0.0071147058137199463 0.0018381275605809475 -0.00043724524182115881 -0.0024346344239639067 -0.0058859081936170204 0.0043264759218187209 -0.00087108832968583517 -0.0097625954815282901 0.0055324705878178337 -0.0023115383064810265 -0.0070694117004879639 0.010708387305223666 -0.0043944169564739521 -0.0032800760750587173 0.0047219428476411853 -0.0010455031725851928 -0.0065797950819922761 -0.0067173745019197496 0.0013652919374448017 -0.0050148209753911946 -0.0035341184720082183 0.013090494158012528 0.00076960947713814679 -0.00028714641492115332 0.00038032016105717049 0.014632484235800802
leaf_weight=126 80 109 46 128 34 84 43 103 147 140 111 29 79 47 72 43 46 26 200 34 52 233 81 100 71 28 32 48 56 20
leaf_count=126 80 109 46 128 34 84 43 103 147 140 111 29 79 47 72 43 46 26 200 34 52 233 81 100 71 28 32 48 56 20
internal_value=5.10803e-12 0.00255008 0.0012129 0.00478846 0.00356381 0.00251442 0.00535801 -0.00381991 -0.00229858 -0.000933363 0.000166355 -0.000498797 0.000750064 0.0026581 -0.00419524 0.00344006 0.00127417 0.00490545 0.00578127 -0.00505813 -0.00269227 -0.00505952 -0.00380127 -0.00215963 -0.000622708 0.00754208 0.00644027 0.00333293 0.00319149 0.00989907
internal_weight=2448 1468 919 549 380 326 171 980 440 468 350 293 230 187 118 451 182 269 243 63 163 540 307 181 155 169 141 127 136 54
internal_count=2448 1468 919 549 380 326 171 980 440 468 350 293 230 187 118 451 182 269 243 63 163 540 307 181 155 169 141 127 136 54
is_linear=0
shrinkage=0.04


Tree=64
num_leaves=31
num_cat=0
split_feature=9 9 7 9 6 9 7 6 6 7 9 0 0 10 7 6 9 6 6 9 6 9 6 6 9 10 9 7 9 6
split_gain=13.7485 2.85195 2.29954 1.59924 1.55353 1.36154 1.368 1.13885 1.10834 1.04916 1.39964 0.843666 1.1869 1.0365 0.809044 0.79497 0.778738 0.72549 0.658362 0.830069 0.627054 1.06434 0.529148 0.523489 0.891569 0.495167 0.48097 0.61553 0.453965 0.397586
threshold=2.3720655441284184 4.0005968809127816 3.2443662881851201 3.1837949752807622 2.5918210744857793 3.0054669380187993 4.510789394378663 3.4180608987808232 3.797432661056519 4.8505730628967294 4.9089767932891855 1.5000000000000002 14.500000000000002 2.7841308116912846 2.4073688983917241 5.2478926181793222 3.5100485086441044 2.9339209794998173 4.1731791496276864 4.1754446029663095 1.3096864819526675 1.7403523921966555 1.1131681799888613 3.8596783876419072 4.3790042400360116 4.3017389774322519 1.1233878135681155 1.4567362666130068 0.94648861885070812 0.97470009326934826
decision_type=2 2 2 2 2 2 2 2 2 2 2 2 2 2 2 2 2 2 2 2 2 2 2 2 2 2 2 2 2 2
left_child=11 2 3 4 25 17 8 -5 -7 15 18 22 13 28 -6 23 -9 -4 19 -11 21 -14 26 -3 -25 -2 -1 -28 -13 -30
right_child=1 9 5 7 14 6 -8 16 -10 10 -12 12 20 -15 -16 -17 -18 -19 -20 -21 -22 -23 -24 24 -26 -27 27 -29 29 -31
leaf_value=-0.0064536969269187571 0.0037885437749963654 0.01423763591618765 -0.0028997897766384994 0.0097827515463034306 0.0033936063897249008 0.0021883305334515083 -0.0077432353842643003 0.0005291330725399416 -0.002078738272446545 -0.00058826999627053741 0.012503296336159112 -0.0083957081350187462 -0.0062893159518501275 0.0018980789470224408 -0.0019006961618275571 0.0012682766616344452 0.0062523855277421807 -0.011320012205026367 -0.0016481708790524862 0.0098262536867211262 -0.0081458877187480429 0.0043233353963920045 -0.0089212054635087641 0.0053198881662514024 0.011627516653050077 0.010308215157552199 0.0034685389748351143 -0.0057053243309259415 0.00064800143807328169 -0.0031821135233251491
leaf_weight=85 122 21 64 75 63 331 31 67 138 25 20 24 54 80 173 30 88 22 64 24 101 21 72 103 55 22 22 25 49 377
leaf_count=85 122 21 64 75 63 331 31 67 138 25 20 24 54 80 173 30 88 22 64 24 101 21 72 103 55 22 22 25 49 377
internal_value=-1.02536e-11 0.00230581 0.00138473 0.00310382 0.00151042 -0.000404771 0.000394862 0.00573638 0.000932775 0.00552692 0.00274967 -0.00389708 -0.00324238 -0.00229727 -0.000487387 0.00729426 0.00377846 -0.0050538 0.00102337 0.00451272 -0.00608845 -0.00331777 -0.00616282 0.0083042 0.00751558 0.0047846 -0.00465825 -0.00141118 -0.00304311 -0.00274156
internal_weight=2448 1538 1196 610 380 586 500 230 469 342 133 910 706 530 236 209 155 86 113 49 176 75 204 179 158 144 132 47 450 426
internal_count=2448 1538 1196 610 380 586 500 230 469 342 133 910 706 530 236 209 155 86 113 49 176 75 204 179 158 144 132 47 450 426
is_linear=0
shrinkage=0.04


Tree=65
num_leaves=31
num_cat=0
split_feature=9 9 7 9 6 9 7 6 6 6 9 10 7 6 7 9 6 6 9 7 6 7 9 7 9 6 9 6 6 10
split_gain=12.7407 2.1762 2.3205 1.62502 1.85219 1.4848 1.78055 1.42369 1.08093 1.03071 1.20268 0.984247 0.913944 0.810895 0.631258 0.826078 1.06243 0.603992 0.748101 0.587491 0.585549 1.01537 1.51284 0.499984 0.446695 0.422423 0.793911 0.511918 0.398797 0.388951
threshold=2.6853549480438237 4.2630057334899911 2.8129218816757207 3.2049460411071782 3.36950695514679 1.6423485279083254 2.7306599617004399 4.733356475830079 3.1491291522979741 1.8825560808181765 2.0036932229995732 2.8723449707031254 4.1058359146118173 5.4389898777008066 1.2113734483718874 1.3831536769866946 1.5225923061370852 1.3892279267311098 1.0388755798339846 1.7344411015510561 4.0051825046539316 4.7900645732879648 4.9089767932891855 2.1300843954086308 3.0760788917541508 2.7180006504058842 3.1617512702941899 3.3236540555953984 2.558129191398621 4.4514498710632333
decision_type=2 2 2 2 2 2 2 2 2 2 2 2 2 2 2 2 2 2 2 2 2 2 2 2 2 2 2 2 2 2
left_child=5 2 25 8 12 14 9 -6 28 11 19 -7 -5 20 15 17 -17 18 -1 -11 -3 -22 -23 -12 -10 -2 27 -27 -4 -8
right_child=1 13 3 4 7 6 29 -9 24 10 23 -13 -14 -15 -16 16 -18 -19 -20 -21 21 22 -24 -25 -26 26 -28 -29 -30 -31
leaf_value=-0.0058814350603404279 0.0089637829818659358 0.01384828269481659 0.0027682697820496194 0.0070594355734201128 0.0011067549685251526 0.00027238294462828591 -0.0068517091356892594 -0.0095331273352106411 -0.010098904566518192 -0.0034901176577381864 0.0025345714680022665 0.0077718951345221807 0.0014675012941006572 7.4184893702085204e-06 -0.0062256981822507527 0.0060462594541410607 -0.0036716545270238489 -0.008692024341258018 -0.0016383835466026709 -0.011589831058745798 0.010027207276628662 -0.00071936519389661656 0.011947643341581254 -0.0018369840787781869 -0.0031923509040667165 0.004698809194068114 0.006950530778860378 -0.0015203735370887446 -0.0015524530308568371 -0.001071769463951173
leaf_weight=131 45 21 49 137 481 84 98 21 29 38 72 42 71 26 223 30 45 46 135 23 72 48 22 100 31 45 107 40 113 23
leaf_count=131 45 21 49 137 481 84 98 21 29 38 72 42 71 26 223 30 45 46 135 23 72 48 22 100 31 45 107 40 113 23
internal_value=-8.48588e-12 0.00258532 0.00194147 0.00104279 0.00197674 -0.00322098 -0.0015567 0.00066166 -0.0019442 -0.00014234 -0.00171845 0.00277222 0.00515065 0.00656764 -0.00453057 -0.0035538 0.000215511 -0.00445988 -0.00372801 -0.00654411 0.00761406 0.0066921 0.00326169 -7.03059e-06 -0.00653052 0.00547556 0.00465801 0.00177213 -0.000245568 -0.00575304
internal_weight=2448 1358 1169 932 710 1090 480 502 222 359 233 126 208 189 610 387 75 312 266 61 163 142 70 172 60 237 192 85 162 121
internal_count=2448 1358 1169 932 710 1090 480 502 222 359 233 126 208 189 610 387 75 312 266 61 163 142 70 172 60 237 192 85 162 121
is_linear=0
shrinkage=0.04


Tree=66
num_leaves=31
num_cat=0
split_feature=9 9 7 9 7 6 9 7 6 6 7 9 6 6 9 6 7 9 6 9 7 10 8 6 9 1 6 7 10 7
split_gain=11.7823 1.84658 2.21287 1.72056 1.77696 1.42233 1.72327 1.87976 1.40686 0.97154 0.749547 0.936539 1.42848 0.749079 0.775159 0.688781 0.611103 0.581673 0.567318 0.599402 0.753413 0.530337 0.935422 0.51179 0.406931 0.388249 0.420983 0.769851 0.379259 0.398459
threshold=2.8024408817291264 4.2630057334899911 2.8820317983627324 1.9235156774520876 2.5328249931335454 4.733356475830079 3.6764580011367802 4.6529037952423105 3.1750702857971196 2.7062610387802128 2.2196817398071294 1.3984612822532656 1.1593216657638552 5.1504011154174814 4.7583940029144296 2.1300843954086308 1.0016933679580691 0.88258481025695812 3.2643345594406132 3.4861192703247075 2.5328249931335454 2.8249764442443852 2.7291122674942021 2.7453947067260747 2.5857759714126591 1.0000000180025095e-35 4.1731791496276864 4.9252789020538339 4.4312143325805673 3.3488354682922368
decision_type=2 2 2 2 2 2 2 2 2 2 2 2 2 2 2 2 2 2 2 2 2 2 2 2 2 2 2 2 2 2
left_child=3 2 18 10 9 6 8 -8 -4 21 11 16 -13 25 -15 -14 17 -1 -2 20 -20 -5 -23 28 -11 -3 -27 -28 29 -6
right_child=1 13 5 4 23 -7 7 -9 -10 24 -12 12 15 14 -16 -17 -18 -19 19 -21 -22 22 -24 -25 -26 26 27 -29 -30 -31
leaf_value=-0.0095580096691846844 0.0086929303882917492 0.0036926619300530071 0.0022843301294090922 -0.00054512319085683598 -0.001789326390272446 -0.0091518023530287405 0.0052211791710069233 -0.0025385007800744668 -0.0018384513535508603 -0.0067053116399508261 -0.0075851343699237881 0.0057136302110221649 -0.0019626038132112599 -8.7702829390764233e-05 0.0076170097320125653 -0.0084128152254608363 -0.0061768116665189155 -0.0023507417242995703 0.0050090696339673826 0.0070014481696382379 -0.0031045083440840245 0.010875456965129291 0.0025563721283902658 -0.0069364381822998875 0.00030584243436654411 0.014527214589444074 0.011392226815223694 0.0020764791322025388 0.0027427153047174212 -0.0068799376750693598
leaf_weight=20 68 21 239 47 89 21 257 62 297 26 85 36 182 45 39 31 224 172 47 68 30 28 95 54 27 22 40 22 20 34
leaf_count=20 68 21 239 47 89 21 257 62 297 26 85 36 182 45 39 31 224 172 47 68 30 28 95 54 27 22 40 22 20 34
internal_value=-7.53704e-12 0.0026552 0.00202177 -0.00290029 -0.00085051 0.00113265 0.00138525 0.00371303 -1.21551e-07 0.00159492 -0.00404817 -0.00359608 -0.00165583 0.00630494 0.00348949 -0.00290137 -0.00475744 -0.0031015 0.00567844 0.00426476 0.00184794 0.0030691 0.00445015 -0.00361869 -0.00313359 0.0085573 0.00977346 0.00808664 -0.00236583 -0.00319649
internal_weight=2448 1278 1089 1170 420 876 855 319 536 223 750 665 249 189 84 213 416 192 213 145 77 170 123 197 53 105 84 62 143 123
internal_count=2448 1278 1089 1170 420 876 855 319 536 223 750 665 249 189 84 213 416 192 213 145 77 170 123 197 53 105 84 62 143 123
is_linear=0
shrinkage=0.04


Tree=67
num_leaves=31
num_cat=0
split_feature=9 9 7 9 6 9 6 7 7 9 9 7 7 9 6 6 9 6 9 10 7 9 6 9 6 6 9 6 6 9
split_gain=10.904 2.20843 2.16958 1.39034 1.34205 0.955609 1.35413 1.13888 0.905244 1.1561 0.878649 1.51737 0.816374 0.802781 0.697917 0.695508 0.735959 0.669218 0.650199 0.642895 0.629581 0.62432 0.749597 0.654362 0.590581 0.570446 0.677639 0.549141 0.487474 0.666736
threshold=2.5090514421463017 4.0005968809127816 3.3618478775024419 3.4046241044998173 3.1122503280639653 3.2157698869705205 3.9244179725646977 4.510789394378663 4.8505730628967294 4.9089767932891855 1.5078558325767519 1.8573076128959658 2.4639921188354497 2.8854740858078007 5.2478926181793222 1.2811771631240847 1.9814210534095766 3.3865568637847905 1.7403523921966555 2.7958455085754399 0.98770177364349376 0.93502363562583934 1.1028512120246889 1.0645889639854433 2.2329449653625493 4.1731791496276864 4.1754446029663095 3.1575148105621342 3.8596783876419072 4.3790042400360116
decision_type=2 2 2 2 2 2 2 2 2 2 2 2 2 2 2 2 2 2 2 2 2 2 2 2 2 2 2 2 2 2
left_child=10 2 3 4 13 27 7 -7 14 25 20 19 -6 -2 28 18 -17 -5 -13 -12 21 -1 23 -23 -18 26 -10 -4 -3 -30
right_child=1 8 5 17 12 6 -8 -9 9 -11 11 15 -14 -15 -16 16 24 -19 -20 -21 -22 22 -24 -25 -26 -27 -28 -29 29 -31
leaf_value=-0.0069644046552656659 0.0018995283924410024 0.013309948600473858 -0.0025898222397598958 0.01236892045839973 0.0037699773525629115 0.0026991925126887096 -0.0035030652922082312 -0.0058274275011249953 -0.00051324128322303292 0.011281092757359149 -0.0010704490183345643 -0.0035486842182121782 -0.0021672365595096429 0.006351291642752656 0.00099179317802190769 -0.0090372378874759556 -0.001048193319395924 0.0050066842040313144 0.0050921518558805631 0.0035711067541758868 -0.0055662828070909423 -0.0016208411632881812 -0.0043640888451713404 0.0059098530213038125 -0.0063008758535716622 -0.0016391500260215252 0.0088965828334524617 -0.0097732645060334897 0.0049244823875538649 0.010379117034714332
leaf_weight=42 172 21 90 23 49 239 108 28 25 20 155 38 152 104 30 59 68 140 22 69 307 48 73 30 69 64 24 21 103 55
leaf_count=42 172 21 90 23 49 239 108 28 25 20 155 38 152 104 30 59 68 140 22 69 307 48 73 30 69 64 24 21 103 55
internal_value=-2.79158e-12 0.0021812 0.00132617 0.00285622 0.00176638 -0.000688713 0.000276288 0.00180502 0.00499631 0.00241657 -0.00326735 -0.00204494 -0.000719856 0.003577 0.00663797 -0.00414866 -0.00530222 0.00604553 -0.000380378 0.000359316 -0.00444087 -0.00265072 -0.00145088 0.00127558 -0.0036937 0.000847623 0.00409565 -0.00394885 0.00758426 0.00682325
internal_weight=2448 1468 1126 640 477 486 375 267 342 133 980 480 201 276 209 256 196 163 60 224 500 193 151 78 137 113 49 111 179 158
internal_count=2448 1468 1126 640 477 486 375 267 342 133 980 480 201 276 209 256 196 163 60 224 500 193 151 78 137 113 49 111 179 158
is_linear=0
shrinkage=0.04


Tree=68
num_leaves=31
num_cat=0
split_feature=9 9 7 9 6 7 9 6 6 7 9 7 6 9 7 7 0 6 7 7 6 9 6 9 6 9 10 10 7 6
split_gain=10.0596 1.60221 2.27129 1.46809 1.5481 1.11947 1.0128 1.96789 0.99424 0.834273 1.06546 0.812963 0.75827 0.77522 1.35741 0.709716 0.669037 0.6432 0.611256 0.574663 0.545395 0.627233 0.617015 0.528723 0.525723 0.624512 0.515902 0.481971 0.481375 0.449256
threshold=2.8024408817291264 4.0005968809127816 3.1274211406707768 2.0344814062118535 2.4692188501358037 4.510789394378663 3.2770556211471562 3.4238215684890752 3.1491291522979741 4.8505730628967294 4.9089767932891855 2.1300843954086308 2.1300843954086308 1.4203924536705019 1.4849550724029543 3.3011124134063725 17.500000000000004 5.2478926181793222 2.6857511997222905 0.95012781023979198 2.8813142776489262 3.1439089775085454 4.1442308425903329 0.93502363562583934 4.1731791496276864 4.1754446029663095 2.0461212396621709 4.3017389774322519 2.5328249931335454 3.8596783876419072
decision_type=2 2 2 2 2 2 2 2 2 2 2 2 2 2 2 2 2 2 2 2 2 2 2 2 2 2 2 2 2 2
left_child=3 2 20 12 15 6 8 -8 -4 17 24 -6 13 19 26 16 -5 29 -16 23 27 28 -23 -1 25 -11 -15 -2 -22 -3
right_child=1 9 5 4 11 -7 7 -9 -10 10 -12 -13 -14 14 18 -17 -18 -19 -20 -21 21 22 -24 -25 -26 -27 -28 -29 -30 -31
leaf_value=-0.006547050082530731 0.0051168139337709074 0.012777550703003293 0.00015398283926770093 0.0019319703875833173 0.0022348210992557665 -0.0072303838042482253 0.0054021343103393092 -0.0004255593689360223 -0.0061101479778687164 -0.00049271164070814849 0.010829849310219289 -0.0045529016189887958 -0.0084129987612366671 -0.0020313789367421785 -0.0027376582643275521 -0.0039420749903989159 0.0094391895424235945 0.00095212149620056154 -0.0082650998761741121 -0.0055038931737169897 0.0047520555395247615 0.0057353146067714387 -0.0014146540652621876 -0.0011914391642386356 -0.0015735840088746044 0.0085407197587968175 0.0033610335639677942 0.012667652737526666 -0.0016799094806349156 0.0065503176480319492
leaf_weight=39 38 21 125 139 35 31 146 254 60 25 20 146 50 44 146 28 22 30 41 279 29 158 22 121 64 24 80 21 52 158
leaf_count=39 38 21 125 139 35 31 146 254 60 25 20 146 50 44 146 28 22 30 41 279 29 158 22 121 64 24 80 21 52 158
internal_value=5.21824e-12 0.00245343 0.00159732 -0.0026799 -0.000596424 0.000177137 0.000569673 0.00170155 -0.00187763 0.00479646 0.0023199 -0.00324036 -0.0036435 -0.00332553 -0.00179764 0.0019356 0.0029578 0.00637245 -0.00394956 -0.00440794 0.00433116 0.00354602 0.00486143 -0.00249687 0.000813718 0.00393183 0.0014476 0.0078044 0.000622893 0.00728089
internal_weight=2448 1278 936 1170 370 616 585 400 185 342 133 181 800 750 311 189 161 209 187 439 320 261 180 160 113 49 124 59 81 179
internal_count=2448 1278 936 1170 370 616 585 400 185 342 133 181 800 750 311 189 161 209 187 439 320 261 180 160 113 49 124 59 81 179
is_linear=0
shrinkage=0.04


Tree=69
num_leaves=31
num_cat=0
split_feature=9 9 7 7 9 6 9 6 6 6 6 9 6 6 9 7 7 9 10 7 9 6 6 9 6 7 9 10 5 6
split_gain=9.32877 2.17858 1.94329 1.18617 1.34513 1.12685 1.2323 1.12366 1.10729 0.745134 0.729048 1.75321 0.836358 0.6981 1.52884 0.69335 0.682635 0.679322 0.66534 0.578819 1.12251 0.677388 0.598837 0.576508 0.543702 0.47034 0.510117 0.444028 0.41191 0.375679
threshold=2.3720655441284184 3.5268166065216069 3.4061708450317387 3.9787019491195683 4.8127872943878183 3.8170728683471684 3.226134300231934 3.4446620941162114 2.5918210744857793 3.4180608987808232 4.256803274154664 4.3790042400360116 4.733356475830079 2.0635535717010502 1.7809274196624758 2.7306599617004399 4.0554144382476816 3.8864065408706669 3.2448806762695317 1.5225923061370852 1.3831536769866946 1.2549898624420168 1.5046928524971011 4.0419676303863534 1.4209519028663637 1.5225923061370852 1.8678140640258791 4.5005173683166513 29.951039314270023 3.3338320255279545
decision_type=2 2 2 2 2 2 2 2 2 2 2 2 2 2 2 2 2 2 2 2 2 2 2 2 2 2 2 2 2 2
left_child=13 2 5 10 7 6 8 23 -2 -8 27 12 -12 14 19 18 29 -9 -16 20 22 -22 -1 -5 -21 26 -15 -3 -6 -4
right_child=1 3 16 4 28 -7 9 17 -10 -11 11 -13 -14 25 15 -17 -18 -19 -20 24 21 -23 -24 -25 -26 -27 -28 -29 -30 -31
leaf_value=-0.0035481485117333073 0.0038684621035079861 0.0050276698301488587 1.2297735772217097e-05 0.0027173981678329019 0.0043511261888172312 -0.0055876852013170717 0.0086502004857175047 -0.0044094363380489604 -0.00028480725951441049 0.0024973482930762394 0.002494031061385093 0.0097577520503207699 -0.0054886076655238872 -0.0066290172606706622 0.00091355006593706392 -0.0045061614524040906 -0.0063336310847180669 0.00071356546016609142 0.0085919416226122695 -0.0045039713527262213 0.0071054877692367877 -0.00092045337401049326 -0.009534190890604052 0.010107699518169587 -0.010347298198612407 -0.0079925465655823549 0.0019416801240295172 0.0087485629304292351 0.011842141424616178 -0.0038921809471212329
leaf_weight=343 157 113 115 57 23 32 64 56 297 62 70 43 30 25 84 28 58 159 23 125 20 106 29 24 32 75 20 94 24 60
leaf_count=343 157 113 115 57 23 32 64 56 297 62 70 43 30 25 84 28 58 159 23 125 20 106 29 24 32 75 20 94 24 60
internal_value=-1.19518e-12 0.00189937 0.000536019 0.00356175 0.00189006 0.00171961 0.00212277 0.000891909 0.00115146 0.00562261 0.0052 0.00300355 9.92394e-05 -0.00321014 -0.00277835 0.00109763 -0.00257282 -0.000620798 0.00256405 -0.00357721 -0.00290957 0.000353506 -0.0040148 0.00490712 -0.00569497 -0.00605277 -0.00281982 0.00671735 0.00817633 -0.00132638
internal_weight=2448 1538 845 693 343 612 580 296 454 126 350 143 100 910 790 135 233 215 107 655 498 126 372 81 157 120 45 207 47 175
internal_count=2448 1538 845 693 343 612 580 296 454 126 350 143 100 910 790 135 233 215 107 655 498 126 372 81 157 120 45 207 47 175
is_linear=0
shrinkage=0.04


Tree=70
num_leaves=31
num_cat=0
split_feature=9 9 7 6 9 7 9 7 6 6 9 6 7 6 9 7 7 9 6 6 9 10 6 9 1 6 7 10 6 6
split_gain=8.66147 1.4503 1.76838 1.28163 1.4248 1.65061 1.21684 1.55303 1.20365 0.757861 0.98401 0.912601 0.810589 0.605177 0.614124 1.031 0.544787 0.778847 0.925017 0.533582 0.601833 0.458584 0.427352 0.490462 0.337687 0.357373 0.623704 0.33745 0.325594 0.306825
threshold=2.7901194095611577 4.2630057334899911 2.8820317983627324 4.733356475830079 3.6764580011367802 4.6529037952423105 1.6423485279083254 2.7563744783401494 3.6025190353393559 1.5886499881744387 2.0036932229995732 2.8903758525848393 1.8573076128959658 5.1504011154174814 4.9089767932891855 3.9787019491195683 1.2673206329345705 1.2125310897827151 1.2549898624420168 3.3236540555953984 3.2354454994201665 2.8249764442443852 1.1823763847351076 1.0388755798339846 1.0000000180025095e-35 4.1731791496276864 4.9252789020538339 4.4514498710632333 1.6187973618507387 1.2373305559158327
decision_type=2 2 2 2 2 2 2 2 2 2 2 2 2 2 2 2 2 2 2 2 2 2 2 2 2 2 2 2 2 2
left_child=6 2 19 4 8 -6 16 9 -4 21 12 -12 -11 24 15 -15 17 22 -19 -2 -21 -8 23 -1 -3 -26 -27 -9 -20 -18
right_child=1 13 3 -5 5 -7 7 27 -10 10 11 -13 -14 14 -16 -17 29 18 28 20 -22 -23 -24 -25 25 26 -28 -29 -30 -31
leaf_value=-0.0049270373110780284 0.0076476731573541954 0.0029823207802006173 0.00085712840555163597 -0.0088643027917437618 0.0046696405249361519 -0.0026017050991856282 0.0016541068606516895 -0.0054802878094074737 -0.0037865252186445337 -0.0016879974129299321 0.0018327217240724266 -0.0053250514982165912 -0.0097705379336225136 0.0083095332905650139 0.00853397334723369 -0.0027680970904440049 -0.0043080929612858204 0.0039169818735293425 -0.00081789051781275453 -0.000412496873177588 0.0051927530914913905 0.0091720941800269348 -0.0075651936233043669 -0.00081734951268622863 0.0130332702499899 0.010074518043547869 0.0016895045035264708 -0.00054559017083159202 -0.0051653817463286067 -0.0076217469303072362
leaf_weight=131 75 21 426 21 257 62 34 124 113 75 209 33 27 20 23 41 127 48 63 44 101 21 51 72 22 40 22 27 49 69
leaf_count=131 75 21 426 21 257 62 34 124 113 75 209 33 27 20 23 41 127 48 63 44 101 21 51 72 22 40 22 27 49 69
internal_value=5.68464e-13 0.00225799 0.00170136 0.000898636 0.00113759 0.0032564 -0.00250714 -0.00114277 -0.000116402 0.000164816 -0.000532245 0.000856662 -0.00382749 0.00549466 0.00296405 0.000863913 -0.00373731 -0.00291481 -0.000728848 0.00490861 0.00349185 0.00452461 -0.00429179 -0.00346941 0.00751915 0.00865335 0.00709919 -0.00459792 -0.00271992 -0.00547463
internal_weight=2448 1288 1099 879 858 319 1160 550 539 399 344 242 102 189 84 61 610 414 160 220 145 55 254 203 105 84 62 151 112 196
internal_count=2448 1288 1099 879 858 319 1160 550 539 399 344 242 102 189 84 61 610 414 160 220 145 55 254 203 105 84 62 151 112 196
is_linear=0
shrinkage=0.04


Tree=71
num_leaves=31
num_cat=0
split_feature=9 9 7 7 9 6 6 9 9 6 7 1 6 9 7 6 9 6 9 6 6 6 7 5 9 6 6 9 6 6
split_gain=8.01855 1.70381 1.84288 0.900853 1.11082 1.00613 0.930878 1.40577 0.906856 1.32713 0.80406 0.876346 0.829346 0.675847 1.40008 0.765536 0.953877 0.6583 0.839521 0.942906 0.54721 0.524653 0.516116 0.427995 0.421202 0.552425 0.412222 0.742038 0.677941 0.660157
threshold=2.5090514421463017 3.6888254880905156 3.1419755220413212 4.3640651702880868 4.8127872943878183 3.5487585067749028 4.1731791496276864 4.1948494911193857 4.3790042400360116 4.733356475830079 4.2344374656677255 4.5000000000000009 2.9339209794998173 1.321882486343384 1.8825560808181765 1.1711703538894656 2.0036932229995732 4.0270688533782968 3.0486778020858769 2.7180006504058842 2.3135510683059697 2.8903758525848393 0.95012781023979198 29.951039314270023 0.89884403347969066 0.97470009326934826 2.291662454605103 1.7403523921966555 1.2870912551879885 1.3009541630744936
decision_type=2 2 2 2 2 2 2 2 2 2 2 2 2 2 2 2 2 2 2 2 2 2 2 2 2 2 2 2 2 2
left_child=13 2 17 5 6 -3 7 -5 9 -7 11 12 -4 22 15 -15 20 18 19 -2 -17 -20 24 -6 -1 -26 27 29 -29 -16
right_child=1 3 10 4 23 8 -8 -9 -10 -11 -12 -13 -14 14 26 16 -18 -19 21 -21 -22 -23 -24 -25 25 -27 -28 28 -30 -31
leaf_value=-0.0071204053150024258 0.003969166148425087 0.01138811551460198 0.0050321255822989583 -7.2895852183657041e-05 0.0033028127057921318 0.0042916778468654725 -0.0031043261111297301 0.010977037931978701 0.0087842111968036204 -0.0045912058092653753 -0.0053256745463044477 -0.0034782849221329133 -0.00023433717696563056 0.0058885272803405921 -0.0041594837336434111 -0.0012953493525909091 0.0039388915169137444 -0.0042640511478696554 0.010964775844698861 -0.00098435472339391704 -0.0079117522320964126 0.0042543027990396666 -0.0054050940957804496 0.011286296319555154 0.0022506289673579296 -0.0033129975988584405 -0.0068118813368632939 0.0050984558598561724 -0.0025993532278743752 -0.012455049306154251
leaf_weight=25 121 35 59 70 21 204 76 25 56 31 58 104 253 30 66 220 55 21 21 125 22 166 217 22 43 85 66 22 109 20
leaf_count=25 121 35 59 70 21 204 76 25 56 31 58 104 253 30 66 220 55 21 21 125 22 166 217 22 43 85 66 22 109 20
internal_value=-2.01658e-12 0.00187048 0.000830961 0.0036569 0.00164043 0.0049806 0.000195289 0.00283498 0.00420993 0.00311989 -0.00091355 -0.000298398 0.000761564 -0.0028019 -0.0019838 -0.000201041 -0.000816149 0.00265232 0.00298776 0.00145213 -0.00189684 0.00500789 -0.00415066 0.00738739 -0.00237149 -0.00144397 -0.00404373 -0.0032018 -0.00130659 -0.00608869
internal_weight=2448 1468 928 540 214 326 171 95 291 235 474 416 312 980 610 327 297 454 433 246 242 187 370 43 153 128 283 217 131 86
internal_count=2448 1468 928 540 214 326 171 95 291 235 474 416 312 980 610 327 297 454 433 246 242 187 370 43 153 128 283 217 131 86
is_linear=0
shrinkage=0.04


Tree=72
num_leaves=31
num_cat=0
split_feature=9 9 7 7 9 6 9 7 6 6 9 10 7 6 7 7 9 7 9 6 9 6 9 6 9 6 7 6 9 10
split_gain=7.44087 1.3832 1.83553 1.13802 1.20902 1.45121 0.859769 1.24426 0.845404 0.841959 0.77077 0.735249 0.69357 0.936742 0.690233 0.66149 0.506753 0.490883 0.638763 0.864586 0.448027 0.446775 0.720522 0.420396 0.503982 0.40539 0.376566 0.356396 0.49534 0.326572
threshold=2.6853549480438237 4.0005968809127816 2.8129218816757207 4.2344374656677255 3.0168911218643193 3.1409964561462407 1.6423485279083254 2.7306599617004399 1.8825560808181765 2.5918210744857793 2.4075814485549931 3.2448806762695317 5.1990761756896982 3.7231843471527104 1.7344411015510561 3.6893774271011357 4.5478744506835946 1.2373305559158327 1.2125310897827151 1.3096864819526675 4.3477458953857431 3.8724123239517216 3.535895943641663 1.1823763847351076 1.0388755798339846 2.4060671329498295 1.4209519028663637 2.7453947067260747 2.836816787719727 4.4514498710632333
decision_type=2 2 2 2 2 2 2 2 2 2 2 2 2 2 2 2 2 2 2 2 2 2 2 2 2 2 2 2 2 2
left_child=6 2 27 4 9 -6 17 8 11 -4 14 26 13 -3 -10 -15 -17 18 23 -20 -14 22 -5 24 -1 -12 -8 -2 -29 -9
right_child=1 12 3 21 5 -7 7 29 10 -11 25 -13 20 15 -16 16 -18 -19 19 -21 -22 -23 -24 -25 -26 -27 -28 28 -30 -31
leaf_value=-0.0045049791489980484 0.0073763773392657855 0.013226099665321053 0.0015528549961010484 -0.0068580125513322213 0.0051710224222790979 0.00048485593315692518 0.0052578893893708793 -0.0057097198141320624 -0.00059491723134625155 -0.006008815227579626 0.0037523798854090275 0.0080928131062537427 -0.0027318325511772523 0.0077886304335997381 -0.0065879931744007815 0.0012807780745817292 0.0055575889145035905 -0.0050016175867950499 0.0032581345683188531 -0.0029778036467083126 0.0035644818132277577 -0.0088742320425808426 0.00052394379262945482 -0.0071522705033421523 -0.0002287274035503532 -0.001144012154320315 -0.00052765322878258305 -0.0010734876930232971 0.0044683802799720855 -0.0004135080336836045
leaf_weight=129 49 21 38 34 140 432 24 98 61 62 48 30 33 68 62 101 79 214 58 92 40 20 56 50 67 62 72 31 154 23
leaf_count=129 49 21 38 34 140 432 24 98 61 62 48 30 33 68 62 101 79 214 58 92 40 20 56 50 67 62 72 31 154 23
internal_value=1.87059e-12 0.00197574 0.00123508 0.000305047 0.000922415 0.00163182 -0.00246152 -0.00119508 -1.27503e-05 -0.00313538 -0.00144017 0.00262685 0.00417606 0.00511444 -0.00361582 0.00442756 0.00315782 -0.00345805 -0.00262391 -0.000566574 0.000718203 -0.00346651 -0.0022648 -0.00387838 -0.0030432 0.000992595 0.000918732 0.00434314 0.00353974 -0.004703
internal_weight=2448 1358 1016 782 672 572 1090 480 359 100 233 126 342 269 123 248 180 610 396 150 73 110 90 246 196 110 96 234 185 121
internal_count=2448 1358 1016 782 672 572 1090 480 359 100 233 126 342 269 123 248 180 610 396 150 73 110 90 246 196 110 96 234 185 121
is_linear=0
shrinkage=0.04


Tree=73
num_leaves=31
num_cat=0
split_feature=9 9 7 7 9 6 6 9 7 6 9 7 7 9 6 6 7 9 6 6 10 6 9 7 6 9 9 9 9 7
split_gain=6.85751 1.27475 1.6984 0.92977 1.11827 1.84329 1.01805 0.802762 1.25316 0.731243 0.828962 0.711636 0.640802 0.841049 0.575348 0.529669 0.519435 0.512558 0.541901 0.472532 0.411192 0.404151 0.422367 0.717057 0.39505 0.802235 0.407237 0.380403 0.379545 0.375491
threshold=2.6853549480438237 4.0005968809127816 3.0709873437881474 4.510789394378663 3.2770556211471562 3.8950709104537968 3.2441614866256718 1.5624502301216128 2.5921199321746831 1.5426399111747744 2.0036932229995732 1.8573076128959658 4.8505730628967294 4.9089767932891855 5.2478926181793222 2.8813142776489262 0.95012781023979198 1.0766701102256777 1.1028512120246889 3.4619491100311284 2.40953540802002 1.6187973618507387 1.1771333217620852 1.913390636444092 3.002387642860413 2.8556475639343266 3.0486778020858769 3.4046241044998173 4.4888713359832773 2.7866140604019169
decision_type=2 2 2 2 2 2 2 2 2 2 2 2 2 2 2 2 2 2 2 2 2 2 2 2 2 2 2 2 2 2
left_child=7 2 24 4 6 -6 -4 16 9 20 11 -11 14 19 -3 -12 17 -1 -19 -14 -9 22 -18 -24 26 -26 29 -27 -21 -2
right_child=1 12 3 -5 5 -7 -8 8 -10 10 15 -13 13 -15 -16 -17 21 18 -20 28 -22 -23 23 -25 25 27 -28 -29 -30 -31
leaf_value=-0.0035138996851552902 0.0058826802804001748 0.0062494165203716171 -0.00048126928880810736 -0.0067664405871783531 0.003429578140156095 -0.0022566226921352447 -0.0069249021283843935 -0.00054904499019567778 -0.0042503620580471354 -0.0018864756723865866 0.0016237891382697852 -0.0094317297816276548 0.0054814372958571769 0.0093993574678897865 0.00026376467586184543 -0.0051328685684573086 -0.0055857192021074795 0.0058575813335482963 -0.0014787281926113124 -0.0044158563582647236 0.0056743625095304175 -0.0080089723218868415 -0.0012713420538998702 -0.0065615179485342071 -0.0045926595940862019 0.0016291824894195254 0.010127044503131639 0.0050034193764328782 0.0010668067782635576 0.00031555260980634819
leaf_weight=96 63 179 170 31 277 136 51 26 159 100 160 25 24 20 30 21 131 24 49 31 49 41 153 56 23 110 23 104 58 28
leaf_count=96 63 179 170 31 277 136 51 26 159 100 160 25 24 20 30 21 131 24 49 31 49 41 153 56 23 110 23 104 58 28
internal_value=-3.86232e-12 0.00189671 0.00118568 -2.48569e-06 0.000328244 0.00155712 -0.00196826 -0.00236306 -0.00126753 -2.27197e-05 -0.000890277 -0.00339553 0.00400902 0.00183853 0.00539023 0.000839868 -0.00343867 -0.00159296 0.000933209 0.000500334 0.00351691 -0.00425737 -0.00380497 -0.00268881 0.00343675 0.00250605 0.00537163 0.003269 -0.000842885 0.00416972
internal_weight=2448 1358 1016 665 634 413 221 1090 540 381 306 125 342 133 209 181 550 169 73 113 75 381 340 209 351 237 114 214 89 91
internal_count=2448 1358 1016 665 634 413 221 1090 540 381 306 125 342 133 209 181 550 169 73 113 75 381 340 209 351 237 114 214 89 91
is_linear=0
shrinkage=0.04


Tree=74
num_leaves=31
num_cat=0
split_feature=9 9 7 6 9 7 6 9 6 7 7 9 6 8 9 7 6 9 6 7 7 1 5 0 6 9 9 7 9 9
split_gain=6.33452 1.09844 1.44688 1.18397 1.11787 1.39075 1.28623 0.938099 1.29626 0.663245 0.570588 0.618289 1.14591 0.546805 0.547025 0.52476 0.517321 0.518038 0.46586 0.452363 0.436804 0.280893 0.338956 0.253612 0.226607 0.419933 0.218257 0.208252 0.20245 0.172526
threshold=2.8024408817291264 4.2630057334899911 2.7866140604019169 4.733356475830079 3.6764580011367802 4.6529037952423105 3.1750702857971196 1.9235156774520876 2.5802594423294072 2.7563744783401494 2.2196817398071294 1.321882486343384 1.1406970620155337 2.0111932754516606 2.4075814485549931 1.7131631374359133 5.1504011154174814 4.6588540077209482 1.4567362666130068 2.2412654161453252 0.90305602550506603 1.0000000180025095e-35 30.399114608764652 14.500000000000002 3.2643345594406132 3.2870032787323002 4.9089767932891855 4.7900645732879648 2.578333973884583 2.1948093175888066
decision_type=2 2 2 2 2 2 2 2 2 2 2 2 2 2 2 2 2 2 2 2 2 2 2 2 2 2 2 2 2 2
left_child=7 2 24 4 6 -6 -4 10 9 13 11 18 -13 -9 -15 -14 21 -18 20 28 -1 -3 27 -21 -2 -26 -19 -23 -10 -11
right_child=1 16 3 -5 5 -7 -8 8 19 29 -12 12 15 14 -16 -17 17 26 -20 23 -22 22 -24 -25 25 -27 -28 -29 -30 -31
leaf_value=-0.0012137396544302729 0.0068633554277143308 0.0024958078910241881 0.0021024831657856704 -0.0085737874092800277 0.0041749692774384842 -0.0024847058304435306 -0.0017400514676220833 0.0070486163268938208 -0.002609814509911382 -0.0049119904706173617 -0.0060601500263985468 0.0047357873555103486 -0.001504251972936025 -0.0013418539371880106 0.0034668372001668878 -0.006659774985667821 -0.0025446628117545816 0.0025066768663708828 -0.008947033238410949 -0.0015910141535901599 -0.00427201158285157 0.007727327979169786 0.01168557104965051 -0.005993398323834661 0.00077339424792191266 0.0056156115351538903 0.0074686511411615041 0.0027283070832490918 0.0028928690142929554 -0.00079725064584636131
leaf_weight=110 56 21 250 21 263 62 315 33 23 23 85 44 216 67 87 37 24 37 25 28 233 40 24 83 46 76 23 20 20 56
leaf_count=110 56 21 250 21 263 62 315 33 23 23 85 44 216 67 87 37 24 37 25 28 233 40 24 83 46 76 23 20 20 56
internal_value=-1.86547e-12 0.00194688 0.00145834 0.000813853 0.00103536 0.00290451 -3.98149e-05 -0.00212659 -0.000613037 0.00107779 -0.00297418 -0.00257973 -0.00122207 0.00237602 0.00137474 -0.00225822 0.00476179 0.00242207 -0.00367545 -0.00353356 -0.00329122 0.00663357 0.00766801 -0.00488289 0.0047568 0.00378986 0.00440877 0.00606099 -5.04268e-05 -0.00199521
internal_weight=2448 1278 1089 911 890 325 565 1170 420 266 750 665 297 187 154 253 189 84 368 154 343 105 84 111 178 122 60 60 43 79
internal_count=2448 1278 1089 911 890 325 565 1170 420 266 750 665 297 187 154 253 189 84 368 154 343 105 84 111 178 122 60 60 43 79
is_linear=0
shrinkage=0.04


Tree=75
num_leaves=31
num_cat=0
split_feature=9 9 6 7 9 7 6 9 6 6 7 4 9 6 9 7 6 9 10 9 9 7 6 7 7 9 9 10 5 7
split_gain=5.86862 1.15226 1.47141 0.971084 0.887855 1.47152 1.32716 1.27028 1.02204 0.697472 0.686312 0.830817 0.688742 0.610807 0.922403 1.35159 0.591209 0.561327 0.765677 0.544902 0.539222 1.01989 0.521996 0.467428 0.464406 0.44873 0.407976 0.371462 0.339994 0.372622
threshold=3.0168911218643193 2.0344814062118535 2.7062610387802128 2.7927445173263554 4.3477458953857431 3.9244179725646977 4.5444800853729257 3.4412469863891606 2.8564720153808598 3.4059965610504155 3.3248180150985722 6.0000000000000009 2.5667730569839482 3.5123704671859746 3.5931651592254643 5.2478926181793222 2.1300843954086308 3.8864065408706669 4.5285708904266366 4.0513405799865732 1.4203924536705019 1.4849550724029543 5.1504011154174814 0.81783258914947521 2.6857511997222905 4.6588540077209482 2.7580081224441533 2.0461212396621709 30.871697425842289 4.8505730628967294
decision_type=2 2 2 2 2 2 2 2 2 2 2 2 2 2 2 2 2 2 2 2 2 2 2 2 2 2 2 2 2 2
left_child=1 16 10 26 5 6 7 8 -2 -9 11 -3 -13 14 -7 -16 20 -15 -19 -8 23 27 28 -1 -23 -24 -4 -22 29 -6
right_child=4 2 3 -5 22 13 19 9 -10 -11 -12 12 -14 17 15 -17 -18 18 -20 -21 21 24 25 -25 -26 -27 -28 -29 -30 -31
leaf_value=-0.00043234986583216519 0.0073551690442169582 0.009356495446215073 -0.0028837180723466221 -0.0064846417181712536 0.0077490645240653648 -0.0026535305551300616 -0.0084996770728718151 0.0093761750477917346 0.00061929919776139897 0.0041554125579051585 -0.0025831347378609056 -0.00051338915403962865 0.0039056365748096834 -0.0050604239733527522 0.0077035665554258063 -0.0030376119516661456 -0.0069933480910956856 0.0036449217260815202 -0.0040855475301604443 0.00030574304902035259 -0.0013659378451782026 -0.0020358114925130232 -0.002445985200730237 -0.0039771887469206655 -0.0068537495144438453 0.0042324163814385736 0.0019461557517449061 0.0032097535316133875 0.011456478361040355 0.0016336999744176865
leaf_weight=71 41 24 62 79 44 59 22 49 298 249 57 122 105 72 53 29 50 41 41 23 44 146 22 368 41 60 51 80 20 25
leaf_count=71 41 24 62 79 44 59 22 49 298 249 57 122 105 72 53 29 50 41 41 23 44 146 22 368 41 60 51 80 20 25
internal_value=2.22887e-12 -0.00184044 -0.000334095 -0.00308241 0.00208412 0.00161874 0.00263971 0.0031087 0.00143396 0.00501386 0.00137914 0.00227894 0.00153065 -0.000741614 0.00116057 0.00390486 -0.0027819 -0.00248322 -0.000220313 -0.00399913 -0.00250114 -0.00122686 0.00474307 -0.00340388 -0.00309215 0.00244065 -0.000703864 0.00158612 0.00686439 0.00553335
internal_weight=2448 1300 500 192 1148 977 682 637 339 298 308 251 227 295 141 82 800 154 82 45 750 311 171 439 187 82 113 124 89 69
internal_count=2448 1300 500 192 1148 977 682 637 339 298 308 251 227 295 141 82 800 154 82 45 750 311 171 439 187 82 113 124 89 69
is_linear=0
shrinkage=0.04


Tree=76
num_leaves=31
num_cat=0
split_feature=9 9 7 7 9 6 6 9 6 6 6 9 7 9 6 7 6 9 7 9 6 6 7 6 9 6 7 5 0 7
split_gain=5.42092 1.22572 1.45167 0.908325 1.31482 0.847575 0.715948 0.938891 0.769204 0.659433 0.63925 0.834416 0.565572 0.65569 1.00786 0.5651 0.543029 0.53539 0.622072 0.513114 0.490289 0.464104 0.423973 0.40115 0.631149 0.553092 0.365724 0.34336 0.337861 0.343458
threshold=3.123183131217957 2.0687307119369511 2.7927445173263554 3.9244179725646977 4.0210602283477792 2.5802594423294072 2.9528898000717168 3.4046241044998173 3.797432661056519 3.9094716310501103 3.4702945947647099 4.8127872943878183 2.2196817398071294 1.3984612822532656 1.5426399111747744 4.6529037952423105 3.4180608987808232 3.535895943641663 4.3820180892944345 4.3790042400360116 1.3892279267311098 1.0514052510261538 0.81783258914947521 3.4446620941162114 2.703055858612061 2.0635535717010502 1.7344411015510561 29.951039314270023 16.500000000000004 3.3346328735351567
decision_type=2 2 2 2 2 2 2 2 2 2 2 2 2 2 2 2 2 2 2 2 2 2 2 2 2 2 2 2 2 2
left_child=1 12 23 6 9 28 -2 8 -8 17 -6 15 13 20 21 -12 -9 -5 -19 -18 22 -15 -1 24 25 -3 -16 -13 -4 -30
right_child=3 2 5 4 10 -7 7 16 -10 -11 11 27 -14 14 26 -17 19 18 -20 -21 -22 -23 -24 -25 -26 -27 -28 -29 29 -31
leaf_value=0.00028831531284301872 0.0083995127528415699 0.0041053950082924626 -0.0030716668034438043 -0.0032674121739048705 0.0082198049980409752 -0.0044782907735607044 0.0014896936105647485 0.007474384449683783 -0.0057530965904394786 -0.0054734694989639577 0.0034673736933281789 0.0030222842718164128 -0.0053222682985731148 0.0073112230468541381 -0.0020694204407412406 -0.0016804036212646786 0.0027088848155749036 0.0051164069260622178 -0.0017700166483523277 0.0074704289236446706 -0.0068422649930811154 0.00087009672318041952 -0.0033441646647890196 -0.0039632297679781919 0.0045275953585015875 -0.00060734639810490129 -0.0078370788842439653 0.0097204691708087914 0.0054103121850467119 -0.00042847270937636499
leaf_weight=62 38 54 32 57 30 147 179 57 27 54 57 24 110 22 146 85 310 43 41 41 53 96 301 20 98 152 20 25 27 40
leaf_count=62 38 54 32 57 30 147 179 57 27 54 57 24 110 22 146 85 310 43 41 41 53 96 301 20 98 152 20 25 27 40
internal_value=5.41836e-12 -0.00165591 -0.000234821 0.00213966 0.000679259 -0.00255147 0.00307145 0.0027417 0.000540396 -0.00171474 0.00279161 0.00193902 -0.00265594 -0.00223694 -0.000755284 0.000385958 0.00385314 -0.000275232 0.00175518 0.00326508 -0.00324846 0.00207098 -0.00272374 0.00152412 0.00188513 0.000628032 -0.00276432 0.00643973 0.000309557 0.00192447
internal_weight=2448 1380 570 1068 416 246 652 614 206 195 221 191 810 700 284 142 408 141 84 351 416 118 363 324 304 206 166 49 99 67
internal_count=2448 1380 570 1068 416 246 652 614 206 195 221 191 810 700 284 142 408 141 84 351 416 118 363 324 304 206 166 49 99 67
is_linear=0
shrinkage=0.04


Tree=77
num_leaves=31
num_cat=0
split_feature=9 9 7 6 9 6 7 6 7 9 6 6 9 6 7 6 9 7 7 9 7 5 6 9 6 6 6 8 9 6
split_gain=5.03688 1.21875 1.4026 0.795374 1.03227 0.760955 0.730061 0.771412 0.937119 0.786225 1.0338 0.564905 0.98995 0.564172 0.55039 0.550344 0.506506 0.536632 0.459975 0.749635 0.42688 0.425557 0.421767 0.407381 0.464291 0.405143 0.372572 0.369905 0.366425 0.308893
threshold=2.4651880264282231 3.6764580011367802 3.3956112861633305 3.9420912265777592 3.2870032787323002 3.1122503280639653 3.3618478775024419 3.4446620941162114 5.3116164207458505 4.5154795646667489 4.9252789020538339 2.165951251983643 1.6423485279083254 3.3236540555953984 1.4209519028663637 3.3338320255279545 3.3967702388763432 4.1058359146118173 1.2870912551879885 1.3831536769866946 4.0554144382476816 29.951039314270023 1.2870912551879885 2.1948093175888066 1.2811771631240847 1.5225923061370852 5.4389898777008066 2.7291122674942021 3.8121149539947514 1.2373305559158327
decision_type=2 2 2 2 2 2 2 2 2 2 2 2 2 2 2 2 2 2 2 2 2 2 2 2 2 2 2 2 2 2
left_child=11 2 3 4 5 -2 -3 8 28 10 -9 12 18 -6 -14 16 20 -18 19 22 -4 -17 -1 24 -16 -21 -11 -25 -8 -20
right_child=1 6 15 -5 13 -7 7 9 -10 26 -12 -13 14 -15 23 21 17 -19 29 25 -22 -23 -24 27 -26 -27 -28 -29 -30 -31
leaf_value=-0.0021312835446311456 0.0022238676883738306 0.0069253032256204354 -0.00040765544641404769 -0.0038242596676573161 0.0098267073792715869 -0.0012329518028346249 0.0063075397718189794 0.0013378215485001699 -8.7896661893667086e-05 0.0052320626274948677 -0.0071783253401517871 -0.0048938055191156942 0.0045504577864776364 0.0036672800450545289 0.0027639790287902278 -0.0066188082091358244 0.0074620309037466848 -0.00068904986605048183 -0.0032921967558502182 0.0047299165246742119 -0.0059718747051166633 -0.0017997817122951559 -0.0056546443863087058 0.0066133305749722891 -0.0027272853699105326 -0.0011981614062171549 -0.00057387469602482657 -0.00058786008777096871 0.01369450019229026 -0.0067736064607552332
leaf_weight=271 305 65 104 40 30 153 22 260 23 112 25 116 40 115 31 49 24 28 123 35 28 73 68 21 120 39 21 25 21 61
leaf_count=271 305 65 104 40 30 153 22 260 23 112 25 116 40 115 31 49 24 28 123 35 28 73 68 21 120 39 21 25 21 61
internal_value=2.21976e-12 0.00144491 0.00057712 0.00163796 0.00200029 0.00106908 0.00294497 0.00241042 0.00642922 0.00177587 0.000590791 -0.0022784 -0.00191462 0.00494164 0.00027262 -0.00165202 -0.000270725 0.00307299 -0.00278292 -0.00204183 -0.00158794 -0.00373529 -0.00283803 -0.000595977 -0.00159994 0.00160566 0.00431534 0.00269964 0.00991513 -0.00444636
internal_weight=2448 1498 949 643 603 458 549 484 66 418 285 950 834 145 237 306 184 52 597 413 132 122 339 197 151 74 133 46 43 184
internal_count=2448 1498 949 643 603 458 549 484 66 418 285 950 834 145 237 306 184 52 597 413 132 122 339 197 151 74 133 46 43 184
is_linear=0
shrinkage=0.04


Tree=78
num_leaves=31
num_cat=0
split_feature=9 9 7 7 9 9 6 6 6 6 6 9 6 7 9 7 6 7 6 9 7 9 6 9 5 9 7 9 7 10
split_gain=4.6992 0.894879 1.44814 0.749373 1.21242 0.759412 0.918742 0.78626 0.679703 0.660383 0.571825 0.753754 0.567526 0.548462 0.502745 0.573739 0.497922 0.468267 0.466954 0.552811 0.743779 0.441856 1.20537 0.436074 0.661302 0.428243 0.400623 0.395832 0.345147 0.338636
threshold=3.0168911218643193 1.9235156774520876 2.7927445173263554 3.9244179725646977 4.0210602283477792 3.4255686998367314 2.8564720153808598 3.4059965610504155 2.7302757501602177 3.797432661056519 3.4702945947647099 4.9089767932891855 3.9094716310501103 5.1990761756896982 3.535895943641663 4.4799442291259775 2.7062610387802128 3.0709873437881474 1.7344411015510561 1.1111089587211611 1.0634869337081911 4.3790042400360116 4.5444800853729257 2.5667730569839482 32.622646331787116 2.7580081224441533 2.2196817398071294 1.2802823185920718 1.7131631374359133 4.4312143325805673
decision_type=2 2 2 2 2 2 2 2 2 2 2 2 2 2 2 2 2 2 2 2 2 2 2 2 2 2 2 2 2 2
left_child=1 18 16 5 12 6 -2 -7 29 17 -6 13 14 -12 -5 -16 23 -8 19 -1 27 22 -9 24 -3 -18 -22 -21 -20 -4
right_child=3 2 8 4 10 7 9 21 -10 -11 11 -13 -14 -15 15 -17 25 -19 28 20 26 -23 -24 -25 -26 -27 -28 -29 -30 -31
leaf_value=-0.0038558114679181016 0.0067991857139802561 0.002633334737099511 -0.0022642457230946235 -0.0031365610037501607 0.0077031596191227437 0.0082963219905893004 0.00360144619912475 0.0036534566579503008 -0.0061918116320629378 -0.0053261616774674114 0.0020261587622163852 0.0069768538750294186 -0.0052305124172319977 -0.0032882599377744765 0.0041186604494193816 -0.0027320884743465054 -0.0031413952059422927 -0.00010869959208981267 -0.0037346250058465599 -0.00022789343764058879 -0.0014860375963851719 0.0070088921687225013 -0.0033072650115540687 0.0046962439128508176 -0.0030484998238313461 0.001738844340046247 -0.0048535275518790718 0.0050161058813132141 -0.0090348133355379109 0.0034191191196441652
leaf_weight=200 41 114 104 63 30 54 79 260 74 29 112 36 54 43 53 31 66 175 92 61 263 41 47 75 46 51 72 37 25 20
leaf_count=200 41 114 104 63 30 54 79 260 74 29 112 36 54 43 53 31 66 175 92 61 263 41 47 75 46 51 72 37 25 20
internal_value=-2.97179e-12 -0.00164689 -0.000421376 0.00186495 0.000524501 0.00264411 0.00120309 0.00380553 -0.00315805 0.000392343 0.00256921 0.00176283 -0.00172367 0.000551836 -0.000435436 0.00159041 0.001118 0.00104524 -0.00254561 -0.00211651 -0.00131313 0.00310868 0.00258781 0.00217952 0.000999807 -0.00101411 -0.0022098 0.00175198 -0.00486714 -0.00134757
internal_weight=2448 1300 550 1148 422 726 324 402 198 283 221 191 201 155 147 84 352 254 750 633 433 348 307 235 160 117 335 98 117 124
internal_count=2448 1300 550 1148 422 726 324 402 198 283 221 191 201 155 147 84 352 254 750 633 433 348 307 235 160 117 335 98 117 124
is_linear=0
shrinkage=0.04


Tree=79
num_leaves=31
num_cat=0
split_feature=9 9 7 6 9 7 9 6 9 6 9 6 6 9 7 9 6 9 7 6 9 7 6 9 8 9 7 7 10 7
split_gain=4.34205 0.870443 1.35382 0.792438 0.952922 0.732959 1.13393 0.689053 0.964489 0.626896 0.868966 0.612931 0.595931 0.556062 0.730825 0.544286 0.489849 0.505007 0.779774 0.448516 1.43441 0.41546 0.407974 0.72899 0.446019 0.374154 0.372179 0.355943 0.336596 0.317297
threshold=3.0486778020858769 1.7809274196624758 2.4639921188354497 2.7302757501602177 2.4970090389251713 3.9244179725646977 4.0963866710662851 2.9528898000717168 3.4046241044998173 4.2712886333465585 4.9089767932891855 4.0270688533782968 3.797432661056519 3.535895943641663 4.6529037952423105 4.2166042327880868 1.6187973618507387 1.1111089587211611 1.0634869337081911 4.3413412570953378 3.8774524927139287 1.5225923061370852 1.8825560808181765 2.3720655441284184 2.6781015396118169 3.2105591297149663 3.1274211406707768 1.4849550724029543 4.3116347789764413 2.8129218816757207
decision_type=2 2 2 2 2 2 2 2 2 2 2 2 2 2 2 2 2 2 2 2 2 2 2 2 2 2 2 2 2 2
left_child=1 16 22 4 -4 7 11 25 12 15 -11 13 26 -7 -15 -8 17 -1 -19 28 -21 -18 24 27 -3 -2 -9 -24 -10 -6
right_child=5 2 3 -5 29 6 9 8 19 10 -12 -13 -14 14 -16 -17 21 18 -20 20 -22 -23 23 -25 -26 -27 -28 -29 -30 -31
leaf_value=-0.003701579021755606 0.0043806091086430986 0.0067634719302119726 -0.0033735695562156086 -0.0045632723080260415 0.0045836930952611425 -0.0031403726870333081 0.0021115962415933611 0.0032703098031692207 0.0025104374893375543 -0.00096301457135599441 0.0064883960655757354 -0.0051316575374990214 -0.0051131151051356872 0.0034238512585141575 -0.003691585675405804 0.009503624762463218 -0.0038388234765993224 0.0020560721852136464 -0.0022402511398205236 -0.0060158443300714418 0.0039468258324560227 -0.01021241869032383 0.0015813406055363325 0.0025892081877973393 -4.3190422002226117e-05 0.01131408903002739 -0.0002172576342478183 -0.0041152070251431454 0.0053572805339048577 0.00027136902733801459
leaf_weight=200 33 43 110 133 42 67 30 75 105 88 35 53 29 83 32 34 90 89 281 31 91 20 26 130 24 20 141 54 181 78
leaf_count=200 33 43 110 133 42 67 30 75 105 88 35 53 29 83 32 34 90 89 281 31 91 20 26 130 24 20 141 54 181 78
internal_value=-1.31027e-12 -0.00155729 -0.000498504 -0.00210558 -0.000684395 0.00182236 0.000503521 0.00261067 0.00225466 0.00282791 0.00115731 -0.0013461 0.000270855 -0.000243715 0.0014439 0.00603861 -0.00255379 -0.00208217 -0.00120681 0.00344592 0.00141533 -0.00499766 0.00160752 0.000740432 0.00432526 0.00699702 0.000993703 -0.00226383 0.00431211 0.00178068
internal_weight=2448 1320 640 363 230 1128 422 706 653 187 123 235 245 182 115 64 680 570 370 408 122 110 277 210 67 53 216 80 286 120
internal_count=2448 1320 640 363 230 1128 422 706 653 187 123 235 245 182 115 64 680 570 370 408 122 110 277 210 67 53 216 80 286 120
is_linear=0
shrinkage=0.04


Tree=80
num_leaves=31
num_cat=0
split_feature=9 7 9 6 9 6 9 7 7 6 6 6 9 6 7 7 9 6 7 9 9 8 9 6 9 6 7 6 7 9
split_gain=4.01755 0.832924 1.22965 1.20429 0.916283 1.02124 0.612691 1.0345 0.581103 1.46344 0.568737 0.520621 0.474571 0.594073 0.459264 0.454084 0.444333 0.612819 0.426581 0.422415 0.366429 0.294362 0.283244 0.676558 0.269055 0.258866 0.338529 0.228791 0.241414 0.410128
threshold=2.8024408817291264 2.7866140604019169 3.8433576822280888 3.7834835052490239 3.226134300231934 3.1750702857971196 1.5078558325767519 2.58664882183075 5.1990761756896982 3.5637680292129521 3.1491291522979741 1.0634869337081911 1.9235156774520876 2.8903758525848393 1.0514052510261538 3.6893774271011357 0.93502363562583934 1.0016933679580691 1.4849550724029543 4.3477458953857431 1.2934277057647707 3.4662580490112309 2.105060458183289 2.3307119607925419 1.0766701102256777 4.4163341522216806 3.9614409208297734 1.5705001354217532 1.913390636444092 1.1771333217620852
decision_type=2 2 2 2 2 2 2 2 2 2 2 2 2 2 2 2 2 2 2 2 2 2 2 2 2 2 2 2 2 2
left_child=6 -2 3 4 10 -6 14 11 9 -4 -3 -8 18 -14 16 -11 -1 24 -13 -10 -19 -21 -9 -24 -18 26 -5 28 29 -16
right_child=1 2 8 25 5 -7 7 22 19 15 -12 12 13 -15 27 -17 17 20 -20 21 -22 -23 23 -25 -26 -27 -28 -29 -30 -31
leaf_value=-0.0050528234640217348 0.0040890054012324368 0.00025960218218425591 0.013309858846275701 -0.0009158162703116735 0.0058003089503271188 0.00085187270683641345 0.006487822395632975 -0.0056357556827632454 -0.0031283631171099839 0.0052072671380254528 -0.0041980321729699005 0.0002905949333337011 0.0018499487429162662 -0.0040025337933184343 -0.0050686303048158984 0.001880077147635009 0.0007908457605077363 -0.0032455668375930852 -0.0034607739625594665 0.0061162290074862537 0.0018185593358016219 -0.00074656476080417629 0.0014692605963415085 -0.0041207703382328707 0.0064498295634984968 -0.0072365831414406947 -0.0054724719477817416 -0.0076546180977796517 -0.0063370892582688392 -0.0013293726704756005
leaf_weight=46 178 155 23 75 94 230 20 56 40 93 65 97 209 32 83 223 41 108 97 20 29 20 51 108 20 22 40 24 41 108
leaf_count=46 178 155 23 75 94 230 20 56 40 93 65 97 209 32 83 223 41 108 97 20 29 20 51 108 20 22 40 24 41 108
internal_value=1.16094e-12 0.00155047 0.00113969 9.0655e-05 0.00093479 0.00228753 -0.00169359 -0.000902845 0.00284467 0.00356832 -0.00105743 0.000177598 -0.000112527 0.00107286 -0.00275318 0.00285928 -0.00151144 -0.000688696 -0.00158509 -0.000221765 -0.0021736 0.00268483 -0.00318936 -0.00232774 0.00264625 -0.00326124 -0.00250074 -0.00393672 -0.00355211 -0.00295429
internal_weight=2448 1278 1100 681 544 324 1170 670 419 339 220 455 435 241 500 316 244 198 194 80 137 40 215 159 61 137 115 256 232 191
internal_count=2448 1278 1100 681 544 324 1170 670 419 339 220 455 435 241 500 316 244 198 194 80 137 40 215 159 61 137 115 256 232 191
is_linear=0
shrinkage=0.04


Tree=81
num_leaves=31
num_cat=0
split_feature=9 9 7 7 9 0 9 6 9 6 9 7 6 6 6 9 7 9 10 6 9 6 9 7 10 6 7 9 10 7
split_gain=3.71525 0.756018 1.20011 0.66692 1.02456 1.13275 0.757162 0.627199 0.851925 0.556817 0.655612 0.629843 0.543844 0.541911 0.504654 0.6974 0.871547 0.441759 0.434023 0.411323 1.24902 0.410357 0.432196 0.750136 0.386538 0.38205 0.327873 0.327023 0.319799 0.312304
threshold=3.0486778020858769 1.6423485279083254 2.7927445173263554 3.9244179725646977 4.2166042327880868 11.500000000000002 4.7583940029144296 2.9528898000717168 3.4046241044998173 4.1058359146118173 3.535895943641663 5.3890075683593759 3.797432661056519 2.7302757501602177 1.5426399111747744 2.4075814485549931 1.8043903112411501 2.105060458183289 2.8249764442443852 4.3413412570953378 3.9487614631652836 1.4209519028663637 1.0388755798339846 1.0016933679580691 2.3258498907089238 3.1122503280639653 3.1274211406707768 3.2105591297149663 4.4236223697662362 2.0878726243972783
decision_type=2 2 2 2 2 2 2 2 2 2 2 2 2 2 2 2 2 2 2 2 2 2 2 2 2 2 2 2 2 2
left_child=1 21 14 7 9 6 -6 27 12 10 -5 -12 26 17 18 16 -16 -4 -3 -10 -21 22 -1 -24 -23 -17 -9 -2 -19 -25
right_child=3 2 13 4 5 -7 -8 8 19 -11 11 -13 -14 -15 15 25 -18 28 -20 20 -22 24 23 29 -26 -27 -28 -29 -30 -31
leaf_value=-0.0037623927694346222 0.0041764338675773505 0.0013829233353176425 -0.0055455645083477998 -0.0032965407589051338 -0.0010129752951777643 0.011715146148843425 0.0052201894386248162 0.0030608956159092486 0.0040470950080120898 -0.0045785988629463001 0.0025209808675944806 -0.0046815982817307762 -0.0049097469102205903 -0.0055128561639148435 0.00057459247105817518 0.002397439733202133 -0.0048244078934658319 -0.0012674404852627281 0.0089408972095698109 -0.0049825066390136877 0.0038916072803874347 -0.0024663268958624359 0.0024675612407018851 -0.0014570560757209128 -0.0066606624075211587 -0.0018620872111400452 -0.00021250845883611313 0.010658521164208649 0.0043027732353657488 -0.0050381310012501982
leaf_weight=140 33 31 33 70 72 21 55 75 286 56 125 23 29 83 119 189 80 94 20 36 86 78 73 207 64 41 141 20 20 48
leaf_count=140 33 31 33 70 72 21 55 75 286 56 125 23 29 83 119 189 80 94 20 36 86 78 73 207 64 41 141 20 20 48
internal_value=-7.39913e-12 -0.00144051 -0.0005532 0.0016857 0.000427679 0.00310942 0.00168643 0.00243766 0.00209801 -0.00102085 -0.000106936 0.00140166 0.000233554 -0.00292893 0.000585173 0.000137982 -0.00159586 -0.00146998 0.00434683 0.00321759 0.00127302 -0.00247328 -0.0019018 -0.00110765 -0.00435673 0.00163813 0.00092409 0.0066225 -0.00029021 -0.00213114
internal_weight=2448 1320 710 1128 422 148 127 706 653 274 218 148 245 230 480 429 199 147 51 408 122 610 468 328 142 230 216 53 114 255
internal_count=2448 1320 710 1128 422 148 127 706 653 274 218 148 245 230 480 429 199 147 51 408 122 610 468 328 142 230 216 53 114 255
is_linear=0
shrinkage=0.04


Tree=82
num_leaves=31
num_cat=0
split_feature=9 7 9 6 6 9 9 6 7 7 0 7 9 6 10 7 6 9 0 6 7 9 9 0 9 9 7 10 10 6
split_gain=3.46488 0.838639 1.12904 1.25436 0.620981 0.589941 0.58038 0.919125 0.524691 0.476932 0.468255 0.590683 0.501637 0.605517 0.498439 0.437325 0.421902 0.534012 0.405065 0.369126 0.366003 0.425135 0.354121 0.336576 0.298594 0.282957 0.259599 0.258192 0.245328 0.23475
threshold=2.6853549480438237 2.5328249931335454 3.5268166065216069 3.2341809272766118 3.4238215684890752 3.226134300231934 4.3790042400360116 4.733356475830079 3.3956112861633305 2.8422288894653325 1.5000000000000002 2.58664882183075 1.7657201886177065 1.8825560808181765 3.2448806762695317 4.3820180892944345 3.9420912265777592 3.2770556211471562 16.500000000000004 1.1131681799888613 1.2113734483718874 1.3831536769866946 2.3720655441284184 12.500000000000002 1.0645889639854433 4.0005968809127816 1.4567362666130068 4.4514498710632333 4.9543895721435556 0.91902649402618419
decision_type=2 2 2 2 2 2 2 2 2 2 2 2 2 2 2 2 2 2 2 2 2 2 2 2 2 2 2 2 2 2
left_child=10 23 3 5 18 9 7 -6 -7 -3 19 12 20 14 -14 -8 17 -5 25 24 21 -12 -15 28 -1 -4 -26 -13 -2 -22
right_child=1 2 4 16 6 8 15 -9 -10 -11 11 27 13 22 -16 -17 -18 -19 -20 -21 29 -23 -24 -25 26 -27 -28 -29 -30 -31
leaf_value=-0.0039142477641564231 0.0020489789323365117 0.0042621429579150754 0.001852386815304106 -0.0042556092981755255 0.0013209925069100131 0.0080938029700123211 0.0064618549668895341 -0.0058538812344833728 0.0014443875686806996 -0.00048820666511605829 -0.0016710665973791263 -0.004066831941793983 0.0016183451181430309 -0.0024281378952606069 0.0087632804967108218 0.0020847571285530215 -0.0075369489829366408 -0.00023346481495536864 0.0087697654205464558 -0.0057113413684742728 0.00025733397783840015 0.0018777327481657266 0.0010263630678786022 0.0075157826877123605 0.0022269745817517536 0.0074082879320485516 -0.0030266060409377574 0.00019568875052586752 0.0065689600110054019 -0.0036827555431167866
leaf_weight=71 83 41 55 92 364 34 56 31 43 193 193 144 61 93 21 105 24 124 31 72 29 75 97 37 34 20 27 27 25 146
leaf_count=71 83 41 55 92 364 34 56 31 43 193 193 144 61 93 21 105 24 124 31 72 29 75 97 37 34 20 27 27 25 146
internal_value=-3.61277e-12 0.00134822 0.00100455 -0.000333086 0.00211789 0.00134348 0.00158298 0.000757901 0.00438049 0.00034412 -0.00167971 -0.00128189 -0.000776807 0.000575325 0.00344815 0.00360723 -0.00250564 -0.0019466 0.00492368 -0.0034075 -0.00160701 -0.000677932 -0.000664524 0.00422326 -0.00215085 0.00333396 -9.83808e-05 -0.0033938 0.00309527 -0.00302983
internal_weight=2448 1358 1213 551 662 311 556 395 77 234 1090 886 715 272 82 161 240 216 106 204 443 268 190 145 132 75 61 171 108 175
internal_count=2448 1358 1213 551 662 311 556 395 77 234 1090 886 715 272 82 161 240 216 106 204 443 268 190 145 132 75 61 171 108 175
is_linear=0
shrinkage=0.04


Tree=83
num_leaves=31
num_cat=0
split_feature=9 7 9 6 9 6 7 6 9 7 6 6 7 9 6 7 9 6 6 9 9 9 8 5 6 6 7 10 7 5
split_gain=3.20043 0.710002 1.02435 1.04794 0.72414 0.867978 0.528791 1.30841 0.493756 0.85681 0.490381 0.484761 0.415198 0.401019 0.537512 0.394474 0.384597 0.538548 0.402584 0.373392 0.305241 0.28682 0.276652 0.249591 0.412855 0.21996 0.298537 0.199289 0.310032 0.19071
threshold=2.8024408817291264 2.7866140604019169 3.8433576822280888 3.7834835052490239 3.226134300231934 3.1750702857971196 5.1990761756896982 3.5637680292129521 1.5078558325767519 2.58664882183075 3.1491291522979741 1.0634869337081911 1.1265900731086733 0.93502363562583934 0.98770177364349376 3.6893774271011357 1.9235156774520876 2.8903758525848393 2.1510602235794072 4.3477458953857431 1.2934277057647707 1.0249598622322085 3.4662580490112309 26.35311317443848 2.3530001640319829 4.4163341522216806 3.9614409208297734 4.2088420391082773 3.5651607513427739 22.62624549865723
decision_type=2 2 2 2 2 2 2 2 2 2 2 2 2 2 2 2 2 2 2 2 2 2 2 2 2 2 2 2 2 2
left_child=8 -2 3 4 10 -6 7 -4 12 11 -3 -10 13 -1 21 -9 18 -18 -13 -8 -16 -15 -21 27 -25 26 -5 -11 -29 -14
right_child=1 2 6 25 5 -7 19 15 9 23 -12 16 29 14 20 -17 17 -19 -20 22 -22 -23 -24 24 -26 -27 -28 28 -30 -31
leaf_value=-0.0048165085444188847 0.0037275856413637822 0.00028643957780854356 0.012462155705560808 -0.00089024437650417289 0.0052756120127804111 0.00071357181479992423 -0.0030971612152643504 0.0047690606710090438 0.0062705882972804829 -0.0061819053348153834 -0.003852752733760728 -0.00064469664113414355 -0.002826947290645991 6.5131886953079122e-05 -0.0029379952978364171 0.0016679370098208566 0.001708607802086211 -0.0038636695093282468 -0.0056844214598337807 0.005694882428273559 0.0008948522260073912 0.0053745334687711746 -0.00095826266892254353 0.002031341114746673 -0.00321890539311617 -0.0067440914362668991 -0.0051692908852128319 -0.00036411476454564502 -0.00651182896679356 -0.0053162700170651077
leaf_weight=49 178 155 23 75 94 230 40 93 20 48 65 164 119 41 136 223 209 32 30 20 44 27 20 35 76 22 40 35 21 84
leaf_count=49 178 155 23 75 94 230 40 93 20 48 65 164 119 41 136 223 209 32 30 20 44 27 20 35 76 22 40 35 21 84
internal_value=-2.49178e-12 0.00138384 0.00100458 4.71194e-05 0.000834556 0.00203713 0.00256074 0.00325104 -0.00151158 -0.000801721 -0.000936504 0.000181561 -0.00246279 -0.00150983 -0.000856496 0.00258061 -9.83938e-05 0.00096872 -0.00142404 -0.000364426 -0.00200108 0.00217328 0.00236831 -0.00288262 -0.00156342 -0.00307963 -0.00237861 -0.00429061 -0.00266951 -0.00385701
internal_weight=2448 1278 1100 681 544 324 419 339 1170 670 220 455 500 297 248 316 435 241 194 80 180 68 40 215 111 137 115 104 56 203
internal_count=2448 1278 1100 681 544 324 419 339 1170 670 220 455 500 297 248 316 435 241 194 80 180 68 40 215 111 137 115 104 56 203
is_linear=0
shrinkage=0.04


Tree=84
num_leaves=31
num_cat=0
split_feature=9 7 9 6 9 9 7 6 9 7 1 6 6 9 6 6 9 7 6 6 7 9 6 9 7 9 9 9 0 8
split_gain=2.9661 0.596757 0.93847 0.579196 0.760763 0.576863 0.994626 0.546453 0.786283 0.488927 0.511513 0.486235 0.475702 0.456911 0.437463 0.433016 0.446999 0.675347 0.522538 0.430335 0.384291 0.387738 0.470435 0.380402 0.344416 0.34207 0.341012 0.301579 0.28941 0.282196
threshold=3.0168911218643193 3.9244179725646977 4.0963866710662851 4.2712886333465585 4.9089767932891855 1.6219426989555361 2.7927445173263554 2.8564720153808598 3.4255686998367314 4.4799442291259775 4.5000000000000009 3.4180608987808232 3.797432661056519 4.2166042327880868 3.5123704671859746 1.2811771631240847 2.5667730569839482 1.8825560808181765 3.1122503280639653 2.7302757501602177 1.1131681799888613 0.89884403347969066 0.97470009326934826 1.2934277057647707 3.0709873437881474 3.8257502317428593 2.105060458183289 1.0766701102256777 16.500000000000004 3.6356586217880253
decision_type=2 2 2 2 2 2 2 2 2 2 2 2 2 2 2 2 2 2 2 2 2 2 2 2 2 2 2 2 2 2
left_child=5 7 9 13 -5 20 15 -2 12 10 14 29 24 -4 -3 -7 17 -17 -18 26 21 -1 27 -24 -9 -13 -8 -23 -28 -10
right_child=1 2 3 4 -6 6 19 8 11 -11 -12 25 -14 -15 -16 16 18 -19 -20 -21 -22 22 23 -25 -26 -27 28 -29 -30 -31
leaf_value=-0.0055652520929773651 0.006497461509061395 0.0034927055573668975 0.0018881660830229522 -0.0011896523196165535 0.0057824209587914602 0.0062386342212557792 -0.0050551780460007271 0.0030319202305230347 0.0091324696689844137 -0.0045844905720702532 -0.0040913214908902193 0.0012505936367459606 -0.0045679326903010752 0.0086609285028980063 -0.0011333630614293118 0.0010596015428503355 0.0031523198221204063 -0.0027483126885604376 -0.0021460615228025767 -0.0052631549932364678 -0.0032686738842521447 0.00034980507008731363 -0.0029122974440761533 0.0008391141695075578 -0.00014997470711490939 0.0037822319395614395 -0.0033995310363492798 0.0059845781574646628 0.001024653508235407 0.0034956999530118926
leaf_weight=30 44 58 30 88 35 20 33 79 30 58 44 177 29 34 75 162 126 138 39 74 289 55 143 62 175 165 35 21 73 27
leaf_count=30 44 58 30 88 35 20 33 79 30 58 44 177 29 34 75 162 126 138 39 74 289 55 143 62 175 165 35 21 73 27
internal_value=-1.82802e-12 0.00148166 0.000285469 0.00240006 0.000794271 -0.00130842 -0.000528316 0.00217696 0.00189822 -0.00139721 -0.000352788 0.00304206 0.000285534 0.0054862 0.00088402 0.000475581 0.000227708 -0.000692039 0.00189998 -0.00279292 -0.00221854 -0.00124269 -0.000781203 -0.00177772 0.00083967 0.002472 -0.00149649 0.00190678 -0.00040911 0.00646242
internal_weight=2448 1148 422 187 123 1300 700 726 682 235 177 399 283 64 133 485 465 300 165 215 600 311 281 205 254 342 141 76 108 57
internal_count=2448 1148 422 187 123 1300 700 726 682 235 177 399 283 64 133 485 465 300 165 215 600 311 281 205 254 342 141 76 108 57
is_linear=0
shrinkage=0.04


Tree=85
num_leaves=31
num_cat=0
split_feature=9 7 9 6 7 9 9 6 9 7 6 6 7 7 0 7 9 6 10 7 9 6 7 0 9 9 7 10 10 9
split_gain=2.75378 0.716849 0.956455 1.07439 0.75605 0.811201 0.636091 0.612205 0.84847 0.655439 0.653126 0.59474 0.567876 0.441549 0.38739 0.49596 0.349431 0.618715 0.539157 0.351064 0.372462 0.336043 0.330201 0.319494 0.298151 0.260881 0.23082 0.230111 0.220207 0.218658
threshold=2.6853549480438237 2.5328249931335454 3.6764580011367802 3.1409964561462407 3.9244179725646977 3.2770556211471562 3.226134300231934 4.256803274154664 4.2630057334899911 5.1990761756896982 3.4370665550231938 4.733356475830079 4.3820180892944345 4.1058359146118173 1.5000000000000002 2.7306599617004399 1.7657201886177065 1.8825560808181765 3.2448806762695317 1.2113734483718874 1.3831536769866946 1.0795183777809145 2.8422288894653325 12.500000000000002 2.4075814485549931 1.0388755798339846 1.4567362666130068 4.4514498710632333 4.9543895721435556 4.0963866710662851
decision_type=2 2 2 2 2 2 2 2 2 2 2 2 2 2 2 2 2 2 2 2 2 2 2 2 2 2 2 2 2 2
left_child=14 23 3 6 5 -5 22 9 11 10 -4 -9 -10 -8 21 16 19 18 -18 20 -16 25 -3 28 -19 -1 -27 -17 -2 -11
right_child=1 2 7 4 -6 -7 13 8 12 29 -12 -13 -14 -15 15 27 17 24 -20 -21 -22 -23 -24 -25 -26 26 -28 -29 -30 -31
leaf_value=-0.0035703591570731192 0.0017697613662759583 0.0039521915546785564 0.0088623738325223685 -0.0032975090264808389 -0.0053849221103838786 0.00084717080524355614 0.0070141662474648625 -0.00057225400654526499 0.0054058023678282127 -0.0039553262586040153 0.003310842697689196 -0.0081664474237532845 0.00052168483491582074 0.00033816821549249735 -0.0014626765768876097 -0.0042533567098703672 0.0012128466270290889 -0.0023460611691525964 0.0082282094191759823 -0.0028058337965023404 0.0018590112502647874 -0.0050901867251377554 -0.00012437017417924349 0.0070679120971141639 0.00061262215220962062 0.0022922403639292015 -0.0026615836885240341 9.1855219798162588e-05 0.0060520705245435237 0.0015812622487545013
leaf_weight=63 83 39 41 120 66 204 51 77 65 21 196 21 92 23 193 104 65 108 24 183 75 80 172 37 110 34 27 24 25 25
leaf_count=63 83 39 41 120 66 204 51 77 65 21 196 21 92 23 193 104 65 108 24 183 75 80 172 37 110 34 27 24 25 25
internal_value=5.8814e-13 0.00120194 0.000884193 -0.000118576 -0.00148278 -0.000687896 0.00174823 0.00214231 0.000720836 0.00342315 0.00427123 -0.00219958 0.00254377 0.00493919 -0.00149746 -0.00113562 -0.000746718 0.000294221 0.00310463 -0.0014553 -0.0005331 -0.00306899 0.000629118 0.00386003 -0.000853148 -0.00176499 9.95641e-05 -0.00343863 0.00276104 -0.000946311
internal_weight=2448 1358 1213 675 390 324 285 538 255 283 237 98 157 74 1090 886 758 307 89 451 268 204 211 145 218 124 61 128 108 46
internal_count=2448 1358 1213 675 390 324 285 538 255 283 237 98 157 74 1090 886 758 307 89 451 268 204 211 145 218 124 61 128 108 46
is_linear=0
shrinkage=0.04


Tree=86
num_leaves=31
num_cat=0
split_feature=9 7 9 6 9 6 7 6 7 4 9 6 7 6 9 6 9 6 7 9 6 6 9 7 8 7 9 9 7 7
split_gain=2.55723 0.637016 0.897803 0.814579 0.574869 1.02289 0.469694 0.441708 0.423243 0.918578 0.481392 0.420465 0.711191 0.78932 0.645633 0.659341 0.405084 0.725371 0.400895 0.479127 0.494493 0.413763 0.328714 0.435 0.299009 0.288659 0.391885 0.266161 0.3439 0.227652
threshold=3.123183131217957 3.3618478775024419 3.8257502317428593 3.7396003007888798 2.0687307119369511 2.7062610387802128 3.1763111352920537 2.4281167984008794 3.437649250030518 6.0000000000000009 2.5667730569839482 4.256803274154664 5.1990761756896982 3.5637680292129521 4.6588540077209482 5.0880343914031991 3.6888254880905156 3.6566231250762944 2.7194209098815922 1.4870257973670962 1.0514052510261538 1.4209519028663637 3.6445567607879643 4.2344374656677255 3.6356586217880253 2.6857511997222905 3.41390073299408 2.7580081224441533 2.5328249931335454 4.4799442291259775
decision_type=2 2 2 2 2 2 2 2 2 2 2 2 2 2 2 2 2 2 2 2 2 2 2 2 2 2 2 2 2 2
left_child=4 16 3 22 7 8 27 18 9 -6 -11 12 13 -4 15 -13 17 -2 19 21 -21 -1 23 -3 -5 -19 -27 -7 -29 -16
right_child=1 2 11 24 5 6 -8 -9 -10 10 -12 14 -14 -15 29 -17 -18 25 -20 20 -22 -23 -24 -25 -26 26 -28 28 -30 -31
leaf_value=-0.0016810882351838232 0.0036029889240470074 0.00061011237275369206 0.011597184593910757 -0.002477033036319833 0.0094781516244014114 -0.0027611012803464303 -0.0048706369004819705 -0.0075476942229129023 -0.001869443148650505 -0.00054658100272872163 0.0030514610830165716 0.00061982972895505259 -0.00090845839689870412 0.0035134670086020281 0.0064885554243145254 -0.0061336753411839404 0.0058226653924512281 0.0021680787065997721 -0.0054723232718450684 0.0056742117316885433 -0.00059600302639764623 -0.0048425261169978522 0.0032018333199029824 -0.0042489811194104119 -0.0075247481292379757 -0.0070612528938800104 3.4612849439409647e-05 0.0033539634501855626 -0.0013970110462704563 0.0021087909428308071
leaf_weight=410 193 145 23 57 24 79 69 21 54 118 120 101 46 121 28 30 62 32 42 22 236 79 53 37 28 20 33 38 68 59
leaf_count=410 193 145 23 57 24 79 69 21 54 118 120 101 46 121 28 30 62 32 42 22 236 79 53 37 28 20 33 38 68 59
internal_value=-7.94768e-13 0.00146958 0.000801969 -0.000784165 -0.00113733 -0.00016411 -0.00205412 -0.00182218 0.00135508 0.00201967 0.00126756 0.002046 0.00342145 0.00480462 0.000847205 -0.000926774 0.00289905 0.00224702 -0.00166979 -0.001456 -6.13336e-05 -0.00219183 0.000429579 -0.000377725 -0.00413981 -0.000831815 -0.00264307 -0.00100364 0.000306168 0.00351837
internal_weight=2448 1068 728 320 1380 570 254 810 316 262 238 408 190 144 218 131 340 278 789 747 258 489 235 182 85 85 53 185 106 87
internal_count=2448 1068 728 320 1380 570 254 810 316 262 238 408 190 144 218 131 340 278 789 747 258 489 235 182 85 85 53 185 106 87
is_linear=0
shrinkage=0.04


Tree=87
num_leaves=31
num_cat=0
split_feature=9 6 9 7 7 9 7 6 9 10 8 9 6 9 7 6 7 6 1 7 6 6 6 9 6 6 6 10 8 10
split_gain=2.36645 0.541484 0.648193 0.706557 0.52458 0.779872 0.79706 0.66486 0.718113 0.51867 0.473624 0.446485 0.443893 0.914698 0.46073 0.410143 0.392756 0.368478 0.35547 0.347981 0.319973 0.303868 0.303501 0.247555 0.378006 0.21508 0.1919 0.164824 0.108291 0.0628422
threshold=3.0168911218643193 3.4446620941162114 2.0687307119369511 2.7927445173263554 3.0529013872146611 4.0005968809127816 4.3640651702880868 4.3413412570953378 3.5268166065216069 4.4514498710632333 2.0305708646774296 2.6567986011505131 4.9887053966522226 4.4888713359832773 5.1990761756896982 2.1300843954086308 4.4799442291259775 3.7231843471527104 4.5000000000000009 0.81783258914947521 2.8813142776489262 1.2870912551879885 2.5918210744857793 3.6888254880905156 3.9420912265777592 3.3865568637847905 3.4702945947647099 2.519916415214539 3.4981565475463872 4.5005173683166513
decision_type=2 2 2 2 2 2 2 2 2 2 2 2 2 2 2 2 2 2 2 2 2 2 2 2 2 2 2 2 2 2
left_child=1 2 15 10 20 6 7 8 -6 22 -4 -12 14 -14 17 18 -15 -7 19 -1 -2 -20 -5 24 28 -8 -16 -17 -22 -9
right_child=4 -3 3 9 5 12 25 29 -10 -11 11 -13 13 16 26 27 -18 -19 21 -21 23 -23 -24 -25 -26 -27 -28 -29 -30 -31
leaf_value=0.0029018142148076248 0.0079349569454789156 -0.0075396818720868657 0.0062655377840357164 -0.00097974158161760944 -0.0002223177823841318 0.0094504924260434657 -0.0018675298269866317 -0.0028157982751727106 0.002930643016535386 0.0035691939065388097 -0.00047569460243951665 0.0029076796563662355 -0.0072922048941254612 0.0054254562138683271 0.0026628803058216972 -0.0025030907044525852 0.00024520093570070241 0.0037932036347842462 -0.0016961371764390098 -0.0011811916042800622 0.0045273509803552955 -0.0045589963671670338 -0.0045664081498980524 0.0062477610690089367 -0.0024829848371446133 -0.0064699297607876361 -0.0026258353062945865 -0.0070301423384808003 0.0021195647618448251 -0.0059867224879562855
leaf_weight=36 20 21 28 76 308 21 33 20 185 24 166 100 20 36 21 22 67 150 167 462 43 92 75 26 25 32 23 31 98 20
leaf_count=36 20 21 28 76 308 21 33 20 185 24 166 100 20 36 21 22 67 150 167 462 43 92 75 26 25 32 23 31 98 20
internal_value=5.60907e-12 -0.0011687 -0.00106409 0.000119312 0.00132344 0.000916503 4.84589e-05 0.000558433 0.000960842 -0.00189303 0.00131714 0.000796251 0.00245227 0.000535779 0.00354868 -0.0017493 0.00205578 0.00448796 -0.00151113 -0.000886035 0.00312009 -0.00271306 -0.0027612 0.00261854 0.00205011 -0.00413333 -0.000101676 -0.00515099 0.00285385 -0.00440126
internal_weight=2448 1300 1279 469 1148 936 598 533 493 175 294 266 338 123 215 810 103 171 757 498 212 259 151 192 166 65 44 53 141 40
internal_count=2448 1300 1279 469 1148 936 598 533 493 175 294 266 338 123 215 810 103 171 757 498 212 259 151 192 166 65 44 53 141 40
is_linear=0
shrinkage=0.04


Tree=88
num_leaves=31
num_cat=0
split_feature=9 9 7 6 9 6 6 6 9 6 6 9 7 6 7 9 6 6 10 7 6 9 7 9 10 5 9 6 9 5
split_gain=2.19209 0.60663 1.04912 0.888872 0.652399 0.755799 0.620407 0.498052 0.590921 0.395149 0.389577 0.70718 0.395669 0.737723 0.327095 0.537684 0.642482 0.344262 0.31786 0.280078 0.256886 0.429028 0.250995 0.335224 0.244135 0.15181 0.142552 0.125303 0.160705 0.10771
threshold=2.4651880264282231 4.0005968809127816 4.2344374656677255 4.510789394378663 3.3967702388763432 3.4446620941162114 3.4180608987808232 2.165951251983643 1.9235156774520876 1.8825560808181765 5.1504011154174814 4.6588540077209482 5.3116164207458505 3.6893774271011357 2.2196817398071294 1.4203924536705019 1.0514052510261538 1.3892279267311098 3.2448806762695317 4.3640651702880868 3.8724123239517216 3.535895943641663 1.6457789540290835 1.814659118652344 5.2069954872131357 25.730875968933109 4.9089767932891855 1.2549898624420168 1.5969115495681765 25.594795227050785
decision_type=2 2 2 2 2 2 2 2 2 2 2 2 2 2 2 2 2 2 2 2 2 2 2 2 2 2 2 2 2 2
left_child=7 2 3 4 5 -2 -6 8 14 18 12 -12 13 -3 15 17 -17 -1 -10 -15 21 -4 23 -9 -23 -11 -13 28 -16 -24
right_child=1 10 20 -5 6 -7 -8 22 9 25 11 26 -14 19 27 16 -18 -19 -20 -21 -22 24 29 -25 -26 -27 -28 -29 -30 -31
leaf_value=-0.0016388830079961342 0.00092776171887384417 0.011213694758713246 -0.0057539362907409663 -0.0072382084386689331 0.0053045499706282639 -0.0027279436684868952 0.0014801466763577659 -0.0050559443309903139 0.0013276741237324826 0.00077178601427255449 -0.0048403215574799111 0.0011440597945585143 -0.00058080063453195868 0.0042688530894774311 -0.004779910642582064 0.0070328194470632641 -0.0003563078930396792 -0.0049265435224367399 0.007340056981580953 0.0010985060369906325 -0.0072865910679101942 0.0021787147858412935 -0.0075945878396337122 0.0022677009589970112 -0.0031581758620450274 -0.0033665061353341393 0.005154186396495156 -0.0058935714242133235 -7.5264537618273782e-05 -0.0043167106834468691
leaf_weight=374 558 20 35 21 91 108 267 20 34 37 30 37 37 126 26 21 182 59 24 69 20 32 23 20 24 23 23 33 21 53
leaf_count=374 558 20 35 21 91 108 267 20 34 37 30 37 37 126 26 21 182 59 24 69 20 32 23 20 24 23 23 33 21 53
internal_value=-3.21533e-12 0.000953211 0.000515387 0.000908119 0.00107518 0.000334945 0.00245227 -0.00150306 -0.00116149 0.00146126 0.00243311 0.000174076 0.00323991 0.00389742 -0.00159373 -0.00129051 0.000408085 -0.00208686 0.00381556 0.00314704 -0.00318195 -0.00227984 -0.00395885 -0.00139412 -0.000108524 -0.000814559 0.00268127 -0.00400433 -0.00267783 -0.0053087
internal_weight=2448 1498 1156 1045 1024 666 358 950 834 118 342 90 252 215 716 636 203 433 58 195 111 91 116 40 56 60 60 80 47 76
internal_count=2448 1498 1156 1045 1024 666 358 950 834 118 342 90 252 215 716 636 203 433 58 195 111 91 116 40 56 60 60 80 47 76
is_linear=0
shrinkage=0.04


Tree=89
num_leaves=31
num_cat=0
split_feature=9 7 9 6 9 7 9 7 6 0 6 6 9 6 7 6 9 6 9 6 7 9 10 6 9 9 6 9 6 7
split_gain=2.05038 0.580167 0.744405 0.73089 0.465726 0.607453 0.47323 0.535776 0.466849 0.411921 0.380448 0.366062 0.387423 0.36156 0.58683 0.665944 0.563337 0.522808 0.34661 0.561003 0.33954 0.328683 0.333945 0.326778 0.312178 0.302316 0.381895 0.280416 0.258211 0.247966
threshold=3.123183131217957 3.3618478775024419 3.8257502317428593 3.3338320255279545 1.321882486343384 2.7927445173263554 2.5667730569839482 1.0880553722381594 2.2699999809265141 16.500000000000004 3.002387642860413 2.92451024055481 2.836816787719727 4.256803274154664 5.1990761756896982 3.5637680292129521 4.6588540077209482 4.9252789020538339 3.8257502317428593 4.2712886333465585 0.95012781023979198 2.7735133171081547 4.4514498710632333 3.4180608987808232 3.3967702388763432 0.89884403347969066 0.97470009326934826 3.258369088172913 2.0046145915985112 4.3640651702880868
decision_type=2 2 2 2 2 2 2 2 2 2 2 2 2 2 2 2 2 2 2 2 2 2 2 2 2 2 2 2 2 2
left_child=4 18 3 9 20 6 7 28 -9 -3 21 -8 -13 14 15 -4 17 -15 19 23 25 22 -7 27 -25 -1 -27 -2 -6 -5
right_child=1 2 13 29 5 10 11 8 -10 -11 -12 12 -14 16 -16 -17 -18 -19 -20 -21 -22 -23 -24 24 -26 26 -28 -29 -30 -31
leaf_value=-0.0048126772925257679 0.0025370238326286199 -1.8297900975567801e-05 0.010582620825456537 -0.0018974412948665315 0.004790664256164214 -0.003609704555646103 0.0032366093352168531 -0.00043655284019280464 -0.0037174743316912401 0.0047164137714675496 -0.0050086635720553033 -0.0037060424016090109 0.0021988792467163877 0.00087074085463618132 -0.00084612573922166357 0.0031575033127345638 0.003195031170904551 -0.0044504789523780348 0.007314349456379811 -0.0036873239521747047 -0.0032499408882544784 0.00045174673871280484 0.0016986213790495758 -0.00065683102891004339 0.0029300222525119103 0.0030682608426743467 -0.0015576067930909202 0.0063599653748235016 -0.00058106653900309041 -0.0064300939034331933
leaf_weight=25 64 98 23 158 41 108 111 399 84 42 59 32 40 86 46 121 87 45 24 23 217 91 23 60 110 43 85 59 22 22
leaf_count=25 64 98 23 158 41 108 111 399 84 42 59 32 40 86 46 121 87 45 24 23 217 91 23 60 110 43 85 59 22 22
internal_value=-1.96831e-12 0.00131591 0.000678784 -0.000765505 -0.0010184 -0.000573639 3.54003e-05 -0.000554613 -0.00100715 0.00140212 -0.00215367 0.00179577 -0.00042553 0.00181156 0.00308703 0.00434346 0.000699908 -0.000957159 0.00268011 0.00232814 -0.00223247 -0.00139491 -0.00267771 0.00280034 0.00166407 -0.000789401 -3.60438e-06 0.00437079 0.00291482 -0.00245143
internal_weight=2448 1068 728 320 1380 1010 729 546 483 140 281 183 72 408 190 144 218 131 340 316 370 222 131 293 170 153 128 123 63 180
internal_count=2448 1068 728 320 1380 1010 729 546 483 140 281 183 72 408 190 144 218 131 340 316 370 222 131 293 170 153 128 123 63 180
is_linear=0
shrinkage=0.04


Tree=90
num_leaves=31
num_cat=0
split_feature=9 7 9 6 6 9 6 7 0 6 9 7 6 9 5 9 6 7 7 6 9 7 10 9 8 7 9 6 7 1
split_gain=1.89497 0.506299 0.691184 0.601673 0.50311 0.561414 0.62595 0.499237 0.473205 0.42965 0.670631 0.511931 0.62347 0.419397 0.413939 0.407824 0.664375 0.382134 0.378533 0.373392 0.42472 0.547559 0.334922 0.318727 0.311394 0.26445 0.262447 0.232485 0.229335 0.30313
threshold=3.0486778020858769 3.6893774271011357 3.8433576822280888 3.165413618087769 3.4446620941162114 2.0687307119369511 2.5918210744857793 2.7927445173263554 16.500000000000004 4.1731791496276864 4.8127872943878183 5.1504011154174814 3.5637680292129521 2.7580081224441533 29.951039314270023 3.6597926616668706 3.797432661056519 1.7131631374359133 3.0529013872146611 1.7344411015510561 1.1684431433677676 1.1131681799888613 4.640388250350953 2.5667730569839482 1.7234689593315127 0.87829768657684337 3.308185458183289 3.1409964561462407 4.4353468418121347 4.5000000000000009
decision_type=2 2 2 2 2 2 2 2 2 2 2 2 2 2 2 2 2 2 2 2 2 2 2 2 2 2 2 2 2 2
left_child=4 15 3 8 5 19 17 13 -3 11 22 12 -4 -8 -12 16 18 -7 27 20 25 -22 -11 -19 -21 -1 -20 -2 29 -5
right_child=1 2 9 28 -6 6 7 -9 -10 10 14 -13 -14 -15 -16 -17 -18 23 26 24 21 -23 -24 -25 -26 -27 -28 -29 -30 -31
leaf_value=-0.0006851703198944134 0.0069307727892217895 -0.0020391041193638117 0.010947629802283787 -0.0013372510037609911 -0.0068930055784142547 0.0061854760929942135 -0.0016239190919441172 -0.0036204525690644663 0.0047473283516509188 0.0019745887443423271 0.00041617049525181449 -0.00035119065522766583 0.0030626825644525096 0.0029904552085253484 0.007701027453518831 0.0036011695683138508 -0.0023679209258195689 -0.00041227893818417686 -0.00023469023691910889 -0.0050471244909927057 0.002344822894421316 -0.0011533764347402601 -0.0023777772352840858 0.002531503231855043 -0.0014824826091429904 -0.003412121720684357 0.0024972074101136509 0.0028286383499313878 -0.0070600270442664629 -0.0064026432305884862
leaf_weight=88 28 31 21 89 23 25 80 94 35 39 24 44 68 52 26 178 66 124 124 81 93 311 103 112 76 161 103 105 20 24
leaf_count=88 28 31 21 89 23 25 80 94 35 39 24 44 68 52 26 178 66 124 124 81 93 311 103 112 76 161 103 105 20 24
internal_value=4.43952e-12 0.00120389 0.000294061 -0.00156249 -0.00102878 -0.000924791 0.000148481 -0.00139262 0.00155976 0.00143084 0.000220379 0.00317827 0.00492318 0.000193865 0.0042043 0.00199322 0.00132135 0.00148292 0.00199772 -0.00157008 -0.00114897 -0.000348098 -0.00118241 0.00098477 -0.00332157 -0.00244838 0.00100489 0.00369225 -0.00311187 -0.00241309
internal_weight=2448 1128 524 199 1320 1297 487 226 66 325 192 133 89 132 50 604 426 261 360 810 653 404 142 236 157 249 227 133 133 113
internal_count=2448 1128 524 199 1320 1297 487 226 66 325 192 133 89 132 50 604 426 261 360 810 653 404 142 236 157 249 227 133 133 113
is_linear=0
shrinkage=0.04


Tree=91
num_leaves=31
num_cat=0
split_feature=9 6 9 7 6 9 7 6 7 9 7 5 9 6 6 9 7 10 7 6 9 9 6 6 9 7 9 9 9 7
split_gain=1.75663 0.587876 0.506818 0.996644 0.697424 0.47436 0.730044 0.546293 0.483328 0.613902 0.412128 0.596086 0.474373 0.486676 0.351475 0.40902 0.533487 0.406477 0.336853 0.318623 0.29403 0.274088 0.266464 0.239632 0.226088 0.184847 0.227786 0.180793 0.17986 0.275303
threshold=3.2157698869705205 3.165413618087769 3.8257502317428593 3.6037999391555791 4.3413412570953378 1.6423485279083254 3.4247504472732548 1.2811771631240847 1.4209519028663637 2.2524088621139531 4.4799442291259775 32.970497131347663 4.9089767932891855 4.1731791496276864 1.1938115358352663 1.0388755798339846 1.0514052510261538 2.488367080688477 4.1058359146118173 2.9339209794998173 3.3967702388763432 4.6316933631896982 4.1058359146118173 2.9653309583663945 3.6764580011367802 1.0325130820274355 0.88258481025695812 1.4444525241851809 2.3720655441284184 4.0270688533782968
decision_type=2 2 2 2 2 2 2 2 2 2 2 2 2 2 2 2 2 2 2 2 2 2 2 2 2 2 2 2 2 2
left_child=5 18 3 4 20 14 7 -7 -9 -10 11 21 13 -12 15 25 -17 -16 23 28 -3 -4 24 -2 -5 26 -1 -18 -8 -30
right_child=1 2 10 22 -6 6 19 8 9 -11 12 -13 -14 -15 17 16 27 -19 -20 -21 -22 -23 -24 -25 -26 -27 -28 -29 29 -31
leaf_value=-0.0057300026770681148 0.0087387487306087117 0.00014360926747322082 0.0018577486768811366 -0.0030163138986156303 -0.005087432058155537 0.0061323859107991069 -0.0053383180390422546 0.0034034307945336475 -0.0024916760863359028 0.0003692942541589557 0.001871151474030764 0.009307935082099655 0.0050082435266625494 -0.0027010619449118773 -0.0016701212456760306 0.0030996361347338693 -0.0019676888176848083 -0.0051068630591891272 0.0010700248795989398 -0.0071011636320215009 0.0028461358171533303 0.0059660971425473689 -0.0063228292135452781 0.0038857206316074222 0.00094801533181453122 -0.0053618041813024318 -0.00098546262162134933 0.0009122553808918717 0.00043535420798933972 -0.0051019026972353452
leaf_weight=20 27 100 194 82 25 24 21 61 158 499 74 22 31 75 150 66 121 87 37 26 181 30 27 41 32 32 85 49 51 20
leaf_count=20 27 100 194 82 25 24 21 61 158 499 74 22 31 75 150 66 121 87 37 26 181 30 27 41 32 32 85 49 51 20
internal_value=-3.34135e-12 0.00131366 0.000973551 3.26802e-05 0.00131479 -0.000873987 -0.000268826 0.000195929 -2.50377e-06 -0.000318732 0.0019608 0.00302504 0.00050634 -0.000430298 -0.00172717 -0.000961812 4.73989e-05 -0.00293171 0.00414144 -0.00319127 0.00188438 0.00240797 -0.00274977 0.00581266 -0.00190352 -0.00270031 -0.00188918 -0.00113759 -0.0020863 -0.00112444
internal_weight=2448 978 873 447 306 1470 860 742 718 657 426 246 180 149 610 373 236 237 105 118 281 224 141 68 114 137 105 170 92 71
internal_count=2448 978 873 447 306 1470 860 742 718 657 426 246 180 149 610 373 236 237 105 118 281 224 141 68 114 137 105 170 92 71
is_linear=0
shrinkage=0.04


Tree=92
num_leaves=31
num_cat=0
split_feature=9 7 9 6 7 9 5 9 6 6 7 6 9 9 7 6 7 7 6 6 9 6 9 7 9 9 6 7 7 6
split_gain=1.62462 0.490871 0.663125 0.711015 0.586454 0.736053 0.4698 0.38958 0.769042 0.380897 0.369839 0.504576 0.365886 0.334245 0.543608 0.411913 0.331981 0.326545 0.320028 0.305832 0.492521 0.362286 0.299355 0.276119 0.282632 0.275822 0.24481 0.24454 0.230934 0.213537
threshold=3.123183131217957 3.3618478775024419 4.2630057334899911 4.510789394378663 4.4799442291259775 3.7555638551712041 31.90604400634766 1.7809274196624758 2.7062610387802128 1.6187973618507387 3.4308335781097417 1.438445031642914 2.5857759714126591 1.1111089587211611 1.6457789540290835 0.95012781023979198 1.5225923061370852 3.1763111352920537 3.7511177062988286 3.3605015277862553 3.6597926616668706 4.1237022876739511 2.4651880264282231 4.9252789020538339 4.8127872943878183 3.258369088172913 1.2373305559158327 2.5605835914611821 2.4073688983917241 1.0634869337081911
decision_type=2 2 2 2 2 2 2 2 2 2 2 2 2 2 2 2 2 2 2 2 2 2 2 2 2 2 2 2 2 2
left_child=7 19 3 4 5 -3 23 9 10 13 11 -9 -13 29 15 -15 -11 22 -6 25 21 27 -10 -4 -25 -2 -16 -21 -24 -1
right_child=1 2 6 -5 18 -7 -8 8 17 16 -12 12 -14 14 26 -17 -18 -19 -20 20 -22 -23 28 24 -26 -27 -28 -29 -30 -31
leaf_value=-0.0017555165279344166 0.002469307832342262 -0.00033869189096407759 0.0032386262231367704 -0.0054654898121953011 -0.0013771302696051343 0.0031635538547810783 0.0077691370703279975 0.0072820755981263668 -0.0050196369764981446 -0.0027075291126966478 -0.0020104167842521117 4.843429064830553e-05 0.0028413324968143434 0.0051109523901009361 -0.0015466883223384882 3.3803789583207283e-05 -0.0084049303457140925 -0.0043273657583294137 -0.007114477083086968 0.0035907511336162041 0.0044726110389456154 -0.0043277881531552835 0.0017599753361633597 -0.0024295978808171444 0.003012333449262839 0.0066388606813482269 -0.0055625498910067666 6.1176551759920344e-05 -0.0014826877401787294 -0.0048158505948958921
leaf_weight=152 60 270 94 37 70 149 25 21 27 90 65 246 108 29 92 216 20 69 20 46 69 22 51 37 26 44 33 99 113 48
leaf_count=152 60 270 94 37 70 149 25 21 27 90 65 246 108 29 92 216 20 69 20 46 69 22 51 37 26 44 33 99 113 48
internal_value=-2.22678e-12 0.00117134 0.000585296 -0.000111702 0.000277474 0.000906737 0.00267629 -0.000906517 -0.000244112 -0.00158841 0.000775057 0.00125787 0.000900505 -0.00117253 -0.000460379 0.000634772 -0.00374342 -0.00196886 -0.0026521 0.00242617 0.00162979 0.000455208 -0.00111683 0.00186533 -0.000183721 0.00423335 -0.00260688 0.0011809 -0.000474299 -0.00249
internal_weight=2448 1068 728 546 509 419 182 1380 700 680 440 375 354 570 370 245 110 260 90 340 236 167 191 157 63 104 125 145 164 200
internal_count=2448 1068 728 546 509 419 182 1380 700 680 440 375 354 570 370 245 110 260 90 340 236 167 191 157 63 104 125 145 164 200
is_linear=0
shrinkage=0.04


Tree=93
num_leaves=31
num_cat=0
split_feature=9 6 9 6 7 7 9 0 9 9 7 5 6 9 9 6 9 6 6 7 7 9 9 6 7 6 9 10 9 6
split_gain=1.50765 0.456855 0.45864 0.547033 0.430057 0.424697 0.573578 0.530854 0.566808 0.563215 0.5025 0.396705 0.380996 0.809663 0.37626 0.37362 0.443071 0.468932 0.352041 0.350891 0.341694 0.385379 0.331452 0.287886 0.230321 0.224159 0.190144 0.151823 0.147845 0.320032
threshold=3.0486778020858769 3.4446620941162114 2.0687307119369511 2.5918210744857793 2.7927445173263554 3.6893774271011357 4.0963866710662851 11.500000000000002 4.2166042327880868 4.7583940029144296 4.4799442291259775 30.125874519348148 3.9244179725646977 3.5931651592254643 2.7294147014617924 2.9528898000717168 3.6597926616668706 4.1237022876739511 2.4281167984008794 1.7131631374359133 2.7194209098815922 1.5624502301216128 3.2770556211471562 1.8300815224647524 5.1990761756896982 3.3865568637847905 3.9313151836395268 4.3351025581359872 4.1330351829528817 4.4353468418121347
decision_type=2 2 2 2 2 2 2 2 2 2 2 2 2 2 2 2 2 2 2 2 2 2 2 2 2 2 2 2 2 2
left_child=1 2 18 19 14 15 10 9 -9 24 12 -11 13 -7 -5 -2 17 22 20 -4 21 -1 -17 -21 -8 -12 -14 -6 29 -18
right_child=5 -3 3 4 27 6 7 8 -10 11 25 -13 26 -15 -16 16 28 -19 -20 23 -22 -23 -24 -25 -26 -27 -28 -29 -30 -31
leaf_value=-0.0016214811317708103 0.0052215566395960276 -0.0065057908678832271 0.0059052306100726131 -0.0017662023752927781 -0.0044039362150413751 -0.0012526139844405025 -0.00021621672632057728 0.001956510930721249 0.01015002036636526 0.001337462892755866 -0.0016605134704981797 0.0081266701274684498 -0.0038258609334006904 0.0045954043239295958 0.0025227312662949165 -0.00036766924587091509 0.0034595422676453984 -0.004342941794958379 -0.0065132205090707249 0.0055128618702292445 -0.0047762937002283129 0.0004239756890830796 0.0021319411780411526 0.0004965504156468712 -0.0049170451841893652 -0.0066368803804119428 -7.2103321098869577e-05 -0.00088880329725465597 0.0051116711180657151 -0.0014973672851920129
leaf_weight=545 47 23 25 72 66 95 81 35 22 40 28 21 50 63 60 142 105 27 21 20 42 202 211 216 21 30 38 28 46 26
leaf_count=545 47 23 25 72 66 95 81 35 22 40 28 21 50 63 60 142 105 27 21 20 42 202 211 216 21 30 38 28 46 26
internal_value=-8.8586e-12 -0.00091764 -0.000818544 0.000151528 -0.00128915 0.00107383 0.000240542 0.00179621 0.00511892 0.000634277 -0.000885268 0.00367473 -9.56131e-05 0.00107919 0.000183313 0.00179676 0.00150777 0.000737819 -0.00140179 0.00139901 -0.00126574 -0.00106836 0.00112643 0.000921662 -0.00118403 -0.0042345 -0.00220492 -0.00335688 0.00316078 0.00247573
internal_weight=2448 1320 1297 487 226 1128 524 220 57 163 304 61 246 158 132 604 557 380 810 261 789 747 353 236 102 58 88 94 177 131
internal_count=2448 1320 1297 487 226 1128 524 220 57 163 304 61 246 158 132 604 557 380 810 261 789 747 353 236 102 58 88 94 177 131
is_linear=0
shrinkage=0.04


Tree=94
num_leaves=31
num_cat=0
split_feature=9 9 6 7 9 6 5 6 9 7 9 6 9 7 7 9 6 0 6 9 6 10 5 6 10 9 6 10 6 7
split_gain=1.40634 0.478422 0.697468 0.7577 0.642483 0.732796 0.504135 0.424535 0.610915 0.364542 0.344245 0.51314 0.319726 0.309526 0.297402 0.470912 0.526819 0.331175 0.28071 0.266077 0.265143 0.242817 0.158549 0.154889 0.102769 0.0896609 0.115778 0.0880118 0.0731064 0.0385529
threshold=2.4651880264282231 4.3477458953857431 4.733356475830079 4.2344374656677255 3.5268166065216069 3.4446620941162114 31.90604400634766 2.0635535717010502 1.9235156774520876 1.7344411015510561 3.535895943641663 4.1237022876739511 1.8678140640258791 4.3820180892944345 2.2196817398071294 1.4203924536705019 1.0514052510261538 5.5000000000000009 3.5637680292129521 4.9089767932891855 1.5886499881744387 3.2448806762695317 25.451615333557132 4.9887053966522226 3.3725816011428837 2.2904210090637211 2.291662454605103 5.2785594463348398 1.1938115358352663 2.0635535717010502
decision_type=2 2 2 2 2 2 2 2 2 2 2 2 2 2 2 2 2 2 2 2 2 2 2 2 2 2 2 2 2 2
left_child=7 2 3 4 5 -2 13 8 14 12 -5 -12 -9 27 15 17 -17 -1 -6 23 -10 29 -11 -15 -16 -24 -27 -3 -26 -22
right_child=1 6 -4 10 18 -7 -8 9 20 22 11 -13 -14 19 24 16 -18 -19 -20 -21 21 -23 25 -25 28 26 -28 -29 -30 -31
leaf_value=-0.0014389699282524747 0.0010418967124982967 0.0057888310569627534 -0.0053268491942435508 -0.0052556125121191143 0.0045529783302918079 -0.0019648745381132221 0.0085594243363344251 -0.0039484136709227015 0.0062620036215521391 -0.0079063431471586235 0.00041951476525961578 -0.0052616911900765975 0.002066356982855547 0.0010832610469439935 -0.005800138132079787 0.0066631983823719479 -4.373074375392719e-05 -0.0065885817046676363 0.0018482639793585282 0.0035170195124021942 0.00024905003413247566 0.0037901145039546877 -0.0057303493183392742 -0.002952831566508394 -0.0014108550698129516 -0.00071572749960151585 -0.0048194380526811907 0.0026724791404759063 -0.0043122881336603311 -0.00212885307893157
leaf_weight=412 606 29 32 36 80 165 21 26 20 20 111 33 31 29 23 21 174 21 264 31 24 31 26 32 33 22 22 29 24 20
leaf_count=412 606 29 32 36 80 165 21 26 20 20 111 33 31 29 23 21 174 21 264 31 24 31 26 32 33 22 22 29 24 20
internal_value=3.53856e-12 0.000763492 0.000506883 0.000651037 0.00103979 0.000398424 0.00275484 -0.00120391 -0.000842118 -0.00318021 -0.00175707 -0.000882428 -0.000677223 0.0019422 -0.00124626 -0.000953659 0.000678554 -0.00168872 0.00247727 0.000499474 0.00216983 0.00107858 -0.00476544 -0.00103403 -0.0035432 -0.00386804 -0.00276758 0.00423066 -0.00263251 -0.000831815
internal_weight=2448 1498 1327 1295 1115 771 171 950 803 147 180 144 57 150 708 628 195 433 344 92 95 75 90 61 80 70 44 58 57 44
internal_count=2448 1498 1327 1295 1115 771 171 950 803 147 180 144 57 150 708 628 195 433 344 92 95 75 90 61 80 70 44 58 57 44
is_linear=0
shrinkage=0.04


Tree=95
num_leaves=31
num_cat=0
split_feature=9 6 9 7 6 7 9 6 9 6 5 7 7 6 7 9 6 0 6 6 9 6 7 7 6 9 9 9 9 7
split_gain=1.31592 0.533747 0.421986 0.834991 0.57168 0.384768 0.54518 0.531608 0.429813 0.376856 0.371447 0.444422 0.380063 0.394366 0.361833 0.399879 0.322636 0.307396 0.274538 0.272827 0.268447 0.262037 0.259295 0.249036 0.224824 0.219274 0.213695 0.186392 0.157701 0.10908
threshold=3.2157698869705205 3.165413618087769 3.8257502317428593 3.6037999391555791 4.3413412570953378 3.5651607513427739 1.7809274196624758 2.7062610387802128 2.8738032579422002 1.5426399111747744 32.970497131347663 4.4163341522216806 5.3116164207458505 3.6893774271011357 1.1131681799888613 1.2125310897827151 1.8300815224647524 15.500000000000002 1.5705001354217532 1.2870912551879885 2.4651880264282231 2.8125952482223515 2.4639921188354497 2.7866140604019169 4.1058359146118173 1.1771333217620852 2.6142768859863286 3.6764580011367802 3.3765465021133427 3.5502041578292851
decision_type=2 2 2 2 2 2 2 2 2 2 2 2 2 2 2 2 2 2 2 2 2 2 2 2 2 2 2 2 2 2
left_child=5 17 3 4 23 6 14 8 9 -8 12 -12 13 -4 15 19 25 29 -17 -1 -9 26 -22 -3 27 -16 -7 -5 -19 -2
right_child=1 2 10 24 -6 21 7 20 -10 -11 11 -13 -14 -15 16 18 -18 28 -20 -21 22 -23 -24 -25 -26 -27 -28 -29 -30 -31
leaf_value=-0.00089699768787189287 0.0037903139493428175 0.0035993502608892558 0.0071359175406396393 -0.0028254912823166061 -0.0046684797286987304 -0.00495496744910876 0.0046578089115875115 -0.0047980797237583564 0.0051870978133458845 0.00028939839671365917 0.0093795623381932574 0.0017925214792291326 -0.002690788234051849 0.0013461793010937982 -0.0041623715711918115 0.0034011583705827342 -0.0063287828246067317 0.0034049023051435749 -0.00077356581533835698 -0.0053393471211194985 0.0016432804847136141 -0.0073099234700202947 -0.0013148044324191536 0.00091857476876594307 -0.0058744543528667205 -0.0014542238736114099 5.6055617151838361e-06 0.00077402157385222383 0.0076942399796098475 -4.95627859671568e-05
leaf_weight=192 20 76 20 82 25 24 35 28 38 325 21 30 35 320 58 59 29 24 44 25 60 21 226 205 27 273 33 32 32 29
leaf_count=192 20 76 20 82 25 24 35 28 38 325 21 30 35 320 58 59 29 24 44 25 60 21 226 205 27 273 33 32 32 29
internal_value=-1.92718e-12 0.001137 0.00081292 -4.56049e-05 0.00112793 -0.00075645 -0.000603261 0.000170354 0.00114117 0.000714105 0.00171377 0.0049166 0.00127818 0.00168675 -0.00141328 -0.000434612 -0.00228321 0.00383145 0.00161778 -0.00140879 -0.00106018 -0.00349029 -0.000694227 0.00164362 -0.00259242 -0.00192876 -0.00208306 -0.0018151 0.00585595 0.00151773
internal_weight=2448 978 873 447 306 1470 1392 712 398 360 426 51 375 340 680 320 360 105 103 217 314 78 286 281 141 331 57 114 56 49
internal_count=2448 978 873 447 306 1470 1392 712 398 360 426 51 375 340 680 320 360 105 103 217 314 78 286 281 141 331 57 114 56 49
is_linear=0
shrinkage=0.04


Tree=96
num_leaves=31
num_cat=0
split_feature=9 6 7 9 6 7 9 5 9 6 7 6 9 7 9 6 7 8 6 6 9 6 7 10 9 5 6 9 8 9
split_gain=1.22091 0.403327 0.40135 0.568791 0.618946 0.52075 0.489006 0.374675 0.36691 0.485919 0.384906 0.351853 0.329968 0.32589 0.31209 0.636399 0.31062 0.288836 0.276575 0.273252 0.375349 0.274865 0.264537 0.225659 0.213218 0.200085 0.194748 0.252045 0.140284 0.186269
threshold=3.0486778020858769 3.4446620941162114 3.2090928554534917 4.2630057334899911 4.510789394378663 4.2344374656677255 3.7223321199417119 31.90604400634766 2.0687307119369511 2.5918210744857793 2.7927445173263554 4.1237022876739511 2.7580081224441533 2.2196817398071294 1.321882486343384 1.4209519028663637 1.7131631374359133 1.1288694739341738 1.1938115358352663 3.490985751152039 3.6597926616668706 4.0941960811614999 3.7086355686187749 4.9460082054138192 4.6060028076171884 33.178829193115241 1.2870912551879885 1.5969115495681765 3.4981565475463872 3.258369088172913
decision_type=2 2 2 2 2 2 2 2 2 2 2 2 2 2 2 2 2 2 2 2 2 2 2 2 2 2 2 2 2 2
left_child=1 8 19 4 5 6 -4 22 13 16 12 -7 -11 14 18 -16 -10 -18 -1 28 21 25 -5 -6 -24 -21 27 -15 29 -2
right_child=2 -3 3 7 23 11 -8 -9 9 10 -12 -13 -14 26 15 -17 17 -19 -20 20 -22 -23 24 -25 -26 -27 -28 -29 -30 -31
leaf_value=-0.0011744256178397186 0.0033773694796344414 -0.0060763621945743975 0.00010329207820555516 0.0050336824282931052 -0.0018381988564506175 -0.00082437939218968359 0.0029337842123895569 0.0070368921652436255 0.0055504784863442186 -0.0014421821744181216 -0.0031790030595073675 -0.0058829640754713463 0.0026507667262250412 -0.0042149127387152664 0.0023426874303901246 -0.0013304551758833607 0.0054603661845903841 0.00043578897879342548 -0.0038702920274567101 0.0019466179947759136 0.0042780835350806059 -0.0042083286866545682 -0.0015944774443837437 -0.0078469812534749505 0.0019955764961258698 -0.0024419462443752726 -0.0049922565970983773 0.0011555595651130987 0.0023667925874201151 0.0079804799163883371
leaf_weight=291 39 23 308 32 20 143 143 25 25 80 94 26 52 29 116 216 20 216 77 68 44 21 37 20 93 22 54 27 65 22
leaf_count=291 39 23 308 32 20 143 143 25 25 80 94 26 52 29 116 216 20 216 77 68 44 21 37 20 93 22 54 27 65 22
internal_value=-5.79164e-12 -0.000825779 0.000966338 0.000531749 -2.00028e-05 0.000291132 0.00100077 0.00247911 -0.00073267 0.000134987 -0.00122284 -0.00160262 0.000170192 -0.00125433 -0.000936281 -4.7068e-05 0.00131073 0.000861601 -0.00173851 0.00227629 0.00115166 -8.76369e-05 0.00177575 -0.00484259 0.000973792 0.000873858 -0.00327831 -0.00162558 0.00365976 0.00503751
internal_weight=2448 1320 1128 847 660 620 451 187 1297 487 226 169 132 810 700 332 261 236 368 281 155 111 162 40 130 90 110 56 126 61
internal_count=2448 1320 1128 847 660 620 451 187 1297 487 226 169 132 810 700 332 261 236 368 281 155 111 162 40 130 90 110 56 126 61
is_linear=0
shrinkage=0.04


Tree=97
num_leaves=31
num_cat=0
split_feature=9 6 0 9 7 9 7 6 9 6 9 7 4 9 7 7 9 6 6 9 6 6 7 9 9 7 6 7 9 7
split_gain=1.13951 0.531977 0.418641 0.377831 0.390602 0.366013 0.769389 0.531019 0.647371 0.359399 0.494478 0.585932 0.691917 0.397896 0.37435 0.315848 0.422908 0.501594 0.256318 0.327392 0.253793 0.239935 0.282475 0.45806 0.209151 0.174247 0.194564 0.152445 0.151779 0.142008
threshold=3.2770556211471562 3.4446620941162114 15.500000000000002 4.0419676303863534 3.4924545288085942 4.4888713359832773 4.3640651702880868 4.9252789020538339 4.0513405799865732 3.4446620941162114 2.0687307119369511 3.1655212640762334 6.0000000000000009 2.8738032579422002 2.5605835914611821 1.4849550724029543 1.1684431433677676 1.1028512120246889 1.4567362666130068 1.7403523921966555 1.0634869337081911 4.9887053966522226 4.4799442291259775 4.9089767932891855 1.7809274196624758 4.0554144382476816 3.1491291522979741 4.1442308425903329 3.9619817733764653 4.8505730628967294
decision_type=2 2 2 2 2 2 2 2 2 2 2 2 2 2 2 2 2 2 2 2 2 2 2 2 2 2 2 2 2 2
left_child=9 2 3 4 -2 6 7 8 -3 10 15 12 -12 -14 -11 16 20 -18 19 -17 -1 -7 -23 -24 -20 26 -13 -4 -8 -30
right_child=1 5 27 -5 -6 21 28 -9 -10 14 11 25 13 -15 -16 18 17 -19 24 -21 -22 22 23 -25 -26 -27 -28 -29 29 -31
leaf_value=-0.0010203983626759997 0.0034001468529969679 0.00034171412692881128 0.0064869785476841177 0.0063916050990962458 -0.00091097379216878883 0.0049818636074196549 -0.0063066344311379866 -0.0049699673578143125 0.0044909377926443186 0.00069136066450959158 0.0066780532761053606 -0.00041068935384308656 -0.00018513963715831194 0.0025054543812166232 -0.0058760356226163673 -0.0022612974139349174 0.0041006388920747363 -0.00035939824675842975 -0.0063318071514368059 0.0021007194826379418 -0.0038293605121163033 0.0041892858064319525 -0.0026748000371248221 0.0042231254116632047 -0.0025799855382314754 -0.0048974278604700452 -0.0035113605875067596 0.0023665182963013647 5.6870100511745976e-05 -0.0040675171727643294
leaf_weight=164 57 366 51 23 82 40 23 25 72 21 33 154 281 128 41 129 48 253 36 35 75 36 43 24 70 21 41 20 22 34
leaf_count=164 57 366 51 23 82 40 23 25 72 21 33 154 281 128 41 129 48 253 36 35 75 36 43 24 70 21 41 20 22 34
internal_value=-2.99598e-14 0.00111414 0.00276516 0.00164269 0.000856896 0.000552549 7.76175e-05 0.000700142 0.00102378 -0.000668482 -0.000542492 0.000272024 0.00110645 0.000656904 -0.00365159 -0.00120416 -0.000645638 0.000351837 -0.00232121 -0.00133038 -0.00190187 0.00235264 0.00133158 -0.000203901 -0.00385419 -0.00143545 -0.00106263 0.00532629 -0.00357085 -0.00244722
internal_weight=2448 918 233 162 139 685 542 463 438 1530 1468 658 442 409 62 810 540 301 270 164 239 143 103 67 106 216 195 71 79 56
internal_count=2448 918 233 162 139 685 542 463 438 1530 1468 658 442 409 62 810 540 301 270 164 239 143 103 67 106 216 195 71 79 56
is_linear=0
shrinkage=0.04


Tree=98
num_leaves=31
num_cat=0
split_feature=9 6 9 9 6 7 9 6 5 7 9 6 9 7 9 7 0 7 9 6 6 9 10 5 5 6 7 8 10 0
split_gain=1.06117 0.402843 0.499305 0.372108 0.585316 0.618328 0.505677 0.620795 0.446519 0.339098 0.304376 0.432077 0.276475 0.269893 0.260455 0.509782 0.261951 0.259304 0.259277 0.239366 0.225311 0.223004 0.212052 0.208518 0.143796 0.143777 0.105223 0.0919207 0.0814261 0.0499003
threshold=2.4651880264282231 2.0635535717010502 1.9235156774520876 4.3477458953857431 4.733356475830079 4.2344374656677255 3.5268166065216069 3.4446620941162114 31.90604400634766 1.7344411015510561 3.535895943641663 3.36950695514679 1.8678140640258791 0.81783258914947521 1.4203924536705019 1.2870912551879885 5.5000000000000009 4.3820180892944345 0.96108898520469677 3.5637680292129521 1.5886499881744387 4.8127872943878183 3.2448806762695317 29.951039314270023 25.451615333557132 1.1028512120246889 4.9887053966522226 1.4281640052795412 5.2785594463348398 16.500000000000004
decision_type=2 2 2 2 2 2 2 2 2 2 2 2 2 2 2 2 2 2 2 2 2 2 2 2 2 2 2 2 2 2
left_child=1 2 13 4 5 6 7 -2 17 12 -7 -12 -3 18 16 -16 -15 28 -1 -8 -4 26 -22 -23 -11 -20 -19 -26 -5 -29
right_child=3 9 20 8 -6 10 19 -9 -10 24 11 -13 -14 14 15 -17 -18 21 25 -21 22 23 -24 -25 27 -27 -28 29 -30 -31
leaf_value=-0.0018966437105296385 0.00094340536940717816 -0.0035987767990893474 0.0058018802031874666 0.0052479598606968748 -0.0049072568304836753 -0.004896139974395434 0.0041121932454407217 -0.0018240661026176178 0.0078822544997646689 -0.0074910467043519027 0.0028111964538215829 -0.0021193479861886725 0.0019943955208685609 -0.0017392744144148098 0.0025300707892370478 -0.0014285730236114407 -0.0061480759894070418 0.00073997880487392355 0.005010081896415124 0.0016145913082392794 -0.0007616235019469803 -0.00025330611637660433 0.0035575891190749265 0.0054535775762051342 -0.0019217099621891976 0.00056010914700371881 -0.0029517539379497371 -0.0035024293640717151 0.0022504690295920291 -0.0062941941022872927
leaf_weight=27 606 26 20 29 32 36 80 165 21 20 39 105 31 345 71 195 23 21 26 264 44 21 31 20 29 21 30 21 29 20
leaf_count=27 606 26 20 29 32 36 80 165 21 20 39 105 31 345 71 195 23 21 26 264 44 21 31 20 29 21 30 21 29 20
internal_value=7.60706e-13 -0.00104578 -0.000693357 0.000663213 0.000436904 0.000568961 0.000920144 0.000351145 0.00241942 -0.00297093 -0.00160642 -0.000783992 -0.000556876 -0.00105872 -0.00132554 -0.000371943 -0.00201482 0.00165462 0.00122723 0.00219543 0.00202959 0.00033412 0.00102365 0.00253054 -0.00449984 0.0030218 -0.00143163 -0.00364521 0.00374921 -0.00486427
internal_weight=2448 950 803 1498 1327 1295 1115 771 171 147 180 144 57 708 634 266 368 150 74 344 95 92 75 41 90 47 51 70 58 41
internal_count=2448 950 803 1498 1327 1295 1115 771 171 147 180 144 57 708 634 266 368 150 74 344 95 92 75 41 90 47 51 70 58 41
is_linear=0
shrinkage=0.04


Tree=99
num_leaves=31
num_cat=0
split_feature=9 7 9 0 7 9 6 6 5 9 9 7 6 7 9 6 9 10 8 9 7 10 7 9 6 10 9 6 10 7
split_gain=0.994783 0.378763 0.369857 0.728322 0.574031 0.48439 0.438198 0.344749 0.331479 0.310188 0.293384 0.525852 0.327625 0.447757 0.317254 0.316322 0.390799 0.294177 0.28311 0.256567 0.27424 0.244019 0.222801 0.28306 0.163121 0.137926 0.11178 0.0707786 0.0628292 0.0566822
threshold=3.0486778020858769 2.7563744783401494 4.2630057334899911 12.500000000000002 4.4353468418121347 4.0747725963592538 4.3413412570953378 3.4446620941162114 31.90604400634766 3.6764580011367802 1.6219426989555361 2.7927445173263554 0.91902649402618419 1.913390636444092 1.0249598622322085 1.5705001354217532 2.703055858612061 4.4337503910064706 3.4981565475463872 0.94648861885070812 1.0220018625259402 2.9453141689300542 4.7900645732879648 4.9089767932891855 2.7302757501602177 5.2655670642852792 3.6334269046783452 1.1265900731086733 4.5320384502410898 0.86842894554138195
decision_type=2 2 2 2 2 2 2 2 2 2 2 2 2 2 2 2 2 2 2 2 2 2 2 2 2 2 2 2 2 2
left_child=7 18 3 6 5 -5 9 10 22 -3 12 15 19 14 -14 21 -17 24 -2 29 -21 -12 25 -24 -13 -4 28 -15 -20 -1
right_child=1 2 8 4 -6 -7 -8 -9 -10 -11 11 17 13 27 -16 16 -18 -19 26 20 -22 -23 23 -25 -26 -27 -28 -29 -30 -31
leaf_value=-0.00071144190756604081 0.0070423383622065837 -0.0029908324099544971 0.0045918745609621206 0.0010371549082612808 -0.0038440602393569174 0.0065266463491651747 -0.006372164462643143 -0.0055997420280523924 0.006517242041230201 0.00027831924028503592 0.0015567965034861118 -0.0015425446120846062 -0.0040616966580178156 -0.0036660348549485207 -0.00093505938648163513 -0.00039722430158334858 0.0025558161000852758 0.0015340206157919522 0.0023334760061250286 0.0049171672775237645 0.00019890186185502029 0.0069681034162640577 -0.0015657971741300705 0.003907173059525944 -0.0040865184900661308 0.0014375581576469097 0.0046868523787707093 -0.0067816053410725934 -0.00012498749560548058 -0.0036537068201736972
leaf_weight=20 23 77 42 542 37 27 28 23 25 117 40 123 61 20 349 325 92 37 39 27 73 20 54 21 60 47 20 28 29 22
leaf_count=20 23 77 42 542 37 27 28 23 25 117 40 123 61 20 349 325 92 37 39 27 73 20 54 21 60 47 20 28 29 22
internal_value=-1.17759e-13 0.00087227 0.000630116 0.000265671 0.000983708 0.00129764 -0.00169438 -0.000745394 0.00222673 -0.00101923 -0.000659311 -0.000101139 -0.00130772 -0.00182818 -0.00140024 0.000645013 0.000254286 -0.00171893 0.00309092 0.000370936 0.00147283 0.00336057 0.00157269 -3.33655e-05 -0.00237663 0.00292611 0.00205816 -0.00548345 0.00128501 -0.00225263
internal_weight=2448 1128 1017 828 606 569 222 1320 189 194 1297 697 600 458 410 477 417 220 111 142 100 60 164 75 183 89 88 48 68 42
internal_count=2448 1128 1017 828 606 569 222 1320 189 194 1297 697 600 458 410 477 417 220 111 142 100 60 164 75 183 89 88 48 68 42
is_linear=0
shrinkage=0.04


Tree=100
num_leaves=31
num_cat=0
split_feature=9 6 7 9 6 7 9 7 9 6 9 6 7 9 6 9 7 8 10 7 9 6 7 6 9 7 7 5 7 1
split_gain=0.929223 0.50182 0.353405 0.700767 0.36461 0.459354 0.419809 0.334733 0.4641 0.435035 0.390198 0.465772 0.333277 0.372887 0.340288 0.361291 0.29019 0.276538 0.355092 0.259704 0.256075 0.640043 0.281343 0.229036 0.203975 0.265511 0.203069 0.190165 0.174159 0.254208
threshold=3.2770556211471562 3.165413618087769 3.6893774271011357 3.8257502317428593 4.1731791496276864 5.1504011154174814 4.8127872943878183 3.437649250030518 1.7809274196624758 1.8825560808181765 2.3720655441284184 3.12441098690033 0.87829768657684337 0.96108898520469677 1.6187973618507387 1.1771333217620852 1.4849550724029543 2.9661433696746831 2.9453141689300542 4.1058359146118173 4.0324604511260995 4.4799442291259775 2.7866140604019169 2.8813142776489262 2.4651880264282231 4.0554144382476816 1.5225923061370852 29.044242858886722 4.4353468418121347 4.5000000000000009
decision_type=2 2 2 2 2 2 2 2 2 2 2 2 2 2 2 2 2 2 2 2 2 2 2 2 2 2 2 2 2 2
left_child=7 19 20 28 5 -5 -6 8 12 17 16 -12 13 -1 15 -14 -11 18 -10 -2 21 22 -3 24 -9 27 -16 -26 29 -4
right_child=1 2 3 4 6 -7 -8 23 9 10 11 -13 14 -15 26 -17 -18 -19 -20 -21 -22 -23 -24 -25 25 -27 -28 -29 -30 -31
leaf_value=-0.0023653312250971796 0.0061673745790633196 0.0038576725757281695 -0.00089454151218734592 0.0041395041447357984 -0.0012606790236529561 -0.0010491224504911747 0.0029973788157105449 -0.0048366605589663702 0.0018426355926526917 0.0016760490261591399 0.0012039849701658697 -0.0014478267891038404 -0.0026131832002387716 0.0023953210332660706 -0.0028011695943264796 -0.00029355407270877126 -0.0030674636837793512 -0.0011056351373818789 0.0076450506411492826 0.0014498398278021453 0.0038947004939501101 -0.0052879722254431773 0.00096869169386658586 -0.0052152939593872504 0.0034210885040186069 -0.0042973245056346062 -0.0073250108994543555 -0.0015888229935345326 -0.0059952851571142673 -0.0056468511186540124
leaf_weight=40 43 70 83 91 143 39 50 22 45 26 350 152 168 77 77 298 100 22 27 33 65 23 235 37 27 20 20 22 20 23
leaf_count=40 43 70 83 91 143 39 50 22 45 26 350 152 168 77 77 298 100 22 27 33 65 23 235 37 27 20 20 22 20 23
internal_value=-1.90505e-12 0.00100609 0.000725122 -4.15574e-05 0.000945421 0.00258292 -0.000157555 -0.000603656 -0.000424886 0.000281395 -9.84777e-05 0.000401046 -0.00117479 0.000767748 -0.00157848 -0.00112982 -0.00208864 0.00281927 0.00401854 0.00411897 0.00160105 0.00114651 0.00163174 -0.00256175 -0.00148283 -0.000413496 -0.00373392 0.00117174 -0.00257167 -0.0019257
internal_weight=2448 918 842 449 323 130 193 1530 1402 722 628 502 680 117 563 466 126 94 72 76 393 328 305 128 91 69 97 49 126 106
internal_count=2448 918 842 449 323 130 193 1530 1402 722 628 502 680 117 563 466 126 94 72 76 393 328 305 128 91 69 97 49 126 106
is_linear=0
shrinkage=0.04


Tree=101
num_leaves=30
num_cat=0
split_feature=9 7 6 9 6 7 9 5 9 0 7 9 10 1 8 7 6 5 9 7 6 6 9 7 10 7 10 6 10
split_gain=0.865228 0.365748 0.364616 0.340175 0.601818 0.426926 0.527279 0.395308 0.264117 0.257543 0.346711 0.398396 0.287653 0.273551 0.242625 0.220848 0.218551 0.193958 0.179302 0.173612 0.141654 0.125466 0.0978039 0.0797434 0.0704211 0.0661923 0.061877 0.0551796 0.0491485
threshold=3.0054669380187993 2.7563744783401494 3.4446620941162114 4.3477458953857431 4.8505730628967294 4.4799442291259775 3.8864065408706669 31.90604400634766 4.0963866710662851 1.5000000000000002 2.7927445173263554 2.703055858612061 4.4514498710632333 4.5000000000000009 3.4981565475463872 4.3820180892944345 1.0795183777809145 29.951039314270023 1.0388755798339846 1.4567362666130068 3.2080794572830205 2.7062610387802128 3.6334269046783452 1.0391688942909243 5.2785594463348398 1.0137484669685366 4.5320384502410898 1.3432050943374636 4.0068614482879648
decision_type=2 2 2 2 2 2 2 2 2 2 2 2 2 2 2 2 2 2 2 2 2 2 2 2 2 2 2 2 2
left_child=2 14 9 4 5 6 -3 15 -7 16 11 13 21 -11 -2 24 18 -17 25 -20 -13 -12 26 -18 -5 -1 28 -25 -16
right_child=1 3 -4 7 -6 8 -8 -9 -10 10 12 20 -14 -15 22 17 23 -19 19 -21 -22 -23 -24 27 -26 -27 -28 -29 -30
leaf_value=-0.0014910542921617973 0.0061503321717360192 0.00023466688490172041 -0.0060713215535506604 0.0047910197130564989 -0.0066264104451984164 -0.0038137461675395224 0.00304508080987563 0.0073238228048597065 0.0004112600695807487 0.00032233206372336484 -0.0017093980902013598 0.0035073423530411676 0.0018279841850543843 -0.001199855037568206 0.0007873688852996566 -0.0019937047724788255 -0.0020134972780942919 0.0017519271251830188 0.0025688170462586537 -0.0017274668647183312 -0.00027868714715753281 -0.003975017564844782 0.0043631404135376214 -0.0031773888700611327 0.0020034396699790298 -0.004276435986161232 -0.00018408476250867051 -0.00589217813257128 0.0035580226566110339
leaf_weight=43 28 621 20 29 20 58 129 21 40 453 116 64 29 324 20 37 32 55 34 27 21 59 20 23 29 20 30 25 21
leaf_count=43 28 621 20 29 20 58 129 21 40 453 116 64 29 324 20 37 32 55 34 27 21 59 20 23 29 20 30 25 21
internal_value=-3.84312e-12 0.000793707 -0.00071249 0.000553125 0.000231876 0.000393628 0.000718058 0.00218379 -0.00208925 -0.000628099 -0.000378915 -2.79804e-05 -0.00186179 -0.000312402 0.00289425 0.00146419 -0.00193021 0.000245532 -0.000878596 0.000667183 0.00257197 -0.00247324 0.00189237 -0.0035602 0.00339723 -0.0023753 0.00119638 -0.00459134 0.00220648
internal_weight=2448 1158 1290 1039 868 848 750 171 98 1270 1066 862 204 777 119 150 204 92 124 61 85 175 91 80 58 63 71 48 41
internal_count=2448 1158 1290 1039 868 848 750 171 98 1270 1066 862 204 777 119 150 204 92 124 61 85 175 91 80 58 63 71 48 41
is_linear=0
shrinkage=0.04


Tree=102
num_leaves=31
num_cat=0
split_feature=9 6 0 9 7 9 4 6 9 6 7 6 9 7 9 7 7 8 9 7 6 9 7 0 9 9 7 7 7 9
split_gain=0.80486 0.48624 0.400027 0.36649 0.318958 0.387892 0.602516 0.412642 0.315895 0.419204 0.488646 0.315498 0.328958 0.309825 0.366268 0.300628 0.300595 0.3078 0.29627 0.289071 0.273642 0.253567 0.246435 0.239142 0.30272 0.267888 0.211365 0.197569 0.185494 0.171411
threshold=3.2157698869705205 3.4446620941162114 15.500000000000002 4.0419676303863534 3.437649250030518 2.0344814062118535 6.0000000000000009 2.6456651687622075 4.0005968809127816 4.510789394378663 3.7834835052490239 1.7344411015510561 1.7403523921966555 4.4353468418121347 4.9089767932891855 1.913390636444092 2.4073688983917241 2.7536443471908574 2.550594806671143 3.5133302211761479 2.9339209794998173 3.5100485086441044 2.2412654161453252 11.500000000000002 4.0963866710662851 4.3477458953857431 1.7344411015510561 4.3820180892944345 5.1990761756896982 1.6129649281501772
decision_type=2 2 2 2 2 2 2 2 2 2 2 2 2 2 2 2 2 2 2 2 2 2 2 2 2 2 2 2 2 2
left_child=4 2 3 19 5 11 7 -7 9 10 21 12 15 23 28 -1 17 -8 -18 -2 -6 -3 -14 25 -25 -10 29 -12 -15 -13
right_child=1 8 -4 -5 20 6 16 -9 13 -11 27 26 22 14 -16 -17 18 -19 -20 -21 -22 -23 -24 24 -26 -27 -28 -29 -30 -31
leaf_value=-0.00049846086957233335 0.0024266963855472286 -0.00074428986326644301 0.004554426349999233 0.0060132343044666491 -0.0016379096982365644 0.0082294281981885424 0.0053269301297572949 0.00071814201094887468 -0.00068140599436851011 -0.0059323273882979444 -0.0014400723331330462 -0.0035023417511992915 0.0047936752488215769 0.0001662943339837131 0.0037451031491641073 -0.0029991791813869725 -0.0035965425023105312 0.00062386407110569698 -0.00023285662615188369 -0.00091182399660141942 -0.0065380427225128473 0.001883460887036492 -0.00058359731168457077 0.0023925242613296251 0.0085005703680217266 0.0032020311653614044 -0.005136006639571861 -0.0055761076445164891 -0.0031541078709479836 -0.00032537309101736937
leaf_weight=497 77 95 87 23 88 25 26 22 54 21 94 49 30 67 31 91 49 155 289 90 23 154 25 37 20 60 40 23 45 61
leaf_count=497 77 95 87 23 88 25 26 22 54 21 94 49 30 67 31 91 49 155 289 90 23 154 25 37 20 60 40 23 45 61
internal_value=1.96577e-12 0.000889209 0.00230805 0.00127945 -0.000591596 -0.000423205 0.000376692 0.00471351 0.000328552 -0.000436307 -0.000120961 -0.000994127 -0.000608771 0.00127123 -0.000102762 -0.000885477 -1.60444e-05 0.00129944 -0.000720492 0.000627494 -0.00265325 0.000880905 0.00234946 0.00242024 0.0045357 0.00136251 -0.00264602 -0.00225314 -0.0011678 -0.00174057
internal_weight=2448 978 277 190 1470 1359 566 47 701 387 366 793 643 314 143 588 519 181 338 167 111 249 55 171 57 114 150 117 112 110
internal_count=2448 978 277 190 1470 1359 566 47 701 387 366 793 643 314 143 588 519 181 338 167 111 249 55 171 57 114 150 117 112 110
is_linear=0
shrinkage=0.04


Tree=103
num_leaves=31
num_cat=0
split_feature=9 6 7 1 9 6 9 6 7 7 6 7 9 8 9 7 7 10 8 10 9 9 8 9 6 6 9 6 0 5
split_gain=0.760197 0.38443 0.362568 0.468002 0.34301 0.311375 0.451855 0.395451 0.277425 0.266611 0.255331 0.34355 0.484091 0.254794 0.246465 0.249261 0.239806 0.233212 0.232368 0.248101 0.23051 0.195784 0.192803 0.188301 0.368979 0.311403 0.165183 0.111183 0.109153 0.0960239
threshold=2.3720655441284184 2.0635535717010502 2.4824078083038335 4.5000000000000009 1.9235156774520876 2.7924308776855473 3.308185458183289 3.4238215684890752 1.5225923061370852 3.5651607513427739 0.91902649402618419 1.8825560808181765 1.2934277057647707 2.7927445173263554 0.96108898520469677 1.0220018625259402 3.9420912265777592 2.9453141689300542 3.4419572353363042 3.7138936519622807 3.1938500404357915 1.7403523921966555 3.3837542533874516 2.8738032579422002 3.1409964561462407 2.3530001640319829 1.8678140640258791 2.481114506721497 21.500000000000004 26.789979934692386
decision_type=2 2 2 2 2 2 2 2 2 2 2 2 2 2 2 2 2 2 2 2 2 2 2 2 2 2 2 2 2 2
left_child=1 4 18 5 10 20 9 -8 26 -7 14 12 -12 17 -1 -16 23 -6 -2 -20 27 -13 -18 25 -25 -5 -3 -4 -10 -21
right_child=2 8 3 16 13 6 7 -9 28 -11 11 21 -14 -15 15 -17 22 -19 19 29 -22 -23 -24 24 -26 -27 -28 -29 -30 -31
leaf_value=-0.0017847414635755916 0.0041164083444821323 -0.002710505908168852 0.0034565124889054605 0.0026852385271784098 0.00081979709028294587 -0.00060508843628529288 0.0027438352166904842 0.00046276992624015285 -0.0062371286061225521 -0.0047335563004016878 -0.0020923881277402166 -0.0045531384008271353 0.00050571583918338696 -0.0020726360091939569 0.0053811993790061578 0.00063574833861951318 -0.00077699264073522682 0.0057365108941328426 -0.00080155088855341698 0.0017937200691197247 0.0064513576500441717 -0.00077633657696424057 -0.0058872884484352898 0.0030895772382455804 -0.0010940639189599703 -0.0026681745124722618 0.0021666253339499239 6.8750824599016108e-05 -0.0031629717939843731 0.004785922859710726
leaf_weight=47 62 25 31 21 33 151 154 578 33 30 231 70 228 20 23 77 21 29 60 78 23 32 27 52 96 101 20 31 42 22
leaf_count=47 62 25 31 21 33 151 154 578 33 30 231 70 228 20 23 77 21 29 60 78 23 32 27 52 96 101 20 31 42 22
internal_value=9.96878e-13 -0.000916378 0.0005422 0.000289954 -0.000595955 0.000715752 0.000500172 0.000942666 -0.00302584 -0.00128936 -0.00087961 -0.00126845 -0.000801827 0.00185316 0.000604336 0.0017272 -0.00104636 0.00311955 0.0020375 0.00123192 0.00303135 -0.00336826 -0.00365153 -0.000583214 0.000375864 -0.00174669 -0.000542892 0.00176263 -0.0045156 0.002452
internal_weight=2448 910 1538 1316 790 998 913 732 120 181 708 561 459 82 147 100 318 62 222 160 85 102 48 270 148 122 45 62 75 100
internal_count=2448 910 1538 1316 790 998 913 732 120 181 708 561 459 82 147 100 318 62 222 160 85 102 48 270 148 122 45 62 75 100
is_linear=0
shrinkage=0.04


Tree=104
num_leaves=31
num_cat=0
split_feature=9 6 6 9 6 7 0 8 9 7 9 7 6 1 7 9 7 9 7 0 6 9 8 9 9 7 6 9 7 10
split_gain=0.701019 0.35819 0.34327 0.400002 0.390524 0.389379 0.346261 0.336132 0.311839 0.282426 0.408972 0.2791 0.433467 0.269256 0.26314 0.28717 0.39206 0.228155 0.183087 0.156071 0.179261 0.158391 0.142341 0.134954 0.0982333 0.0948674 0.0935794 0.138145 0.068142 0.0663419
threshold=2.4651880264282231 2.4692188501358037 2.4692188501358037 3.3967702388763432 3.4446620941162114 4.0051825046539316 15.500000000000002 2.7927445173263554 4.0419676303863534 3.6893774271011357 4.7583940029144296 2.4073688983917241 3.4446620941162114 4.5000000000000009 0.81783258914947521 1.6423485279083254 2.4639921188354497 4.0324604511260995 2.0486441850662236 2.5000000000000004 1.2811771631240847 2.2904210090637211 3.4757305383682255 1.2934277057647707 2.6853549480438237 2.8572005033493046 0.97470009326934826 1.0645889639854433 1.7644241452217104 4.2943160533905038
decision_type=2 2 2 2 2 2 2 2 2 2 2 2 2 2 2 2 2 2 2 2 2 2 2 2 2 2 2 2 2 2
left_child=1 13 7 5 6 11 8 -2 -5 17 -11 22 -13 14 -1 18 -17 -6 -16 26 23 -22 -4 -21 -9 -26 27 -15 -3 -8
right_child=2 28 3 4 9 -7 29 24 -10 10 -12 12 -14 19 15 16 -18 -19 -20 20 21 -23 -24 -25 25 -27 -28 -29 -30 -31
leaf_value=0.0030699212670228198 0.0066643473072550618 -0.0022029539188370109 0.0045252044266089796 0.00052123314896598458 0.00081061480491498598 -0.004871516680189719 0.0039183429597566526 -9.5711687269310156e-06 0.005686753972145 -0.00084554597151407314 0.0027442600590283756 -2.8024321172260944e-05 -0.0032973342290960063 -0.0035510015938310852 -0.00073218451280357129 0.0020875314772340722 -0.0018121061127943298 0.0035271664729449328 -0.0036401401288234272 -0.00073670843411953403 -0.0027804599310737106 0.00041544841600680784 0.00088886379352083708 0.0025066671644647914 0.0043759014897048476 0.00067983450740575796 -0.0044817232999365591 0.00071299968170933424 -0.0051618743191162745 0.0068347409310249184
leaf_weight=38 26 20 24 100 207 30 24 39 23 303 61 386 78 31 310 132 60 65 39 65 100 33 61 30 25 20 39 20 33 26
leaf_count=38 26 20 24 100 207 30 24 39 23 303 61 386 78 31 310 132 60 65 39 65 100 33 61 30 25 20 39 20 33 26
internal_value=2.5347e-13 -0.000849989 0.000539045 0.000368585 0.000943047 -0.000434075 0.0026281 0.00268995 0.00148714 0.000484689 -0.000243958 -0.000191592 -0.000577607 -0.000661191 -0.000147596 -0.000373595 0.000868895 0.00145979 -0.00105714 -0.00159632 -0.00103957 -0.00198749 0.0019156 0.000287515 0.00145977 0.00273321 -0.00300676 -0.00187884 -0.0040453 0.00543487
internal_weight=2448 950 1498 1388 809 579 173 110 123 636 364 549 464 897 579 541 192 272 349 318 228 133 85 95 84 45 90 51 53 50
internal_count=2448 950 1498 1388 809 579 173 110 123 636 364 549 464 897 579 541 192 272 349 318 228 133 85 95 84 45 90 51 53 50
is_linear=0
shrinkage=0.04


Tree=105
num_leaves=31
num_cat=0
split_feature=9 6 9 7 9 7 9 7 7 6 9 8 7 6 7 9 8 7 9 7 9 7 9 8 7 10 6 1 6 5
split_gain=0.663507 0.314527 0.430562 0.335402 0.324911 0.499305 0.602443 0.379638 0.298318 0.27088 0.388143 0.292198 0.396838 0.274371 0.282727 0.272886 0.272212 0.246152 0.209964 0.490606 0.170036 0.248209 0.13757 0.172648 0.129214 0.0988877 0.0473683 0.0469777 0.0398716 0.0357098
threshold=3.0486778020858769 3.6356586217880253 3.8864065408706669 2.8257007598876958 4.1175255775451669 4.510789394378663 3.7223321199417119 3.2177983522415166 3.3618478775024419 2.8903758525848393 2.0687307119369511 1.0030320286750796 3.3618478775024419 2.4281167984008794 2.7194209098815922 1.4444525241851809 2.0305708646774296 3.1881361007690434 4.9089767932891855 5.1990761756896982 3.41390073299408 3.5502041578292851 2.8556475639343266 2.7721843719482426 2.6857511997222905 4.5320384502410898 3.4446620941162114 3.5000000000000004 3.36950695514679 28.957678794860843
decision_type=2 2 2 2 2 2 2 2 2 2 2 2 2 2 2 2 2 2 2 2 2 2 2 2 2 2 2 2 2 2
left_child=9 4 3 25 5 6 7 -2 -4 10 13 -12 16 14 15 -1 -13 22 19 -10 -5 -22 23 -11 -24 -3 -8 -16 -7 -14
right_child=1 2 8 20 -6 28 26 -9 18 17 11 12 29 -15 27 -17 -18 -19 -20 -21 21 -23 24 -25 -26 -27 -28 -29 -30 -31
leaf_value=-0.0012344074605343243 0.002611699338705789 0.0031445667923738559 0.0057522808397188789 -0.0044637436242774128 0.0057729462605829417 -0.0018143787776881998 0.0076345231831073754 0.00017753061511776916 0.00095774020131760679 -0.00079786821296720797 0.0051172050495039336 0.004700205576206957 -0.0018803262281598468 -0.0055369089012965557 -0.0026483904844194295 0.00032775660322960273 0.00055748476498421781 -0.0056491422473586026 0.0035892885271459818 -0.0042362817642181954 0.00014467750934053618 -0.0029678229957727006 0.0019872697455974521 -0.005156234121666505 -0.002254688491113484 -0.0002617244331166148 0.0048815383322653363 -0.0053239297272548794 -0.0042820650273934007 -0.0039335040796710094
leaf_weight=450 168 30 20 35 26 22 20 263 246 33 22 28 33 20 21 297 271 28 36 33 83 81 27 26 20 25 20 21 20 23
leaf_count=450 168 30 20 35 26 22 20 263 246 33 22 28 33 20 21 297 271 28 36 33 83 81 27 26 20 25 20 21 20 23
internal_value=-2.16377e-12 0.000712376 7.34197e-05 -0.00116859 0.00141061 0.00118951 0.00156216 0.00112635 0.00101512 -0.000608758 -0.000416151 0.000643876 0.000366656 -0.000910132 -0.00079285 -0.000613306 0.000945432 -0.00231347 0.000714353 0.000343394 -0.00193275 -0.00139259 -0.00143235 -0.0027185 0.000182181 0.00159625 0.00625803 -0.00398616 -0.00298947 -0.0027236
internal_weight=2448 1128 589 254 539 513 471 431 335 1320 1186 377 355 809 789 747 299 134 315 279 199 164 106 59 47 55 40 42 42 56
internal_count=2448 1128 589 254 539 513 471 431 335 1320 1186 377 355 809 789 747 299 134 315 279 199 164 106 59 47 55 40 42 42 56
is_linear=0
shrinkage=0.04


Tree=106
num_leaves=31
num_cat=0
split_feature=9 6 9 7 6 9 7 9 7 7 6 9 7 9 6 9 6 6 0 9 7 5 0 7 6 9 7 9 7 8
split_gain=0.618252 0.376766 0.338963 0.534329 0.358511 0.341687 0.682092 0.324678 0.372553 0.281226 0.268581 0.39006 0.276754 0.393001 0.255529 0.332404 0.238554 0.234822 0.216714 0.206505 0.384713 0.260015 0.183461 0.198199 0.164214 0.326651 0.175403 0.147533 0.224707 0.141879
threshold=2.7901194095611577 2.7924308776855473 3.6764580011367802 3.6356586217880253 4.256803274154664 4.2166042327880868 4.6529037952423105 4.2630057334899911 3.4709169864654545 4.3820180892944345 2.4692188501358037 1.9235156774520876 1.1131681799888613 1.2934277057647707 4.1237022876739511 3.2770556211471562 1.373118579387665 1.5886499881744387 12.500000000000002 2.4075814485549931 1.8043903112411501 26.160643577575687 16.500000000000004 4.1731791496276864 0.91902649402618419 1.3656010031700136 2.4073688983917241 2.4651880264282231 2.1028213500976567 4.4209682941436776
decision_type=2 2 2 2 2 2 2 2 2 2 2 2 2 2 2 2 2 2 2 2 2 2 2 2 2 2 2 2 2 2
left_child=10 18 3 14 5 6 -4 8 -6 -9 11 12 13 16 15 -3 -1 -13 -2 20 -19 -21 -5 -24 25 -14 -26 -12 -29 -7
right_child=1 2 4 22 7 29 -8 9 -10 -11 27 17 24 -15 -16 -17 -18 19 -20 21 -22 -23 23 -25 26 -27 -28 28 -30 -31
leaf_value=-0.00029607956642052022 0.00027605436684098096 -0.00044218920490464138 0.002606639088632969 -0.004149056498990244 0.0023989641596563159 0.0078660230748355386 -0.0025107946942718525 0.0031785369467061874 -0.0031480702718621805 -0.00025851987035307306 -0.0038446830898382755 0.005168328401981853 -0.001615668421983719 0.0025908952134006936 -0.0033148258054179363 0.0017068220461762054 -0.004281977346097982 0.0025539083907469397 0.0038532632579916116 7.0622673061174844e-05 -0.0022391932839024311 0.0042233827329085519 0.00066489231223479297 -0.0040168767568209895 -0.001541502485128593 0.0041442258271348212 -0.0042178391858728398 0.0023442347512834453 -0.0020775746475919731 0.003158574460429095
leaf_weight=218 40 248 195 62 26 20 53 65 76 92 53 20 50 74 29 215 27 42 84 52 74 45 39 23 303 23 45 22 112 21
leaf_count=218 40 248 195 62 26 20 53 65 76 92 53 20 50 74 29 215 27 42 84 52 74 45 39 23 303 23 45 22 112 21
internal_value=2.74948e-12 0.000603265 0.000379973 -0.000263839 0.00110367 0.00207223 0.00151299 2.29375e-05 -0.00173412 0.00116447 -0.000669832 -0.000403003 -0.000852401 3.62618e-05 0.000327589 0.000555732 -0.000735342 0.00102427 0.00269932 0.000635157 -0.00050376 0.00199716 -0.00261047 -0.00107189 -0.00152576 0.000199093 -0.00188758 -0.0020582 -0.00135161 0.00545489
internal_weight=2448 1288 1164 616 548 289 248 259 102 157 1160 973 740 319 492 463 245 233 124 213 116 97 124 62 421 73 348 187 134 41
internal_count=2448 1288 1164 616 548 289 248 259 102 157 1160 973 740 319 492 463 245 233 124 213 116 97 124 62 421 73 348 187 134 41
is_linear=0
shrinkage=0.04


Tree=107
num_leaves=31
num_cat=0
split_feature=9 6 9 7 6 5 7 7 9 4 6 9 7 7 6 8 6 9 6 9 9 9 0 7 9 6 6 9 10 7
split_gain=0.576017 0.380426 0.310527 0.517762 0.368745 0.362765 0.342709 0.278863 0.323618 0.633575 0.279067 0.320414 0.346066 0.258855 0.324299 0.243987 0.237099 0.22864 0.224184 0.250083 0.240342 0.211012 0.197879 0.165352 0.175736 0.164744 0.157101 0.165167 0.133016 0.12865
threshold=3.123183131217957 3.165413618087769 3.8257502317428593 3.6037999391555791 4.3413412570953378 32.970497131347663 4.4163341522216806 3.1763111352920537 2.0687307119369511 6.0000000000000009 1.6187973618507387 1.1111089587211611 0.91902649402618419 5.3116164207458505 3.6893774271011357 1.7234689593315127 3.0507018566131596 3.3967702388763432 2.7453947067260747 2.5857759714126591 2.5667730569839482 2.7195074558258061 16.500000000000004 4.1731791496276864 3.2935912609100346 1.0634869337081911 4.1058359146118173 3.6334269046783452 4.2603685855865487 1.0391688942909243
decision_type=2 2 2 2 2 2 2 2 2 2 2 2 2 2 2 2 2 2 2 2 2 2 2 2 2 2 2 2 2 2
left_child=7 23 3 4 17 13 -7 8 10 -10 11 25 -13 14 -4 29 21 -3 20 -20 -11 28 -23 24 -2 -1 27 -5 -9 -12
right_child=1 2 5 26 -6 6 -8 16 9 18 15 12 -14 -15 -16 -17 -18 -19 19 -21 -22 22 -24 -25 -26 -27 -28 -29 -30 -31
leaf_value=-0.001039123490581436 0.0020305372490170034 -0.00034161552793829516 0.0060186630664393302 -0.0028985085916823482 -0.0041300801712786783 0.0082548040258032945 0.0015922972997650504 -0.0052831906087409996 0.0056355138164427545 -0.00040581234522035412 -0.00085715496750629464 0.003908324408295907 -0.00010477831824218283 -0.0025354668202676946 0.00076838220590434508 -0.00068460072223239634 -0.0055308078367401047 0.0018428025660439504 -0.0052601600587368017 -0.00046966623292331972 0.0021746816342271377 -0.0021260545337854916 0.0021621546920181979 0.00020972767305609428 0.0051789063917796899 -0.0037271754346632708 -0.0050632105678043984 0.000158414636401737 -0.0015498772525304072 -0.0042613504629862757
leaf_weight=152 74 133 20 71 25 21 30 26 36 116 23 38 361 35 320 98 27 181 20 136 115 33 36 38 46 48 27 47 37 78
leaf_count=152 74 133 20 71 25 21 30 26 36 116 23 38 361 35 320 98 27 181 20 136 115 33 36 38 46 48 27 47 37 78
internal_value=6.59354e-13 0.00069747 0.0003829 -0.00031032 0.000545311 0.0011705 0.00433568 -0.000539781 -0.000334591 0.000559846 -0.00080871 -0.000377562 0.000277422 0.000740038 0.00107722 -0.00210649 -0.00211549 0.000917555 8.76908e-05 -0.00108383 0.000878849 -0.0014169 0.000111272 0.00250923 0.00323741 -0.00168426 -0.00231073 -0.00168092 -0.00309061 -0.00348614
internal_weight=2448 1068 910 484 339 426 51 1380 1221 423 798 599 399 375 340 199 159 314 387 156 231 132 69 158 120 200 145 118 63 101
internal_count=2448 1068 910 484 339 426 51 1380 1221 423 798 599 399 375 340 199 159 314 387 156 231 132 69 158 120 200 145 118 63 101
is_linear=0
shrinkage=0.04


Tree=108
num_leaves=31
num_cat=0
split_feature=1 9 6 6 9 7 6 9 6 7 7 9 8 6 9 7 7 9 6 9 0 7 7 9 9 6 9 6 7 7
split_gain=0.540687 0.344352 0.426138 0.315858 0.269232 0.520994 0.345113 0.305133 0.257082 0.250057 0.244234 0.46043 0.351346 0.22056 0.219534 0.343947 0.303659 0.21778 0.217827 0.214137 0.202605 0.20184 0.196224 0.187918 0.170217 0.630971 0.167725 0.160261 0.152026 0.14366
threshold=4.5000000000000009 3.2770556211471562 3.1750702857971196 3.2441614866256718 2.3720655441284184 2.9778354167938237 2.4692188501358037 2.8738032579422002 1.2811771631240847 4.1442308425903329 4.3413412570953378 4.0210602283477792 3.4662580490112309 3.0331143140792851 1.6423485279083254 1.3432050943374636 0.87829768657684337 3.6764580011367802 3.5329617261886601 0.93502363562583934 12.500000000000002 1.0634869337081911 3.5502041578292851 2.9516854286193852 4.3477458953857431 4.733356475830079 1.3005917072296145 0.97470009326934826 3.1655212640762334 4.5444800853729257
decision_type=2 2 2 2 2 2 2 2 2 2 2 2 2 2 2 2 2 2 2 2 2 2 2 2 2 2 2 2 2 2
left_child=1 3 9 14 8 6 -6 13 19 -3 24 29 -13 -8 16 -16 -1 18 23 -2 -9 -21 -17 -7 25 -4 -23 -18 -5 -12
right_child=4 2 10 28 5 17 7 20 -10 -11 11 12 -14 -15 15 22 27 -19 -20 21 -22 26 -24 -25 -26 -27 -28 -29 -30 -31
leaf_value=0.0019348758691170764 -0.0037650388491650422 0.0059712621038098155 0.0013075841208295377 -0.0010328819542532652 0.0045100617901373072 -0.0038816887605049566 -7.5169640758465382e-05 3.8382117495392308e-05 -0.0030056576333680634 0.0011179545059286315 -0.0019608745404652186 0.0026939360338534852 -0.00094824846716398757 -0.0044498604657533377 0.0046034084960366742 0.00070251106204768498 0.00048642296237678815 0.0008854935551062226 -0.0061234407653303251 0.0017506808681606219 0.004272470875293948 -0.0028586222652464788 -0.0018646342273462902 -0.00062602350198839971 0.0031914074016119337 -0.0045103357733751182 0.0010096537206193497 -0.0016130697727813612 -0.0046803048061150494 -0.0063374713684121765
leaf_weight=62 30 41 439 41 38 46 93 33 149 29 28 72 103 23 33 356 76 37 23 58 40 47 55 74 59 32 29 248 33 21
leaf_count=62 30 41 439 41 38 46 93 33 149 29 28 72 103 23 33 356 76 37 23 58 40 47 55 74 59 32 29 248 33 21
internal_value=1.35975e-12 0.000383726 0.000975166 -0.000155373 -0.000920943 -0.000242627 0.00103176 0.000332423 -0.00180297 0.00396061 0.000698003 -0.000409364 0.00055025 -0.000942565 6.78803e-05 0.00067444 -0.000629821 -0.00184977 -0.0025575 -0.000710286 0.00235843 -2.63866e-05 0.000358976 -0.00187403 0.00116602 0.000912311 -0.00138257 -0.0011206 -0.00265944 -0.00383656
internal_weight=2448 1728 824 904 720 407 227 189 313 70 754 224 175 116 830 444 386 180 143 164 73 134 411 120 530 471 76 324 74 49
internal_count=2448 1728 824 904 720 407 227 189 313 70 754 224 175 116 830 444 386 180 143 164 73 134 411 120 530 471 76 324 74 49
is_linear=0
shrinkage=0.04


Tree=109
num_leaves=31
num_cat=0
split_feature=1 9 6 6 7 9 6 9 7 6 9 6 6 7 9 7 9 6 9 7 6 6 9 9 9 7 9 10 6 9
split_gain=0.498297 0.317355 0.396401 0.291095 0.264317 0.447217 0.355554 0.248125 0.480148 0.318056 0.28121 0.237057 0.203268 0.202547 0.289909 0.256588 0.200706 0.200749 0.193927 0.191285 0.189256 0.185397 0.288107 0.2788 0.173185 0.163984 0.142113 0.140674 0.129137 0.121611
threshold=4.5000000000000009 3.2770556211471562 2.9339209794998173 3.2441614866256718 4.3413412570953378 4.0005968809127816 3.4702945947647099 2.3720655441284184 2.9778354167938237 2.4692188501358037 2.8738032579422002 1.2870912551879885 3.0331143140792851 0.81783258914947521 1.6423485279083254 1.3432050943374636 3.6764580011367802 3.5329617261886601 0.93502363562583934 1.0634869337081911 3.3086091279983525 3.5487585067749028 3.7223321199417119 4.0513405799865732 2.9516854286193852 2.0486441850662236 1.3005917072296145 4.2588822841644296 0.96591278910636913 1.4046354889869692
decision_type=2 2 2 2 2 2 2 2 2 2 2 2 2 2 2 2 2 2 2 2 2 2 2 2 2 2 2 2 2 2
left_child=1 3 -3 13 21 -6 -7 11 9 -9 12 18 -11 -1 25 -16 17 24 -2 28 -12 22 -4 -23 -10 -15 -21 -5 -20 -13
right_child=7 2 4 27 5 6 -8 8 16 10 20 29 -14 14 15 -17 -18 -19 19 26 -22 23 -24 -25 -26 -27 -28 -29 -30 -31
leaf_value=0.0029178569740370701 -0.003614437264079849 0.0055297049250582165 0.0016715296040923683 -0.00071207439580133977 -0.0035154017768800261 0.0044295427613542417 -0.00022316354292058419 0.0043296592881118777 -0.0037264211933411982 -7.216283292960256e-05 0.004634741663692459 -0.0051782388907546792 -0.0042718659847488872 -0.00062511535685575326 0.0041184895161178806 0.00034461679779459922 0.00085007381109470455 -0.0058785031371466493 0.0038491514205932619 -0.0027442773969526941 0.00051432942217659382 -2.9602701768367425e-05 0.0063853426075850929 0.0022437988465850932 -0.00060098258432353272 -0.0033767000139237214 0.00071166621870361274 -0.0042052228089708554 3.785224292765964e-05 -0.0023210919043049217
leaf_weight=38 30 29 153 35 55 32 147 38 46 93 31 30 23 311 31 411 37 23 25 47 42 253 24 131 74 39 32 39 33 116
leaf_count=38 30 29 153 35 55 32 147 38 46 93 31 30 23 311 31 411 37 23 25 47 42 253 24 131 74 39 32 39 33 116
internal_value=4.85302e-13 0.000368377 0.000936159 -0.000149158 0.000768596 -0.000360713 0.000608605 -0.000884105 -0.000232922 0.000990493 0.000319126 -0.00173085 -0.000904863 6.51651e-05 -7.17064e-05 0.0006093 -0.00177578 -0.0024552 -0.000701574 -6.37212e-05 0.00226409 0.00123964 0.00231069 0.000745959 -0.00179907 -0.000931721 -0.0013444 -0.00255306 0.00168065 -0.00290818
internal_weight=2448 1728 824 904 795 234 179 720 407 227 189 313 116 830 792 442 180 143 167 137 73 561 177 384 120 350 79 74 58 146
internal_count=2448 1728 824 904 795 234 179 720 407 227 189 313 116 830 792 442 180 143 167 137 73 561 177 384 120 350 79 74 58 146
is_linear=0
shrinkage=0.04


Tree=110
num_leaves=28
num_cat=0
split_feature=9 7 0 9 6 7 9 5 6 7 1 9 6 7 6 7 0 6 9 7 6 7 10 7 10 9 7
split_gain=0.465566 0.373436 0.297925 0.274556 0.545162 0.369082 0.44748 0.302563 0.26972 0.244186 0.300394 0.235676 0.257896 0.250316 0.260439 0.139014 0.249229 0.129265 0.199507 0.147188 0.135784 0.127353 0.101746 0.101339 0.0997491 0.0794958 0.0612065
threshold=2.6853549480438237 2.5328249931335454 12.500000000000002 4.2630057334899911 4.733356475830079 4.4799442291259775 3.8864065408706669 31.90604400634766 3.8453373908996586 3.5651607513427739 4.5000000000000009 2.0344814062118535 1.8825560808181765 0.87829768657684337 1.9433000683784487 4.9252789020538339 10.500000000000002 2.8723449707031254 2.5667730569839482 2.6081999540328984 2.291662454605103 1.7344411015510561 3.9534420967102055 1.9645610451698305 5.2503056526184091 1.1546829938888552 2.1510602235794072
decision_type=2 2 2 2 2 2 2 2 2 2 2 2 2 2 2 2 2 2 2 2 2 2 2 2 2 2 2
left_child=9 2 22 4 5 6 -3 15 -7 10 11 13 -13 25 -15 24 -17 18 20 -20 -12 -14 -2 -24 -5 -1 -25
right_child=1 3 -4 7 -6 8 -8 -9 -10 -11 17 12 21 14 -16 16 -18 -19 19 -21 -22 -23 23 26 -26 -27 -28
leaf_value=0.0010037851969606154 -0.00054060641632531776 4.2085248556998186e-05 0.0055104252957814447 0.0034812143188333367 -0.0062223403900861741 -0.0011301041319048111 0.002672777268879053 0.0057647374123334883 -0.0063889828207902609 -0.0043028607232762231 -0.0011988451167330005 0.0055878624205731534 0.0035516860233619808 -0.00025853368188675737 -0.002971589340000223 -0.0031579182011171663 0.0018897579341907711 -0.004403295673075177 0.003682697280627591 -0.0010585658289492131 -0.0035701176532628859 -7.9396857767385559e-05 0.0044365094635974277 -0.00023458294309675694 0.00092140484678869441 0.0039719372395087375 0.0024661813622565364
leaf_weight=42 32 792 37 41 22 71 119 25 20 28 317 22 20 398 66 29 34 21 22 20 44 68 22 25 60 22 29
leaf_count=42 32 792 37 41 22 71 119 25 20 28 317 22 20 398 66 29 34 21 22 20 44 68 22 25 60 22 29
internal_value=-3.30056e-12 0.000494206 0.00241272 0.000264871 6.33152e-06 0.000143089 0.000385721 0.00166563 -0.0022859 -0.000615718 -0.000518505 2.99185e-05 0.00171425 -0.000320984 -0.000644442 0.00104077 -0.000433776 -0.00134373 -0.0011843 0.00142495 -0.00148786 0.000745849 0.00135147 0.00214813 0.00196054 0.00202409 0.00121583
internal_weight=2448 1358 145 1213 1024 1002 911 189 91 1090 1062 638 110 528 464 164 63 424 403 42 361 88 108 76 101 64 54
internal_count=2448 1358 145 1213 1024 1002 911 189 91 1090 1062 638 110 528 464 164 63 424 403 42 361 88 108 76 101 64 54
is_linear=0
shrinkage=0.04


Tree=111
num_leaves=31
num_cat=0
split_feature=1 9 6 6 7 6 9 7 9 7 7 9 7 6 9 6 0 9 9 7 9 7 7 6 6 10 7 9 7 7
split_gain=0.439628 0.280833 0.373464 0.254457 0.232055 0.211167 0.372078 0.437215 0.34039 0.235748 0.224373 0.209396 0.462778 0.335693 0.251428 0.21014 0.189793 0.196091 0.184306 0.226641 0.179033 0.298427 0.244469 0.195903 0.147077 0.145034 0.140228 0.118845 0.187185 0.267255
threshold=4.5000000000000009 3.2870032787323002 3.1750702857971196 3.3086091279983525 4.1442308425903329 4.256803274154664 4.5154795646667489 5.3890075683593759 4.2630057334899911 3.3618478775024419 4.3820180892944345 2.4075814485549931 2.8129218816757207 2.4060671329498295 2.7580081224441533 1.2811771631240847 9.5000000000000018 2.9516854286193852 1.0645889639854433 1.1028512120246889 1.6423485279083254 1.3432050943374636 0.87829768657684337 1.5886499881744387 0.97470009326934826 4.2588822841644296 4.1058359146118173 1.4046354889869692 1.8573076128959658 2.5444325208663945
decision_type=2 2 2 2 2 2 2 2 2 2 2 2 2 2 2 2 2 2 2 2 2 2 2 2 2 2 2 2 2 2
left_child=1 3 4 20 -3 6 7 -4 9 -7 -10 15 13 -13 -15 18 -14 -18 -2 -20 22 -22 -1 -23 -24 -5 -19 -17 -29 -30
right_child=11 2 5 25 -6 8 -8 -9 10 -11 -12 12 16 14 -16 27 17 26 19 -21 21 23 24 -25 -26 -27 -28 28 29 -31
leaf_value=0.0017217469084331947 -0.0021782470023448486 0.0056758844680152836 0.0011649713855320461 -0.00061107308165553743 0.00097638847627516461 0.001046458885314003 0.0063380625506951694 -0.0047446371402059288 0.0027407169039719383 -0.0030415984202759811 -0.00032932479256566656 0.0052699636554877673 -0.0049213298288700372 -0.0010604817600251407 0.0021208326042264324 -0.0049231555707131827 -0.0028874755827018816 0.00053093556780368088 0.003485385419094357 -0.0007570951522299738 0.0042544790007399795 0.0024652388836417733 0.00051969042913314249 -3.688579943995475e-05 -0.0014915913416095258 -0.0042792107505457743 -0.0026282399578084203 -0.00038017768700691792 -0.0058828535748438708 -0.00085883249470498414
leaf_weight=62 69 40 434 34 29 31 21 21 65 83 92 28 23 80 79 30 64 100 29 66 33 58 76 366 248 35 29 55 36 32
leaf_count=62 69 40 434 34 29 31 21 21 65 83 92 28 23 80 79 30 64 100 29 66 33 58 76 366 248 35 29 55 36 32
internal_value=-7.44953e-13 0.000346012 0.000885106 -0.000136335 0.00370073 0.000625028 0.00113248 0.00089222 -0.000266287 -0.00192993 0.000941712 -0.000830429 -0.00022543 0.00123137 0.000520171 -0.00159956 -0.00148664 -0.00107733 -0.000604824 0.000537978 5.4818e-05 0.00059055 -0.000579456 0.000305386 -0.00101981 -0.00247172 -0.000179267 -0.00266582 -0.00211525 -0.00351861
internal_weight=2448 1728 816 912 69 747 476 455 271 114 157 720 403 187 159 317 216 193 164 95 843 457 386 424 324 69 129 153 123 68
internal_count=2448 1728 816 912 69 747 476 455 271 114 157 720 403 187 159 317 216 193 164 95 843 457 386 424 324 69 129 153 123 68
is_linear=0
shrinkage=0.04


Tree=112
num_leaves=25
num_cat=0
split_feature=9 7 6 9 6 6 10 7 9 9 7 9 0 6 9 10 9 7 9 7 6 9 5 9
split_gain=0.421869 0.410552 0.32539 0.350749 0.387836 0.311118 0.301629 0.30034 0.363712 0.261157 0.412294 0.269809 0.452249 0.378021 0.259811 0.259298 0.231801 0.350663 0.226719 0.258193 0.197144 0.155037 0.132585 0.074896
threshold=3.5268166065216069 4.0554144382476816 3.9420912265777592 2.5090514421463017 2.8564720153808598 3.8724123239517216 4.4514498710632333 1.8825560808181765 1.1771333217620852 4.9089767932891855 4.1929328441619882 4.0513405799865732 11.500000000000002 4.510789394378663 3.0987735986709599 5.5079417228698739 4.1948494911193857 5.1990761756896982 4.1175255775451669 4.6529037952423105 1.2811771631240847 3.7223321199417119 30.004818916320804 3.41390073299408
decision_type=2 2 2 2 2 2 2 2 2 2 2 2 2 2 2 2 2 2 2 2 2 2 2 2
left_child=1 2 3 7 6 15 -5 8 -1 10 11 13 -13 -7 -6 18 22 -18 19 21 -9 -2 -12 -3
right_child=5 23 -4 4 14 9 -8 20 -10 -11 16 12 -14 -15 -16 -17 17 -19 -20 -21 -22 -23 -24 -25
leaf_value=-0.001348354633216961 0.0014570935717091668 -0.0048468900159658757 -0.0046572715559831035 0.0013346505204703066 -0.001445084072955069 0.00045169952464499326 0.0058212432137655992 -0.00024605319843394683 0.00055354698071332416 0.0034363525723003678 -0.0021833776221388862 0.0007199571229217725 0.0063466020132745471 -0.0053353722109681081 0.00056278642352945414 -0.0020400391798466445 0.0010022214688197302 -0.0044641383497011182 0.0057032780756292468 -0.0018596988366558576 -0.0024249010811462253 0.0038304528011302531 -0.0066782065782518621 -0.0019284004888807736
leaf_weight=260 111 34 26 214 160 129 27 100 422 36 21 87 31 21 290 24 57 28 28 26 198 73 21 24
leaf_count=260 111 34 26 214 160 129 27 100 422 36 21 87 31 21 290 24 57 28 28 26 198 73 21 24
internal_value=-4.26612e-12 -0.000329967 -0.000216863 -0.000147772 0.000542378 0.000835632 0.0018373 -0.000634399 -0.000171518 0.000174834 -0.000122418 0.000767192 0.00219814 -0.000358491 -0.000151123 0.00192267 -0.0019997 -0.000798462 0.00232227 0.00187147 -0.00169374 0.0023987 -0.00443079 -0.00363924
internal_weight=2448 1755 1697 1671 691 693 241 980 682 431 395 268 118 150 450 262 127 85 238 210 298 184 42 58
internal_count=2448 1755 1697 1671 691 693 241 980 682 431 395 268 118 150 450 262 127 85 238 210 298 184 42 58
is_linear=0
shrinkage=0.04


Tree=113
num_leaves=28
num_cat=0
split_feature=9 7 6 9 6 6 9 7 9 7 8 6 9 7 10 7 8 5 9 6 9 9 8 8 5 6 9
split_gain=0.388794 0.378365 0.306029 0.365859 0.352431 0.289184 0.320514 0.478545 0.272755 0.322148 0.302063 0.277333 0.291648 0.273284 0.288217 0.265066 0.243882 0.234062 0.334916 0.213702 0.296957 0.145384 0.125775 0.0992833 0.084455 0.0838346 0.0690241
threshold=3.5268166065216069 4.0554144382476816 3.797432661056519 2.7580081224441533 2.8564720153808598 4.256803274154664 4.2166042327880868 4.6529037952423105 4.6588540077209482 3.3618478775024419 3.4757305383682255 5.0880343914031991 4.0747725963592538 4.4799442291259775 5.3988499641418466 2.5328249931335454 2.6781015396118169 30.483557701110843 3.8864065408706669 2.4692188501358037 1.9235156774520876 2.4651880264282231 4.4209682941436776 4.05916452407837 29.044242858886722 3.379044890403748 3.41390073299408
decision_type=2 2 2 2 2 2 2 2 2 2 2 2 2 2 2 2 2 2 2 2 2 2 2 2 2 2 2
left_child=1 2 3 19 16 6 7 17 9 -7 -10 12 -11 -12 -15 -6 -5 23 -19 20 -1 -21 -8 -2 -4 -9 -3
right_child=5 26 24 4 15 8 22 25 10 11 13 -13 -14 14 -16 -17 -18 18 -20 21 -22 -23 -24 -25 -26 -27 -28
leaf_value=-0.0006757326764860851 0.0013610997595089047 -0.0046530144351837567 -0.0014720714520663023 0.0064575019546530468 0.0024736172669747873 0.0024970067489673109 0.0071001203842461112 -0.00022840170282870532 0.0059787209355272354 -0.0031834907983853055 0.0034864833064515285 -0.0052566933383544293 0.00067352982903735024 -0.0051171713788062331 0.0016736093647778034 -0.0002895097540596348 0.0018057320874184371 0.0018167007380875989 0.0062109648919773889 -0.0035625717802992406 0.00098089641496328962 -0.0010406136019471086 0.0026678763973038821 -0.00085854852339252831 -0.00492947403054971 -0.003458379198952268 -0.0018512644323830805
leaf_weight=740 76 34 20 22 67 34 20 20 20 55 27 30 73 20 20 325 100 151 34 53 226 118 21 56 26 36 24
leaf_count=740 76 34 20 22 67 34 20 20 20 55 27 30 73 20 20 325 100 151 34 53 226 118 21 56 26 36 24
internal_value=-1.23488e-12 -0.000316769 -0.000208189 -0.000118527 0.000767082 0.000802206 0.00147299 0.00110399 -0.000193149 -0.00103504 0.00166481 -0.0017951 -0.000983784 0.000377072 -0.00172178 0.000182759 0.00264458 0.00170618 0.0026243 -0.000518882 -0.000288157 -0.00182227 0.00482995 0.000419431 -0.00342626 -0.00230482 -0.00349367
internal_weight=2448 1755 1697 1651 514 693 414 373 279 192 87 158 128 67 40 392 122 317 185 1137 966 171 41 132 46 56 58
internal_count=2448 1755 1697 1651 514 693 414 373 279 192 87 158 128 67 40 392 122 317 185 1137 966 171 41 132 46 56 58
is_linear=0
shrinkage=0.04


Tree=114
num_leaves=31
num_cat=0
split_feature=1 9 6 6 7 9 0 7 9 7 6 9 6 6 9 5 7 9 9 0 7 6 9 9 8 9 7 7 6 6
split_gain=0.372728 0.225763 0.349095 0.248006 0.237673 0.284275 0.454247 0.313341 0.182997 0.407624 0.268866 0.235627 0.201788 0.184115 0.171949 0.188716 0.17153 0.233017 0.171036 0.169549 0.166291 0.152278 0.161809 0.140078 0.139006 0.134128 0.130827 0.129075 0.120283 0.114226
threshold=4.5000000000000009 3.2770556211471562 2.9339209794998173 3.2441614866256718 3.4805793762207036 4.0963866710662851 11.500000000000002 4.510789394378663 2.3720655441284184 2.9778354167938237 2.4692188501358037 2.8738032579422002 1.2811771631240847 3.0331143140792851 3.6764580011367802 29.345311164855961 0.81783258914947521 1.0850184559822085 0.93502363562583934 12.500000000000002 1.0634869337081911 3.5006365776062016 3.6003262996673588 1.3005917072296145 3.3837542533874516 2.9516854286193852 3.5502041578292851 3.1655212640762334 0.96591278910636913 0.91902649402618419
decision_type=2 2 2 2 2 2 2 2 2 2 2 2 2 2 2 2 2 2 2 2 2 2 2 2 2 2 2 2 2 2
left_child=1 3 -3 16 21 7 -7 -6 12 10 -10 13 18 -12 15 -11 -1 29 -2 -13 28 24 -23 -22 -4 -17 -19 -5 -20 -18
right_child=8 2 4 27 5 6 -8 -9 9 14 11 19 -14 -15 -16 25 17 26 20 -21 23 22 -24 -25 -26 -27 -28 -29 -30 -31
leaf_value=0.0027051139937860793 -0.0032538126865401863 0.005108241301415295 0.004596314771144196 -0.00083802026355775394 -0.00013790244038531244 0.00015955914484613851 0.0041903372407275236 -0.0037530320795738825 0.0039919434902013131 -0.0049621871265844676 -2.3345508041881748e-05 -3.7433378341974637e-05 -0.002557341896119409 -0.0040202910934939336 0.00080348710051259475 -0.0037603978562692647 -0.00015470720554605641 0.00033530892991940633 0.0037932943284511569 0.0038358713034540417 -0.0024924381576637003 -0.00046842209161504321 0.0019228277162515691 0.0010426751858201521 0.0013800121742560591 -0.00062943107914179561 -0.0016952152980322188 -0.0041988573612814599 0.00011498313622944283 -0.00333427214815553
leaf_weight=38 30 29 43 41 231 185 59 46 38 32 93 33 149 23 37 30 29 660 25 40 47 76 112 29 43 81 55 33 33 48
leaf_count=38 30 29 43 41 231 185 59 46 38 32 93 33 149 23 37 30 29 660 25 40 47 76 112 29 43 81 55 33 33 48
internal_value=-3.02345e-12 0.000318599 0.000797489 -0.000117911 0.000640242 0.000138682 0.00113421 -0.000738249 -0.000764639 -0.000205408 0.000921831 0.000304559 -0.00149182 -0.000815843 -0.00162698 -0.00225585 7.99154e-05 -4.60411e-05 -0.000523748 0.00208493 8.74611e-05 0.00159394 0.000956152 -0.00114351 0.00298816 -0.00147564 0.000179115 -0.00233677 0.00170046 -0.00213677
internal_weight=2448 1728 824 904 795 521 244 277 720 407 227 189 313 116 180 143 830 792 164 73 134 274 188 76 86 111 715 74 58 77
internal_count=2448 1728 824 904 795 521 244 277 720 407 227 189 313 116 180 143 830 792 164 73 134 274 188 76 86 111 715 74 58 77
is_linear=0
shrinkage=0.04


Tree=115
num_leaves=31
num_cat=0
split_feature=1 9 7 7 9 7 9 6 9 7 0 6 6 9 6 9 10 9 7 6 9 9 9 6 9 7 7 7 9 6
split_gain=0.343507 0.211248 0.264895 0.220518 0.187176 0.264228 0.279271 0.277027 0.173501 0.3781 0.235934 0.2315 0.206637 0.160311 0.140457 0.15254 0.142644 0.133323 0.19954 0.131875 0.160459 0.139006 0.129978 0.161704 0.120663 0.138569 0.114414 0.0558868 0.0431321 0.0339339
threshold=4.5000000000000009 1.6423485279083254 1.3432050943374636 0.87829768657684337 4.9089767932891855 4.3640651702880868 3.2870032787323002 4.1731791496276864 2.5227831602096562 2.8257007598876958 9.5000000000000018 2.6062268018722539 2.4060671329498295 2.4075814485549931 0.97470009326934826 1.0159738659858706 3.5657362937927251 1.1006224751472475 1.2113734483718874 1.2811771631240847 1.0645889639854433 1.4046354889869692 2.8738032579422002 3.0331143140792851 2.9516854286193852 3.3488354682922368 4.1058359146118173 2.5328249931335454 1.1546829938888552 1.0137484669685366
decision_type=2 2 2 2 2 2 2 2 2 2 2 2 2 2 2 2 2 2 2 2 2 2 2 2 2 2 2 2 2 2
left_child=1 3 -3 28 5 6 -4 -7 12 11 -11 -10 13 19 15 -5 -17 -16 -19 20 -2 -21 23 -13 25 -12 -26 -24 29 -1
right_child=8 2 4 14 -6 7 -8 -9 9 10 24 22 -14 -15 17 16 -18 18 -20 21 -22 -23 27 -25 26 -27 -28 -29 -30 -31
leaf_value=0.0020757227509637321 -0.0019709026702828163 0.0040824760790124084 -7.5019933083979597e-05 -0.0019920948902145026 0.0032981341472077476 0.00027500888106147647 0.0012221343470781726 -0.0027255631264029856 0.0042878281861981928 -0.0052594057133509998 -0.00086626674677874591 0.0006888035920505621 -0.0042778168006667068 0.002426432002335787 -0.003807623746688478 0.0040658773746690717 -0.00017235365092616389 0.00010891062556765974 -0.0023263723709889888 -0.0045886177485808732 0.00056351033304082715 -0.001513865324027768 0.0034867372557831305 -0.0035064902103372981 0.00054352020943593802 -0.0049987844191491607 -0.0023133347793642817 0.00085627776703664244 0.0031956653969828041 -0.0001982333424634167
leaf_weight=21 69 33 492 25 36 121 577 83 34 21 37 49 35 20 32 24 27 114 102 30 95 109 24 21 99 20 29 28 20 21
leaf_count=21 69 33 492 25 36 121 577 83 34 21 37 49 35 20 32 24 27 114 102 30 95 109 24 21 99 20 29 28 20 21
internal_value=-8.78287e-14 0.000305855 0.000543048 -0.000518789 0.000453819 0.000373383 0.000625128 -0.000945812 -0.000734053 -0.00011656 -0.00124152 0.00136897 -0.00135845 -0.00104211 -0.000937015 0.000567436 0.00182211 -0.00139806 -0.00104108 -0.00127105 -0.000502798 -0.00217748 0.000555513 -0.000569785 -0.000785437 -0.00231627 -0.000103736 0.00207034 0.00166678 0.000938745
internal_weight=2448 1728 1342 386 1309 1273 1069 204 720 362 206 156 358 323 324 76 51 248 216 303 164 139 122 70 185 57 128 52 62 42
internal_count=2448 1728 1342 386 1309 1273 1069 204 720 362 206 156 358 323 324 76 51 248 216 303 164 139 122 70 185 57 128 52 62 42
is_linear=0
shrinkage=0.04


Tree=116
num_leaves=24
num_cat=0
split_feature=9 7 6 6 9 8 6 6 9 9 7 9 0 6 9 7 7 7 10 9 7 9 9
split_gain=0.320061 0.348015 0.283917 0.280928 0.278919 0.322033 0.364648 0.303401 0.295059 0.23357 0.359102 0.239589 0.396879 0.342825 0.226075 0.31193 0.213787 0.205765 0.205632 0.199963 0.24279 0.143361 0.0583923
threshold=3.5268166065216069 4.0554144382476816 3.9420912265777592 3.8950709104537968 2.4651880264282231 2.7291122674942021 2.4692188501358037 2.0635535717010502 1.8544327020645144 4.9089767932891855 4.1929328441619882 4.0513405799865732 11.500000000000002 4.510789394378663 4.1948494911193857 5.1990761756896982 2.5328249931335454 1.7344411015510561 5.5079417228698739 4.1175255775451669 4.6529037952423105 3.6888254880905156 3.41390073299408
decision_type=2 2 2 2 2 2 2 2 2 2 2 2 2 2 2 2 2 2 2 2 2 2 2
left_child=1 2 4 18 7 6 -6 8 -1 10 11 13 -13 -5 -12 -16 -7 -9 19 20 21 -2 -3
right_child=3 22 -4 9 5 16 -8 17 -10 -11 14 12 -14 -15 15 -17 -18 -19 -20 -21 -22 -23 -24
leaf_value=-0.00058763446063319529 0.0010836515575279727 -0.0044005574502379583 -0.004331057991545934 0.00034300265863301262 0.0068975754587778026 0.0012161599607497919 0.0012872898942036437 -0.0003591888249247221 0.0015484520042559407 0.0031662087256295814 -0.0045041153484430066 0.00058142030036325979 0.0058604263802689892 -0.0051772612759045187 0.00090472631821674962 -0.0042660468815094131 -0.00052548242823584356 -0.003430652619080825 -0.0017198114413768055 0.0052698019958500354 -0.0018712528396820376 0.0032811510041111003 -0.0018236034487684569
leaf_weight=681 95 34 26 126 21 160 158 57 122 36 39 86 31 21 56 28 382 90 25 28 27 95 24
leaf_count=681 95 34 26 126 21 160 158 57 122 36 39 86 31 21 56 28 382 90 25 28 27 95 24
internal_value=1.34885e-12 -0.000287408 -0.000183274 0.000727852 -0.000118736 0.000474469 0.00194548 -0.000568948 -0.000263098 8.44198e-05 -0.000202258 0.000629436 0.00198013 -0.000445606 -0.00198736 -0.000818865 -1.13445e-05 -0.00223968 0.00173589 0.00208852 0.00167803 0.0021824 -0.00333423
internal_weight=2448 1755 1697 693 1671 721 179 950 803 423 387 264 117 147 123 84 542 147 270 245 217 190 58
internal_count=2448 1755 1697 693 1671 721 179 950 803 423 387 264 117 147 123 84 542 147 270 245 217 190 58
is_linear=0
shrinkage=0.04


Tree=117
num_leaves=27
num_cat=0
split_feature=1 9 7 7 7 9 6 6 9 7 0 7 8 9 6 7 7 9 6 6 7 9 6 1 8 9
split_gain=0.308032 0.181566 0.246829 0.20327 0.15906 0.306003 0.351919 0.300416 0.317776 0.246224 0.151692 0.183904 0.174325 0.151484 0.231207 0.192607 0.170451 0.16585 0.158499 0.136619 0.163507 0.224463 0.0730822 0.0532754 0.0519034 0.0403976
threshold=4.5000000000000009 1.6423485279083254 1.3432050943374636 0.87829768657684337 3.4184179306030278 3.6123803853988652 3.4446620941162114 1.2870912551879885 2.2183859348297124 4.256803274154664 2.5000000000000004 3.9420912265777592 3.3837542533874516 2.8738032579422002 2.7721843719482426 2.5921199321746831 2.5328249931335454 2.4075814485549931 2.3822236061096196 1.9433000683784487 2.0486441850662236 1.2934277057647707 0.95012781023979198 5.5000000000000009 1.0527029037475588 1.0249598622322085
decision_type=2 2 2 2 2 2 2 2 2 2 2 2 2 2 2 2 2 2 2 2 2 2 2 2 2 2
left_child=1 3 -3 25 7 9 -7 -4 -9 -6 22 13 -13 15 -15 17 -16 -12 -17 20 21 -5 24 -24 -2 -1
right_child=10 2 4 19 5 6 -8 8 -10 -11 11 12 -14 14 16 18 -18 -19 -20 -21 -22 -23 23 -25 -26 -27
leaf_value=0.00038132409509271381 0.00032802526077086277 0.0039261367392133583 0.0053689841760079498 -0.0013586223892262852 -0.00072544704733858102 0.003017256406689935 8.310481477651352e-05 -0.0012227556833510733 0.0011453059713633711 -0.0048024272421995804 -0.00080552409989325031 -0.00012207362024734418 -0.0049813140294066183 0.0044545487948166934 0.0033043498487171268 -0.00025506594938188031 -0.0004448943638858656 0.0012289485465347145 -0.0031880639787964728 -0.0039196549169719219 -0.00307169932700419 0.00098914992451147338 -0.0019648475093223773 -0.004630065405120452 -0.002487478418275714 0.0024627582642967132
leaf_weight=25 22 33 23 144 194 79 380 111 495 27 193 21 27 23 23 49 124 96 74 22 39 119 24 24 20 37
leaf_count=25 22 33 23 144 194 79 380 111 495 27 193 21 27 23 23 49 124 96 74 22 39 119 24 24 20 37
internal_value=1.28922e-12 0.000289632 0.000509531 -0.000474887 0.000423398 -6.7526e-07 0.000588111 0.000881856 0.000711552 -0.00122354 -0.000695117 -0.000475672 -0.0028554 -0.000279406 0.000725222 -0.000693937 0.000141722 -0.000129713 -0.00201963 -0.000876424 -0.000654732 -0.000296322 -0.00223123 -0.00329746 -0.00101269 0.00162347
internal_weight=2448 1728 1342 386 1309 680 459 629 606 221 720 630 48 582 170 412 147 289 123 324 302 263 90 48 42 62
internal_count=2448 1728 1342 386 1309 680 459 629 606 221 720 630 48 582 170 412 147 289 123 324 302 263 90 48 42 62
is_linear=0
shrinkage=0.04


Tree=118
num_leaves=24
num_cat=0
split_feature=9 6 6 7 9 6 5 7 9 8 9 7 9 6 0 7 9 9 6 9 5 10 5
split_gain=0.291222 0.296835 0.238522 0.201518 0.257935 0.375144 0.294467 0.299033 0.194325 0.179958 0.175296 0.267144 0.228211 0.317065 0.225532 0.170639 0.163969 0.155741 0.148869 0.195731 0.145686 0.0450501 0.042669
threshold=3.0486778020858769 2.985156893730164 3.4446620941162114 2.5605835914611821 3.8864065408706669 3.7834835052490239 32.970497131347663 4.7900645732879648 3.6445567607879643 3.9094716310501103 0.88258481025695812 0.87829768657684337 1.4444525241851809 1.0514052510261538 5.5000000000000009 4.1058359146118173 4.9089767932891855 3.226134300231934 0.96591278910636913 1.2272161841392519 26.789979934692386 4.9460082054138192 33.647994995117195
decision_type=2 2 2 2 2 2 2 2 2 2 2 2 2 2 2 2 2 2 2 2 2 2 2
left_child=2 15 10 20 5 8 16 -8 -5 -7 -1 18 14 -14 -13 17 -6 22 -12 -20 21 -3 -2
right_child=1 3 -4 4 6 9 7 -9 -10 -11 11 12 13 -15 -16 -17 -18 -19 19 -21 -22 -23 -24
leaf_value=-0.0040475360108539462 0.0035396839375607669 0.00016836809672947443 -0.0044410927820464838 -0.0002586484240009061 0.00018520895060366736 -0.0012444868425292703 0.0075643157996237277 0.0010022422137670219 0.0019386443018021698 -0.0042011071437888818 0.0042490373800198244 -0.0010359047240994048 0.0032557420939380343 -0.00027037429139791972 -0.0050598347404350839 7.5875751345473184e-05 0.0030362362362858319 0.005857972827340875 -0.00054351355773038588 0.0040319990082865673 0.0047164114333689208 0.0025481671318411826 0.0011380851024697567
leaf_weight=20 20 35 23 300 312 116 20 25 82 46 27 312 43 798 24 34 36 28 52 21 25 20 29
leaf_count=20 20 35 23 300 312 116 20 25 82 46 27 312 43 798 24 34 36 28 52 21 25 20 29
internal_value=-3.28244e-12 0.000471953 -0.000403305 0.000257583 9.30576e-05 -0.000471024 0.000873873 0.00391872 0.000213022 -0.00208402 -0.000331702 -0.000273506 -0.000442141 -9.00853e-05 -0.00132333 0.00243605 0.000480143 0.0034782 0.00171133 0.00077273 0.00218458 0.00103375 0.00211833
internal_weight=2448 1128 1320 1017 937 544 393 45 382 162 1297 1277 1177 841 336 111 348 77 100 73 80 55 49
internal_count=2448 1128 1320 1017 937 544 393 45 382 162 1297 1277 1177 841 336 111 348 77 100 73 80 55 49
is_linear=0
shrinkage=0.04


Tree=119
num_leaves=30
num_cat=0
split_feature=1 0 9 7 6 9 9 6 7 3 9 7 0 6 6 9 6 8 9 6 9 7 6 9 7 6 9 7 8
split_gain=0.270774 0.164357 0.146859 0.230922 0.235119 0.530394 0.224163 0.397008 0.272046 0.171011 0.141768 0.3212 0.216908 0.211761 0.188989 0.139541 0.124117 0.179493 0.114776 0.148299 0.109288 0.12229 0.104145 0.104525 0.0938699 0.091551 0.0871274 0.0440833 0.00999674
threshold=4.5000000000000009 1.5000000000000002 4.9089767932891855 4.3640651702880868 4.1731791496276864 4.1948494911193857 3.2870032787323002 2.92451024055481 3.4184179306030278 1.0000000180025095e-35 2.5227831602096562 2.8257007598876958 9.5000000000000018 2.6062268018722539 2.4060671329498295 2.4075814485549931 0.95012781023979198 0.90305602550506603 2.8738032579422002 3.0331143140792851 2.9516854286193852 3.3488354682922368 0.97470009326934826 0.976343333721161 1.0514052510261538 3.1491291522979741 1.1233878135681155 2.5328249931335454 1.0030320286750796
decision_type=2 2 2 2 2 2 2 2 2 2 2 2 2 2 2 2 2 2 2 2 2 2 2 2 2 2 2 2 2
left_child=1 22 3 6 5 -5 8 -8 -3 -6 14 13 -13 -12 15 16 26 -18 19 -15 21 -14 23 -1 -24 -22 -2 -20 -26
right_child=10 2 -4 4 9 -7 7 -9 -10 -11 11 12 20 18 -16 -17 17 -19 27 -21 25 -23 24 -25 28 -27 -28 -29 -30
leaf_value=-0.001789558825337074 -0.00087634563811269468 0.00036440691160049632 0.0029147867641101284 -0.0012519793534371002 -0.001405149582394604 0.0050276124783392466 0.0065151991517770859 0.00091245820952117493 -0.0018728503274265675 -0.0054099420007939136 0.0040672971078139896 -0.0049828892981722238 -0.00078782710555085056 0.00064548778005552531 -0.0040080578401684762 0.002322450703009963 -0.0045059733639160795 -0.0011742231368206124 0.0031790978690454112 -0.0033721509558104334 0.0013367224989148476 -0.0046700129248201851 -0.00039703064156361878 0.0017698976493468791 -0.0036798694100053536 -0.00087296514277113602 0.0017377551855957685 0.00084287551497774468 -0.0025339196214516613
leaf_weight=22 51 667 36 93 59 28 21 556 100 24 34 21 37 49 35 20 30 188 24 21 48 20 39 33 21 80 34 28 29
leaf_count=22 51 667 36 93 59 28 21 556 100 24 34 21 37 49 35 20 30 188 24 21 48 20 39 33 21 80 34 28 29
internal_value=2.44363e-12 0.000271551 0.000389173 0.000330437 -0.000923546 0.000201149 0.000520774 0.00111637 7.27176e-05 -0.00256316 -0.000651723 -9.3548e-05 -0.00113041 0.00127565 -0.00121613 -0.000913604 -0.0011272 -0.00163272 0.000497644 -0.000559804 -0.000693105 -0.00215 -0.00102228 0.000346115 -0.00186792 -4.43323e-05 0.000169295 0.00192113 -0.00301522
internal_weight=2448 1728 1584 1548 204 121 1344 577 767 83 720 362 206 156 358 323 303 218 122 70 185 57 144 55 89 128 85 52 50
internal_count=2448 1728 1584 1548 204 121 1344 577 767 83 720 362 206 156 358 323 303 218 122 70 185 57 144 55 89 128 85 52 50
is_linear=0
shrinkage=0.04


Tree=120
num_leaves=27
num_cat=0
split_feature=9 7 6 9 8 6 9 7 9 7 5 5 9 7 8 9 9 7 7 9 8 8 8 5 6 9
split_gain=0.254361 0.303889 0.263619 0.259386 0.344146 0.251081 0.263751 0.405088 0.247768 0.266089 0.302936 0.186561 0.2985 0.174381 0.303668 0.249591 0.162127 0.235433 0.153736 0.128787 0.112648 0.0917778 0.0913955 0.0735217 0.0727405 0.0501638
threshold=3.5268166065216069 4.0554144382476816 3.797432661056519 3.226134300231934 2.7721843719482426 4.256803274154664 4.2166042327880868 4.6529037952423105 4.2630057334899911 3.3618478775024419 29.782937049865726 30.483557701110843 3.8864065408706669 4.3820180892944345 3.3309057950973515 5.0051729679107675 0.88258481025695812 0.87829768657684337 2.8820317983627324 4.0747725963592538 4.4209682941436776 4.05916452407837 4.9384388923645028 29.044242858886722 3.379044890403748 3.41390073299408
decision_type=2 2 2 2 2 2 2 2 2 2 2 2 2 2 2 2 2 2 2 2 2 2 2 2 2 2
left_child=1 2 3 16 -5 6 7 11 9 -7 -11 21 -13 22 -15 -16 -1 -18 -6 -12 -8 -2 -10 -4 -9 -3
right_child=5 25 23 4 18 8 20 24 13 10 19 12 -14 14 15 -17 17 -19 -20 -21 -22 -23 -24 -25 -26 -27
leaf_value=-0.0038373057316057387 0.0012497966849294149 -0.004091679186368471 -0.001322368685156107 0.0055716972482892178 0.0028425253383242166 0.001873239040788677 0.0064675668489653617 -0.00026297506690025333 0.0038351577298828599 -0.0070008341576904059 -0.0027034625662296701 0.0015504569572624782 0.0056989503810730051 0.0036320356494220704 -0.0034885533746670597 0.0015164253529161215 0.0016610608081915415 -0.00035128278731350493 -1.3445068213780572e-05 0.00074975901248830348 0.0022729762505124592 -0.00088430412529435544 0.00083497973857447503 -0.0045482242250671759 -0.0032716553303180265 -0.0017031850828789176
leaf_weight=20 76 34 20 26 39 27 20 20 33 20 48 151 34 23 44 25 100 1333 133 27 21 56 32 26 36 24
leaf_count=20 76 34 20 26 39 27 20 20 33 20 48 151 34 23 44 25 100 1333 133 27 21 56 32 26 36 24
internal_value=-2.4315e-12 -0.000256217 -0.000158908 -7.56908e-05 0.0012825 0.00064886 0.00127389 0.000939163 -0.000278607 -0.00163084 -0.00262673 0.00149321 0.00231288 0.00077217 -0.000348358 -0.00167516 -0.000260771 -0.000210854 0.00063413 -0.0014603 0.00431912 0.000344421 0.00235815 -0.00314568 -0.00219713 -0.00310334
internal_weight=2448 1755 1697 1651 198 693 414 373 279 122 95 317 185 157 92 69 1453 1433 172 75 41 132 65 46 56 58
internal_count=2448 1755 1697 1651 198 693 414 373 279 122 95 317 185 157 92 69 1453 1433 172 75 41 132 65 46 56 58
is_linear=0
shrinkage=0.04


Tree=121
num_leaves=27
num_cat=0
split_feature=9 8 7 6 9 6 7 8 7 9 6 6 9 0 10 9 8 9 7 8 7 5 10 9 1 5
split_gain=0.238909 0.300086 0.238089 0.237337 0.370804 0.280817 0.232581 0.238794 0.226624 0.218902 0.26224 0.249122 0.226762 0.206487 0.190066 0.169884 0.168075 0.153138 0.130465 0.117758 0.100947 0.0923213 0.0973022 0.0604292 0.0312214 0.0234319
threshold=2.0687307119369511 0.94205203652381908 2.7194209098815922 1.6187973618507387 1.4203924536705019 1.0514052510261538 1.8825560808181765 2.8572005033493046 1.2811771631240847 3.0486778020858769 3.1122503280639653 2.7453947067260747 3.6764580011367802 5.5000000000000009 3.8490810394287114 2.5667730569839482 1.7234689593315127 1.1111089587211611 4.1058359146118173 2.5444964170455937 1.0391688942909243 21.729759216308597 2.4659183025360112 1.7657201886177065 3.5000000000000004 24.908710479736332
decision_type=2 2 2 2 2 2 2 2 2 2 2 2 2 2 2 2 2 2 2 2 2 2 2 2 2 2
left_child=2 -2 3 4 13 -6 7 -3 -7 11 18 15 -12 17 25 -8 20 -1 -11 -13 -5 -18 -23 -22 -4 -9
right_child=1 6 24 16 5 8 9 14 -10 10 12 19 -14 -15 -16 -17 21 -19 -20 -21 23 22 -24 -25 -26 -27
leaf_value=-0.0012225840911596788 0.0048146680774896044 0.0056012801996742695 -0.0023550785809666628 -0.00059983607462566835 0.0048772245916453277 0.0033993189436334532 -0.0010738158268664461 -0.0015932036064226517 -0.00022946238147560506 0.0025856636120167014 -0.00056064018225740822 -0.00065574085943808313 0.00067761087822564622 -0.0045178393700293137 0.0037127128345891837 0.001017856745313401 0.0015572899655224041 0.00036300404636519694 -3.9379927897598679e-05 -0.0029001585242028039 -0.0044828368942050828 -0.0002798589109918293 -0.0035906586349010467 -0.0018932396829837844 -0.0045113312182101335 0.00029853961570188402
leaf_weight=199 23 24 21 23 33 38 113 22 100 116 420 64 542 21 25 138 26 191 41 90 46 49 20 21 22 20
leaf_count=199 23 24 21 23 33 38 113 22 100 116 420 64 542 21 25 138 26 191 41 90 46 49 20 21 22 20
internal_value=-2.53268e-12 0.000277879 -0.000561934 -0.000399557 -2.85016e-06 0.00156243 0.000213269 0.00217768 0.000769767 9.59711e-05 0.000384378 -0.000700886 0.000137002 -0.0006541 0.000951315 7.61874e-05 -0.00164758 -0.000446052 0.00190014 -0.00196741 -0.00288628 -0.000474071 -0.00123951 -0.00367117 -0.00345828 -0.000692374
internal_weight=2448 1638 810 767 582 171 1615 91 138 1524 1119 405 962 411 67 251 185 390 157 154 90 95 69 67 43 42
internal_count=2448 1638 810 767 582 171 1615 91 138 1524 1119 405 962 411 67 251 185 390 157 154 90 95 69 67 43 42
is_linear=0
shrinkage=0.04


Tree=122
num_leaves=26
num_cat=0
split_feature=1 9 6 5 7 9 6 6 6 7 10 7 9 6 7 9 8 7 5 6 9 6 10 9 7
split_gain=0.222523 0.141477 0.392996 0.381621 0.266024 0.358655 0.24854 0.236742 0.195514 0.203648 0.156323 0.136764 0.222586 0.264123 0.162978 0.177997 0.155101 0.135449 0.329087 0.133936 0.173931 0.117434 0.113228 0.0601675 0.0524891
threshold=4.5000000000000009 4.3477458953857431 4.733356475830079 31.90604400634766 4.4799442291259775 3.6003262996673588 3.9420912265777592 3.5487585067749028 4.1630210876464853 5.3890075683593759 5.5517389774322519 3.9420912265777592 2.5857759714126591 2.5317674875259404 2.4073688983917241 2.8738032579422002 3.3837542533874516 3.9614409208297734 30.125874519348148 2.4060671329498295 2.4075814485549931 1.2811771631240847 5.2531108856201181 2.5090514421463017 2.0138241052627568
decision_type=2 2 2 2 2 2 2 2 2 2 2 2 2 2 2 2 2 2 2 2 2 2 2 2 2
left_child=1 2 4 10 5 6 -1 -7 9 -6 17 12 19 -14 24 -16 -13 22 -19 20 21 -2 -3 -21 -15
right_child=11 3 -4 -5 8 7 -8 -9 -10 -11 -12 16 13 14 15 -17 -18 18 -20 23 -22 -23 -24 -25 -26
leaf_value=0.00014132858816016879 -0.00031395280794219236 0.004060573566350199 -0.0042607955093262716 0.0063885739126375738 0.00058492192414169217 0.0039014074024823261 -0.0036091395897855016 0.0010409989517431188 -0.0052250970403353372 -0.0038221657179296014 0.0038317154844601949 -7.5329148343631199e-05 0.0037572670046762198 0.00083466512924060222 -0.0022199448291212319 0.00027299928376129989 -0.0046588207731299378 -0.0032205494277348576 0.0016716495466376233 -0.0040823026608315209 0.0024985694404070576 -0.0018942870573381888 -0.00014480046834796669 -0.0013471181809224866 0.0035135993861000647
leaf_weight=1125 164 21 32 21 51 59 29 215 21 25 21 21 33 25 67 145 27 44 44 31 24 139 20 22 22
leaf_count=1125 164 21 32 21 51 59 29 215 21 25 21 21 33 25 67 145 27 44 44 31 24 139 20 22 22
internal_value=-3.18727e-12 0.00024617 0.000126225 0.00133831 0.00021828 0.000355972 4.70794e-05 0.00165693 -0.00180876 -0.000864778 0.00063127 -0.000590809 -0.000443471 0.000387001 -4.24154e-05 -0.000514865 -0.00265354 0.000110267 -0.00077445 -0.00108162 -0.000779292 -0.00103892 0.00200917 -0.00294694 0.00208863
internal_weight=2448 1728 1557 171 1525 1428 1154 274 97 76 150 720 672 292 259 212 48 129 88 380 327 303 41 53 47
internal_count=2448 1728 1557 171 1525 1428 1154 274 97 76 150 720 672 292 259 212 48 129 88 380 327 303 41 53 47
is_linear=0
shrinkage=0.04


Tree=123
num_leaves=25
num_cat=0
split_feature=9 7 6 9 0 7 9 6 10 8 6 7 9 6 6 6 9 7 6 6 7 10 6 6
split_gain=0.215059 0.299712 0.199063 0.189297 0.438437 0.333506 0.295605 0.222652 0.249367 0.221893 0.23983 0.154205 0.285867 0.162014 0.157145 0.126215 0.110423 0.113114 0.0731013 0.0698116 0.0498851 0.0494968 0.0153452 0.0136497
threshold=1.321882486343384 1.0880553722381594 1.1938115358352663 4.0963866710662851 11.500000000000002 4.510789394378663 4.2166042327880868 4.5444800853729257 4.4337503910064706 3.3309057950973515 5.1504011154174814 1.0325130820274355 0.976343333721161 0.86842894554138195 0.91902649402618419 2.0046145915985112 1.0388755798339846 1.5426399111747744 0.93025353550910961 3.3865568637847905 0.87829768657684337 2.1649043560028081 1.4567362666130068 1.5046928524971011
decision_type=2 2 2 2 2 2 2 2 2 2 2 2 2 2 2 2 2 2 2 2 2 2 2 2
left_child=2 15 11 5 9 7 -6 8 -3 -5 -11 12 13 -1 -14 23 -13 18 -18 -7 -16 -4 -23 -2
right_child=1 3 21 4 6 19 -8 -9 -10 10 -12 16 14 -15 20 -17 17 -19 -20 -21 -22 22 -24 -25
leaf_value=0.00036937901141856052 0.0048987329520639921 -0.00020609652968542653 -0.0014957109390525147 0.0033717176085337995 0.0019511141831007523 -0.0017432541113036374 0.0077498975667086517 -0.0034590461696016378 0.00092451898094231841 0.00084164035247845782 -0.002151291181635059 -0.0034535846783546732 0.0050693902494385835 -0.0035108021103466554 0.0021850082325545373 0.00043085862131027336 0.0021536200842820108 -0.0027909170932346778 -0.00068450253325040057 -0.0047349433651050696 1.443975656810734e-05 -0.0028311393545869656 -0.0043088090292770758 0.0034386146664619442
leaf_weight=36 21 1250 32 30 39 24 22 29 416 108 71 32 20 33 32 22 20 31 53 26 36 23 22 20
leaf_count=36 21 1250 32 30 39 24 22 29 416 108 71 32 20 33 32 22 20 31 53 26 36 23 22 20
internal_value=1.76607e-12 0.000158202 -0.000888495 7.32598e-05 0.00105888 -7.92434e-05 0.00404248 1.57327e-05 7.6218e-05 0.000188072 -0.0003455 -0.000412868 0.000441204 -0.00148636 0.00195259 0.00287499 -0.00139882 -0.000766583 9.30653e-05 -0.00329893 0.00103588 -0.00269835 -0.00355356 0.00418648
internal_weight=2448 2078 370 2015 270 1745 61 1695 1666 209 179 293 157 69 88 63 136 104 73 50 68 77 45 41
internal_count=2448 2078 370 2015 270 1745 61 1695 1666 209 179 293 157 69 88 63 136 104 73 50 68 77 45 41
is_linear=0
shrinkage=0.04


Tree=124
num_leaves=31
num_cat=0
split_feature=9 8 7 7 9 6 6 9 8 10 9 6 9 6 1 8 9 7 9 8 8 6 9 7 9 9 6 5 8 10
split_gain=0.204498 0.279772 0.229761 0.218122 0.251749 0.306146 0.266574 0.26454 0.231649 0.242581 0.195109 0.19014 0.451744 0.200589 0.161734 0.156255 0.148135 0.146128 0.195072 0.145634 0.12019 0.109417 0.171244 0.108972 0.101744 0.0900352 0.074906 0.0823093 0.0480075 0.0379149
threshold=2.0687307119369511 0.94205203652381908 2.2196817398071294 2.4320666790008549 3.0760788917541508 3.4446620941162114 2.7302757501602177 3.5100485086441044 2.7536443471908574 3.9534420967102055 4.0419676303863534 1.6187973618507387 1.4203924536705019 1.0514052510261538 3.5000000000000004 1.7234689593315127 1.5892536640167239 1.0514052510261538 0.88258481025695812 3.6087564229965214 2.7176622152328496 1.2870912551879885 1.5969115495681765 1.0880553722381594 2.3720655441284184 1.1006224751472475 2.0635535717010502 21.917398452758793 1.3807829022407534 3.0029320716857915
decision_type=2 2 2 2 2 2 2 2 2 2 2 2 2 2 2 2 2 2 2 2 2 2 2 2 2 2 2 2 2 2
left_child=2 -2 11 8 6 10 14 -7 -3 24 -6 12 17 -14 -5 23 -15 18 -1 -11 -8 22 -4 -13 -10 -19 27 -17 -23 -25
right_child=1 3 21 4 5 7 20 -9 9 19 -12 15 13 16 -16 26 -18 25 -20 -21 -22 28 -24 29 -26 -27 -28 -29 -30 -31
leaf_value=-0.0035795971035258844 0.004637626599034537 0.0044032546877861021 -0.0031148250111988907 -0.0020655936824364794 0.00098050537650501597 -0.0019755082800819545 -0.0011405439495704034 0.00014810010701937377 -0.002912330636754632 0.0054363238923251633 0.0047097055390865235 -0.00089130195618296662 0.0057795157531897222 0.00011832003375482663 0.00068864373856798765 0.002277513585741753 0.0031342780384390305 -0.0027774300927515417 0.00056845172545992031 0.0015467805815721626 -0.0034767567875889551 -0.0024767416862831004 0.0013118805838058945 -0.0049972317647188902 0.00018919084669852799 -0.00081248480106558207 -0.0023612520600297354 -0.00063272828701883561 -0.0048886828685341319 -0.0026806794926524163
leaf_weight=20 23 33 29 45 347 113 72 554 20 20 24 30 21 57 141 23 48 51 195 67 69 31 27 26 110 139 22 48 23 20
leaf_count=20 23 33 29 45 347 113 72 554 20 20 24 30 21 57 141 23 48 51 195 67 69 31 27 26 110 139 22 48 23 20
internal_value=-2.99393e-12 0.00025709 -0.000519893 0.000194704 -4.2381e-06 0.000300658 -0.000972074 -0.000211672 0.00128093 0.000806107 0.00122175 -0.000252836 0.00011908 0.00221079 2.2296e-05 -0.0014214 0.00149704 -0.000531675 0.000182587 0.00244093 -0.0022838 -0.00221934 -0.000980521 -0.00276685 -0.000287966 -0.00133992 -0.000321889 0.000310026 -0.00350405 -0.00399004
internal_weight=2448 1638 810 1615 1365 1038 327 667 250 217 371 700 531 126 186 169 105 405 215 87 141 110 56 76 130 190 93 71 54 46
internal_count=2448 1638 810 1615 1365 1038 327 667 250 217 371 700 531 126 186 169 105 405 215 87 141 110 56 76 130 190 93 71 54 46
is_linear=0
shrinkage=0.04


Tree=125
num_leaves=31
num_cat=0
split_feature=9 6 0 7 9 0 6 7 9 7 9 7 9 6 7 8 10 7 9 9 6 9 0 7 7 9 9 7 1 5
split_gain=0.192039 0.279837 0.289882 0.278833 0.214006 0.300299 0.259489 0.283776 0.243921 0.225237 0.213389 0.212901 0.233873 0.384887 0.297676 0.258575 0.216716 0.210623 0.226629 0.198867 0.158016 0.286628 0.14612 0.128205 0.103915 0.100108 0.0896555 0.0848877 0.0973601 0.0768806
threshold=3.6764580011367802 3.6566231250762944 12.500000000000002 3.5502041578292851 1.7809274196624758 22.500000000000004 1.1938115358352663 1.7131631374359133 1.0388755798339846 0.98770177364349376 4.1330351829528817 3.3618478775024419 4.6588540077209482 5.0880343914031991 4.6529037952423105 3.4757305383682255 5.5116713047027597 1.4209519028663637 2.2524088621139531 1.321882486343384 2.9339209794998173 2.5090514421463017 16.500000000000004 4.0554144382476816 1.0325130820274355 3.7715792655944829 3.8257502317428593 3.9244179725646977 2.5000000000000004 31.336185455322269
decision_type=2 2 2 2 2 2 2 2 2 2 2 2 2 2 2 2 2 2 2 2 2 2 2 2 2 2 2 2 2 2
left_child=3 2 10 4 6 17 8 19 24 -10 -2 26 13 14 -13 -14 -17 -6 -19 -8 21 -5 -23 -24 -1 -4 -3 29 -29 -22
right_child=1 11 25 20 5 -7 7 -9 9 -11 -12 12 15 -15 -16 16 -18 18 -20 -21 27 22 23 -25 -26 -27 -28 28 -30 -31
leaf_value=-0.00061737790095503444 -0.0008984961966052652 0.0011225504851476713 0.0029455055928100712 -0.0045942965652793644 0.0031031624719034881 0.0050958710064047154 -0.0025827196156798845 -0.0042286009989602833 0.0033706326895651031 0.00029336932923761198 0.0038558744177546191 0.00035334570486395851 0.0055923793603315066 -0.0050167729767660301 -0.003533624065536502 -0.00074377719738424343 0.004084851609542966 -0.0014991659980456709 0.00037686476195017464 -0.00013241526467027144 0.00063964798336937315 -0.0013897818597334048 0.0039660985381514942 -0.000147462176497687 -0.003221073501481442 0.0066384580281252659 0.004335643343899089 -0.0020146626634045674 -0.0049916188385031998 -0.0024057551133187696
leaf_weight=105 44 33 23 20 40 21 77 49 47 200 23 213 20 30 37 58 20 118 812 170 21 31 27 22 32 24 24 39 32 36
leaf_count=105 44 33 23 20 40 21 77 49 47 200 23 213 20 30 37 58 20 118 812 170 21 31 27 22 32 24 24 39 32 36
internal_value=3.94128e-12 0.00065891 0.00242299 -0.00019049 -1.14509e-05 0.000363524 -0.000557922 -0.00144791 0.000128111 0.000878921 0.000733601 0.000196599 -0.000147035 -0.000735659 -0.000221926 0.00153475 0.000494333 0.000261071 0.000138831 -0.000896275 -0.00150266 -0.000311287 0.000759466 0.00211919 -0.00122554 0.00483127 0.00247543 -0.00243342 -0.00335639 -0.00128376
internal_weight=2448 549 114 1899 1671 991 680 296 384 247 67 435 378 280 250 98 78 970 930 247 228 100 80 49 137 47 57 128 71 57
internal_count=2448 549 114 1899 1671 991 680 296 384 247 67 435 378 280 250 98 78 970 930 247 228 100 80 49 137 47 57 128 71 57
is_linear=0
shrinkage=0.04


Tree=126
num_leaves=22
num_cat=0
split_feature=9 0 7 7 6 9 6 7 8 6 9 6 7 9 7 9 7 6 7 6 8
split_gain=0.186834 0.386753 0.300317 0.284432 0.203563 0.323819 0.206325 0.242292 0.203217 0.217052 0.209042 0.185318 0.163111 0.136573 0.132501 0.116437 0.114829 0.0996609 0.0984762 0.057099 0.0430824
threshold=4.0963866710662851 11.500000000000002 4.4799442291259775 5.3116164207458505 4.3413412570953378 3.3967702388763432 3.4446620941162114 2.5328249931335454 3.3309057950973515 5.1504011154174814 4.6588540077209482 3.0507018566131596 3.5502041578292851 4.4888713359832773 3.9787019491195683 3.8774524927139287 3.8724123239517216 3.3865568637847905 4.7900645732879648 4.2344374656677255 4.9987494945526132
decision_type=2 2 2 2 2 2 2 2 2 2 2 2 2 2 2 2 2 2 2 2 2
left_child=2 8 4 19 5 6 12 -8 -2 13 -11 -7 -1 16 -13 -6 -10 -4 -12 -3 -15
right_child=1 3 17 -5 15 11 7 -9 9 10 18 14 -14 20 -16 -17 -18 -19 -20 -21 -22
leaf_value=2.4725671189483828e-06 0.0032213435542459289 0.0072850840082392104 -0.0012464666286749501 2.504407797243316e-05 -0.0036664475598617604 0.004105840154506009 0.0012370552186822068 -0.0030236821313515123 0.00087451572719685457 -0.0052930741469291121 0.0013869660347700118 0.0012559008214596773 -0.0016766008624461283 0.003317569834087044 -0.00038418354381891814 -0.00036307708872857712 -0.003124361952766776 -0.0045646220959218529 -0.0022182438604930349 0.0042625297307968138 0.0011560771221088039
leaf_weight=1425 30 20 28 21 38 29 29 81 27 22 22 278 99 25 110 31 20 30 27 20 36
leaf_count=1425 30 20 28 21 38 29 29 81 27 22 22 278 99 25 110 31 20 30 27 20 36
internal_value=4.72599e-13 0.000992497 -0.000123037 0.00379472 -4.53465e-05 2.6546e-05 -0.000227358 -0.0019004 0.000174622 -0.000336001 -0.0020539 0.00102146 -0.000106601 0.000793358 0.000790928 -0.00218232 -0.000827134 -0.00296275 -0.000599578 0.00577381 0.00204193
internal_weight=2448 270 2178 61 2120 2051 1634 110 209 179 71 417 1524 108 388 69 47 58 49 40 61
internal_count=2448 270 2178 61 2120 2051 1634 110 209 179 71 417 1524 108 388 69 47 58 49 40 61
is_linear=0
shrinkage=0.04


Tree=127
num_leaves=24
num_cat=0
split_feature=1 9 7 6 9 6 0 7 9 9 9 7 9 6 7 9 8 6 9 6 7 0 7
split_gain=0.183692 0.14016 0.187967 0.176723 0.153648 0.378149 0.360226 0.2481 0.203275 0.159509 0.152209 0.119382 0.195974 0.238659 0.143854 0.174995 0.141481 0.129309 0.150158 0.107501 0.0890951 0.0559539 0.0472909
threshold=4.5000000000000009 4.9089767932891855 5.1990761756896982 4.0051825046539316 4.0419676303863534 4.5444800853729257 11.500000000000002 4.4353468418121347 4.1541216373443612 4.2630057334899911 4.0963866710662851 3.9420912265777592 2.5857759714126591 2.5802594423294072 2.4073688983917241 3.5489804744720463 3.3837542533874516 2.4060671329498295 2.4075814485549931 0.95012781023979198 2.7459561824798588 15.500000000000002 2.0138241052627568
decision_type=2 2 2 2 2 2 2 2 2 2 2 2 2 2 2 2 2 2 2 2 2 2 2
left_child=1 2 4 10 5 7 9 -1 -8 -6 -4 12 17 20 22 -16 -13 18 19 -2 -14 -19 -15
right_child=11 -3 3 -5 6 -7 8 -9 -10 -11 -12 16 13 14 15 -17 -18 21 -20 -21 -22 -23 -24
leaf_value=0.00027740644017725668 0.00026450312258127854 0.0026933887223195697 -0.0026371023573336151 -0.0042418092723678922 -0.0023739616962660465 -0.0052178376771154856 0.002251763563518497 -0.003087125893992682 0.0071152833066880708 0.00085899095152221303 0.0021238377384791172 -1.5789084136486055e-06 0.0050492021460086115 0.00073440610263496634 -0.0011303932937117658 0.0019150312871647043 -0.0043792069606758931 -0.0014020698125629374 0.0023447586658100288 -0.0014125625385663584 0.0014673462555394509 -0.0040130792892184757 0.0033092319486396657
leaf_weight=1353 85 36 21 29 31 21 44 36 20 115 22 21 20 25 164 37 27 24 24 218 25 29 21
leaf_count=1353 85 36 21 29 31 21 44 36 20 115 22 21 20 25 164 37 27 24 24 218 25 29 21
internal_value=2.49728e-12 0.000223663 0.000171115 -0.00182871 0.000259996 0.000109659 0.0012694 0.000190205 0.00377161 0.000172542 -0.000201273 -0.00053679 -0.000399133 0.000380114 -0.000107993 -0.000569793 -0.00246399 -0.000997923 -0.000700861 -0.000942099 0.00305928 -0.00283074 0.00190987
internal_weight=2448 1728 1692 72 1620 1410 210 1389 64 146 43 720 672 292 247 201 48 380 327 303 45 53 46
internal_count=2448 1728 1692 72 1620 1410 210 1389 64 146 43 720 672 292 247 201 48 380 327 303 45 53 46
is_linear=0
shrinkage=0.04


Tree=128
num_leaves=23
num_cat=0
split_feature=9 7 6 9 5 6 7 9 10 7 9 6 1 6 6 5 9 7 7 7 6 8
split_gain=0.176883 0.269782 0.168044 0.15062 0.350672 0.29623 0.222025 0.263751 0.133716 0.133335 0.222307 0.181116 0.129767 0.119343 0.112145 0.0910674 0.0797647 0.0682008 0.0444187 0.0421384 0.0129177 0.0127819
threshold=1.321882486343384 1.0880553722381594 1.1938115358352663 4.3477458953857431 31.90604400634766 4.733356475830079 5.3890075683593759 3.8864065408706669 5.5517389774322519 1.1131681799888613 0.96108898520469677 0.87829768657684337 3.5000000000000004 0.86842894554138195 2.0046145915985112 23.47839450836182 1.1111089587211611 0.81783258914947521 0.95012781023979198 1.438445031642914 1.3096864819526675 1.6291293501853945
decision_type=2 2 2 2 2 2 2 2 2 2 2 2 2 2 2 2 2 2 2 2 2 2
left_child=2 14 9 5 8 6 7 -3 12 10 13 -12 -5 -1 21 16 -11 -13 -4 -18 -20 -2
right_child=1 3 18 4 -6 -7 -8 -9 -10 15 11 17 -14 -15 -16 -17 19 -19 20 -21 -22 -23
leaf_value=-0.0001919749276222367 0.0032680364006331991 -8.2290265210625596e-05 -0.0013593130059201609 0.00061418518793951969 0.0060396876283699561 -0.0038574590440839528 -0.003718521812930703 0.0015568942255484363 0.0034807718305715492 -0.0024512964913681631 0.0045075690202330326 0.0025075610947202552 -0.0027589547253129162 -0.0036335669384737102 0.00041716725247996773 -0.0037743254427028737 0.0015537568207364531 8.7935301502618713e-06 -0.0025834016661558834 -0.00093226452881935986 -0.0039555621171451132 0.004680981418860029
leaf_weight=38 21 1613 33 107 21 32 25 174 21 31 22 22 22 28 22 23 20 85 21 24 23 20
leaf_count=38 21 1613 33 107 21 32 25 174 21 31 22 22 22 28 22 23 20 85 21 24 23 20
internal_value=1.77964e-12 0.000143475 -0.000805784 6.28854e-05 0.00119854 -4.24275e-05 2.49461e-05 7.7317e-05 0.00052078 -0.000368783 0.00023613 0.00120217 3.8921e-05 -0.00165204 0.00272105 -0.00157244 -0.000897192 0.000522559 -0.00246866 0.000197745 -0.00330067 0.00395728
internal_weight=2448 2078 370 2015 171 1844 1812 1787 150 293 195 129 129 66 63 98 75 107 77 44 44 41
internal_count=2448 2078 370 2015 171 1844 1812 1787 150 293 195 129 129 66 63 98 75 107 77 44 44 41
is_linear=0
shrinkage=0.04


Tree=129
num_leaves=24
num_cat=0
split_feature=9 8 6 7 9 6 9 7 9 9 6 6 9 9 7 9 8 8 6 7 9 7 8
split_gain=0.165416 0.265229 0.212057 0.21647 0.235815 0.209927 0.226223 0.214759 0.192675 0.174207 0.194469 0.169902 0.154099 0.142473 0.180513 0.178241 0.141054 0.112395 0.106603 0.0713699 0.0284283 0.0224712 0.00352712
threshold=2.0687307119369511 0.94205203652381908 0.91902649402618419 1.8573076128959658 1.0249598622322085 1.8825560808181765 2.3720655441284184 2.5605835914611821 3.0760788917541508 1.7403523921966555 1.4567362666130068 2.3135510683059697 1.3831536769866946 0.976343333721161 1.3009541630744936 1.3656010031700136 3.5184432268142705 2.0022366046905522 1.3009541630744936 0.93025353550910961 1.5078558325767519 0.88945534825325023 1.2605313658714297
decision_type=2 2 2 2 2 2 2 2 2 2 2 2 2 2 2 2 2 2 2 2 2 2 2
left_child=2 -2 13 4 21 -3 17 16 -9 18 -11 12 -6 19 -15 -16 -8 -7 20 -1 -5 -4 -12
right_child=1 5 3 9 11 6 7 8 -10 10 22 -13 -14 14 15 -17 -18 -19 -20 -21 -22 -23 -24
leaf_value=0.00047843066451605412 0.0044963879364988083 0.003234572567577873 -0.0019726800543421338 -0.0036768705681675955 -0.00066284802287102415 -0.00023059519724203989 0.0024002018907385019 -0.0010277973667088573 0.00022868903093721342 0.0016375043076433003 -0.0021987806038842313 -0.0035101698040538895 0.0008411659333245195 0.0041243870483179176 -0.0012465972999214298 0.0033233961911702699 0.00046414989424084632 -0.0036623487752434369 -0.0059343337090242481 -0.0024811352806335149 -0.0017579789372466621 -0.0035083444345121585 -0.0029410091014578938
leaf_weight=32 23 35 31 21 217 26 104 241 1029 31 21 22 219 35 36 22 143 37 21 22 30 30 20
leaf_count=32 23 35 31 21 217 26 104 241 1029 31 21 22 219 35 36 22 143 37 21 22 30 30 20
internal_value=-1.76995e-12 0.000231222 -0.000467581 -0.000772332 -0.000391618 0.000170479 0.000102604 0.000200143 -9.74658e-06 -0.00214449 -0.000753221 -8.04507e-05 9.26085e-05 0.000906909 0.00185581 0.000486849 0.00127933 -0.00224607 -0.00353576 -0.000727318 -0.00254811 -0.00272792 -0.00256084
internal_weight=2448 1638 810 663 519 1615 1580 1517 1270 144 72 458 436 147 93 58 247 63 72 54 51 61 41
internal_count=2448 1638 810 663 519 1615 1580 1517 1270 144 72 458 436 147 93 58 247 63 72 54 51 61 41
is_linear=0
shrinkage=0.04


Tree=130
num_leaves=23
num_cat=0
split_feature=1 9 6 9 0 7 6 9 9 7 9 6 5 7 9 6 9 9 6 7 9 7
split_gain=0.160326 0.124371 0.186559 0.201986 0.442968 0.276078 0.276496 0.204114 0.172384 0.113479 0.171741 0.2232 0.132874 0.129365 0.161003 0.121722 0.132127 0.101986 0.0960063 0.0887466 0.0519276 0.0423386
threshold=4.5000000000000009 4.9089767932891855 5.1504011154174814 4.2166042327880868 11.500000000000002 4.3640651702880868 4.0554144382476816 3.2870032787323002 4.6588540077209482 3.9420912265777592 2.5857759714126591 2.5918210744857793 31.85423564910889 2.4073688983917241 3.5489804744720463 2.4060671329498295 2.4075814485549931 4.4888713359832773 1.2811771631240847 2.9546445608139043 2.5090514421463017 2.0138241052627568
decision_type=2 2 2 2 2 2 2 2 2 2 2 2 2 2 2 2 2 2 2 2 2 2
left_child=1 2 3 5 17 7 -7 -1 -4 10 15 19 -11 21 -15 16 18 -5 -2 -12 -17 -13
right_child=9 -3 8 4 -6 6 -8 -9 -10 12 11 13 -14 14 -16 20 -18 -19 -20 -21 -22 -23
leaf_value=-7.8347816342093317e-05 -0.00021039759260375144 0.0025354207602019114 -0.0041623118296265603 -0.0011230790228441809 0.006985602629455653 -0.00085768833425309927 -0.0060572259386535736 0.00092876431081912955 -8.2083583331188644e-05 -0.0048705788366496562 0.004449234802303601 0.00067736473158001896 -0.0006017753345492695 -0.0011078299173544863 0.0018166252661093668 -0.0037608150603069411 0.002217311089237531 0.0017307517771091535 -0.0016392975640918712 0.00095309791537666962 -0.001219813772900538 0.0031136478235324221
leaf_weight=911 164 36 30 33 22 90 20 498 37 20 26 25 28 162 37 31 24 51 139 21 22 21
leaf_count=911 164 36 30 33 22 90 20 498 37 20 26 25 28 162 37 31 24 51 139 21 22 21
internal_value=1.36426e-12 0.000208954 0.000159454 0.00024474 0.00193292 0.000126934 -0.00180306 0.000277608 -0.00190905 -0.000501489 -0.000367278 0.000362201 -0.00238044 -0.000122174 -0.000564087 -0.000927824 -0.000639609 0.000609604 -0.0008659 0.00288713 -0.00270606 0.00178958
internal_weight=2448 1728 1692 1625 106 1519 110 1409 67 720 672 292 48 245 199 380 327 84 303 47 53 46
internal_count=2448 1728 1692 1625 106 1519 110 1409 67 720 672 292 48 245 199 380 327 84 303 47 53 46
is_linear=0
shrinkage=0.04


Tree=131
num_leaves=18
num_cat=0
split_feature=9 7 9 6 7 6 9 7 9 6 7 6 10 8 5 9 6
split_gain=0.151719 0.185599 0.155834 0.292018 0.282499 0.175632 0.239578 0.168634 0.212436 0.121755 0.0837676 0.0827335 0.0696445 0.0988714 0.0536348 0.0329335 0.0308908
threshold=1.0159738659858706 0.87829768657684337 1.8544327020645144 1.7131631374359133 1.4209519028663637 1.4567362666130068 2.2524088621139531 2.3557367324829106 1.4752550125122073 0.87829768657684337 0.96591278910636913 1.0880553722381594 2.2649992704391484 1.2421210408210757 24.552409172058109 0.94648861885070812 1.0016933679580691
decision_type=2 2 2 2 2 2 2 2 2 2 2 2 2 2 2 2 2
left_child=9 11 3 7 -4 -6 -7 8 -3 10 -1 -2 -5 -14 -9 -11 -17
right_child=1 2 4 12 5 6 -8 14 -10 15 -12 -13 13 -15 -16 16 -18
leaf_value=0.0012075053278685491 0.0043012784847191402 -0.00051664786744065963 0.0038073939101441819 -0.0013118729148717486 0.0037605617276581359 -0.0018090585722486572 0.00020032045430515264 -0.0036023427625359213 0.0014923650899532537 -0.0039552947264164685 -0.0018789998399248967 0.0011728565479432673 -0.0020252198885594096 -0.0055239657886947194 -0.00086937052430585032 -0.00084541739616543054 -0.0030174821187657391
leaf_weight=34 21 277 34 34 21 101 1582 27 121 20 24 38 28 24 20 20 22
leaf_count=34 21 277 34 34 21 101 1582 27 121 20 24 38 28 24 20 20 22
internal_value=6.86223e-13 7.14947e-05 1.39023e-05 -0.000585821 0.000197132 0.000125096 7.97338e-05 -0.000173452 9.41325e-05 -0.001387 -6.96692e-05 0.00228636 -0.00271959 -0.00364003 -0.00243938 -0.00261934 -0.00198317
internal_weight=2448 2328 2269 531 1738 1704 1683 445 398 120 58 59 86 52 47 62 42
internal_count=2448 2328 2269 531 1738 1704 1683 445 398 120 58 59 86 52 47 62 42
is_linear=0
shrinkage=0.04


Tree=132
num_leaves=23
num_cat=0
split_feature=1 9 7 6 9 6 0 9 9 9 6 7 9 6 6 9 7 8 7 9 6 10
split_gain=0.146267 0.113903 0.176003 0.175106 0.132634 0.353608 0.313864 0.239867 0.169941 0.138565 0.122978 0.105797 0.152907 0.188801 0.129767 0.134423 0.251867 0.128293 0.117098 0.14014 0.0982729 0.0653468
threshold=4.5000000000000009 4.9089767932891855 5.1990761756896982 3.6566231250762944 4.0419676303863534 4.1442308425903329 11.500000000000002 3.6445567607879643 4.1541216373443612 4.2630057334899911 4.5444800853729257 3.9420912265777592 2.8738032579422002 2.7721843719482426 2.9339209794998173 2.5667730569839482 2.6618844270706181 3.4757305383682255 2.5328249931335454 3.5489804744720463 2.291662454605103 3.4236257076263432
decision_type=2 2 2 2 2 2 2 2 2 2 2 2 2 2 2 2 2 2 2 2 2 2
left_child=1 2 4 -4 5 7 9 -1 -8 -6 -7 12 14 -14 15 20 -17 -13 -15 -20 -2 -16
right_child=11 -3 3 -5 6 10 8 -9 -10 -11 -12 17 13 18 21 16 -18 -19 19 -21 -22 -23
leaf_value=7.097208453422055e-05 -0.00062159628460436403 0.0024259911367617961 3.1628602017194799e-05 -0.0039273890305423376 -0.0022212291062779486 -0.0015077003386936016 0.0021220482769422236 0.0017651459283892388 0.0065689575187861914 0.0007920115589285674 -0.0049977868014857889 -0.00046947583142254085 0.0040574589402050431 0.0027815018675249555 -0.0012694378923624756 0.0028348817322783326 -0.0011808316751985865 -0.0046380765086394696 -0.0012029967358571361 0.0017359474282460036 -0.0026191351144678066 -0.0045029326123185451
leaf_weight=1168 317 36 39 33 31 70 44 151 20 115 21 27 23 23 20 49 51 21 87 37 45 20
leaf_count=1168 317 36 39 33 31 70 44 151 20 115 21 27 23 23 20 49 51 21 87 37 45 20
internal_value=1.4609e-12 0.000199582 0.000152212 -0.00178292 0.000238218 9.85389e-05 0.00117606 0.000264922 0.00351171 0.000152214 -0.0023131 -0.000478997 -0.000349408 0.000687444 -0.000700533 -0.000511299 0.000786868 -0.00229324 0.000160162 -0.000326054 -0.000869909 -0.00288619
internal_weight=2448 1728 1692 72 1620 1410 210 1319 64 146 91 720 672 170 502 462 100 48 147 124 362 40
internal_count=2448 1728 1692 72 1620 1410 210 1319 64 146 91 720 672 170 502 462 100 48 147 124 362 40
is_linear=0
shrinkage=0.04


Tree=133
num_leaves=29
num_cat=0
split_feature=9 7 6 9 6 7 7 10 0 8 9 6 7 0 6 7 9 6 6 6 6 9 5 9 5 6 9 6
split_gain=0.139 0.260915 0.149588 0.130223 0.269212 0.241545 0.200137 0.242408 0.248338 0.230675 0.222753 0.285451 0.179099 0.136718 0.126564 0.125463 0.18485 0.16152 0.0929991 0.0906641 0.0830386 0.0583921 0.0562505 0.0540646 0.0484569 0.0398986 0.0324937 0.0283362
threshold=1.2934277057647707 1.0880553722381594 1.1938115358352663 1.7657201886177065 1.3009541630744936 1.913390636444092 2.4639921188354497 3.9534420967102055 12.500000000000002 2.8572005033493046 2.484647393226624 2.4692188501358037 1.8825560808181765 21.500000000000004 1.8300815224647524 1.1131681799888613 0.93502363562583934 0.83281248807907116 0.91902649402618419 0.83281248807907116 1.5705001354217532 1.0388755798339846 23.47839450836182 1.1111089587211611 21.729759216308597 1.0880553722381594 1.1443502902984621 1.373118579387665
decision_type=2 2 2 2 2 2 2 2 2 2 2 2 2 2 2 2 2 2 2 2 2 2 2 2 2 2 2 2
left_child=2 20 15 4 5 25 7 9 -9 -5 13 -12 14 -8 -6 16 19 -18 -7 -1 -2 -19 23 -17 -22 -3 -4 -28
right_child=1 3 26 6 12 18 10 8 -10 -11 11 -13 -14 -15 -16 22 17 21 -20 -21 24 -23 -24 -25 -26 -27 27 -29
leaf_value=-0.00037735599334593178 0.0041057480915139121 0.0040658098018982189 -0.003568717905879021 0.0017373492079146139 -0.00065929222963232966 0.0012871953345496546 -0.0036333156679756941 0.0015927545059859366 0.0063294147214163913 -0.00070912162835617943 0.0029178081435913389 -2.6478627981627717e-05 -0.0052253116513399983 -0.00072380289231261166 -0.0038764481900259852 -0.0022725853196630674 0.0042908586822450164 -0.00049509100884325427 -0.001843343723983485 -0.0038816996703722644 0.0026784026407681051 0.0012366945752662352 -0.0034421568769030277 -2.1621507813075653e-05 -7.2690084576606756e-05 0.0017301680632401258 -0.0007520335641774265 -0.0028062404976004645
leaf_weight=27 30 22 25 109 90 22 40 77 23 142 55 1252 23 73 25 31 20 59 49 21 21 66 20 38 20 25 22 21
leaf_count=27 30 22 25 109 90 22 40 77 23 142 55 1252 23 73 25 31 20 59 49 21 21 66 20 38 20 25 22 21
internal_value=-1.65231e-12 0.00012311 -0.000737955 3.96247e-05 -0.000803645 0.000599123 0.00016152 0.00101679 0.00268219 0.00035329 -4.98888e-05 9.74202e-05 -0.00200311 -0.00175372 -0.00135867 -0.000331881 0.000241059 0.000953301 -0.000873318 -0.00191051 0.00250655 0.000419292 -0.00157432 -0.00103292 0.00133641 0.00282345 -0.00242197 -0.00175525
internal_weight=2448 2098 350 2027 256 118 1771 351 100 251 1420 1307 138 113 115 282 193 145 71 48 71 125 89 69 41 47 68 43
internal_count=2448 2098 350 2027 256 118 1771 351 100 251 1420 1307 138 113 115 282 193 145 71 48 71 125 89 69 41 47 68 43
is_linear=0
shrinkage=0.04


Tree=134
num_leaves=15
num_cat=0
split_feature=9 5 6 7 9 7 6 7 9 6 10 1 9 8
split_gain=0.135776 0.332004 0.253579 0.196637 0.241666 0.273134 0.26737 0.219813 0.19893 0.183986 0.123494 0.120686 0.126348 0.246367
threshold=4.3477458953857431 31.90604400634766 4.733356475830079 5.3890075683593759 3.8864065408706669 3.5502041578292851 3.5845829248428349 4.2076203823089608 1.7098777890205386 4.0270688533782968 5.5517389774322519 3.5000000000000004 4.6060028076171884 4.1459069252014169
decision_type=2 2 2 2 2 2 2 2 2 2 2 2 2 2
left_child=2 10 3 4 5 8 -6 -8 -1 -7 11 12 -2 -14
right_child=1 -3 -4 -5 6 9 7 -9 -10 -11 -12 -13 13 -15
leaf_value=-0.00048058771482075715 -0.0013329185447410533 0.005797577014725123 -0.0036172800522763283 -0.003558935061469674 0.0048072494494338196 -0.00080338017396542564 0.0016698946994997991 -0.0018514305711365665 0.000406212063669502 -0.0035485789779783733 0.003272182583986294 -0.0027337027986703271 0.0051528910716019932 -4.1629131204293419e-05
leaf_weight=640 38 21 32 25 31 259 104 39 1101 46 21 22 21 48
leaf_count=640 38 21 32 25 31 259 104 39 1101 46 21 22 21 48
internal_value=-1.11308e-12 0.00108705 -8.1636e-05 -3.12393e-05 8.48704e-06 -0.000113219 0.00143959 0.000709533 8.02202e-05 -0.00121741 0.000427573 -3.55027e-05 0.000519267 0.00153931
internal_weight=2448 171 2277 2245 2220 2046 174 143 1741 305 150 129 107 69
internal_count=2448 171 2277 2245 2220 2046 174 143 1741 305 150 129 107 69
is_linear=0
shrinkage=0.04


Tree=135
num_leaves=26
num_cat=0
split_feature=1 9 7 6 9 5 9 6 6 9 7 6 7 7 7 9 6 6 9 7 10 8 7 9 6
split_gain=0.129748 0.101569 0.179215 0.222768 0.362524 0.238161 0.198759 0.334775 0.208437 0.195596 0.127894 0.119817 0.112932 0.109435 0.0953861 0.135123 0.173958 0.12354 0.131979 0.200553 0.121062 0.120429 0.105622 0.129517 0.0877007
threshold=4.5000000000000009 4.9089767932891855 4.3640651702880868 3.9614409208297734 4.2166042327880868 30.125874519348148 3.2870032787323002 2.92451024055481 3.3086091279983525 4.4888713359832773 5.3890075683593759 3.5487585067749028 0.81783258914947521 3.1655212640762334 3.9420912265777592 2.8738032579422002 2.7721843719482426 2.8723449707031254 2.5667730569839482 2.5605835914611821 3.3824677467346196 3.3837542533874516 2.5328249931335454 3.5489804744720463 0.83281248807907116
decision_type=2 2 2 2 2 2 2 2 2 2 2 2 2 2 2 2 2 2 2 2 2 2 2 2 2
left_child=1 2 6 4 10 -5 8 -8 12 -7 -4 -9 -1 -10 15 17 -17 18 24 -20 -19 -16 -18 -24 -2
right_child=14 -3 3 5 -6 9 7 11 13 -11 -12 -13 -14 -15 21 16 22 20 19 -21 -22 -23 23 -25 -26
leaf_value=0.002231780520156271 0.00080706877595124139 0.0022903814721050571 9.3021976063027985e-05 -0.0061274281126402676 0.0051459870100952687 -0.0038277509796122711 0.0058342150900335546 0.0015557203366288117 -0.00078868268165164265 0.00032376753652225374 -0.0033846694538774698 0.00029135028677662529 2.4437844557502303e-07 -0.0040021262404819329 9.8039248869532635e-05 0.0038814356574869676 0.0026300436161134557 -0.00015915108223756152 0.0034689840406645091 -0.0004879360377641493 -0.0040926126844339798 -0.0039407892735605996 -0.001164354987485313 0.0016610049229820031 -0.0010291409924196395
leaf_weight=38 48 36 64 21 20 30 21 175 39 46 23 381 804 30 21 23 23 21 32 57 31 27 87 37 313
leaf_count=38 48 36 64 21 20 30 21 175 39 46 23 381 804 30 21 23 23 21 32 57 31 27 87 37 313
internal_value=3.12391e-12 0.000187975 0.000143242 -0.000968576 0.00028996 -0.00235686 0.000295669 0.000876558 -7.22484e-05 -0.00131499 -0.000826368 0.000689308 0.000100955 -0.00218583 -0.000451139 -0.000328092 0.000646602 -0.000658167 -0.000444859 0.000934777 -0.0025041 -0.0021738 0.000140471 -0.000321304 -0.000784991
internal_weight=2448 1728 1692 204 107 97 1488 577 911 76 87 556 842 69 720 672 170 502 450 89 52 48 147 124 361
internal_count=2448 1728 1692 204 107 97 1488 577 911 76 87 556 842 69 720 672 170 502 450 89 52 48 147 124 361
is_linear=0
shrinkage=0.04


Tree=136
num_leaves=24
num_cat=0
split_feature=9 7 9 6 6 9 8 8 7 7 7 9 6 9 6 7 8 8 10 9 6 7 6
split_gain=0.126928 0.173986 0.147728 0.256069 0.243287 0.2044 0.252264 0.190064 0.185881 0.182064 0.160012 0.243973 0.112155 0.152966 0.103023 0.0762533 0.0707078 0.0517687 0.0422114 0.0264101 0.0287735 0.0254407 0.0210259
threshold=1.0159738659858706 0.95012781023979198 1.8544327020645144 1.6187973618507387 1.8825560808181765 2.4651880264282231 1.153353273868561 3.3188233375549321 1.6457789540290835 2.2951536178588872 2.3557367324829106 1.4752550125122073 1.1131681799888613 1.2802823185920718 0.87829768657684337 0.96591278910636913 1.7234689593315127 1.0920732617378237 2.7521672248840336 0.94648861885070812 1.0016933679580691 1.2870912551879885 1.2870912551879885
decision_type=2 2 2 2 2 2 2 2 2 2 2 2 2 2 2 2 2 2 2 2 2 2 2
left_child=14 12 3 10 7 8 -7 9 -6 -4 11 -3 -2 22 15 -1 18 -12 -5 -16 -21 -18 -14
right_child=1 2 4 16 5 6 -8 -9 -10 -11 17 -13 13 -15 19 -17 21 -19 -20 20 -22 -23 -24
leaf_value=0.0011616851641413045 0.0034837365828247536 -0.00054581093604550313 0.0058145264243440967 -0.0042797723053503902 0.0013415125565712943 0.0046705690845847128 0.00014787432513637785 -0.0010356331379152836 -0.0019857744677574374 0.0013647553042298362 -0.0011731506733223796 0.0017894638795177362 9.5269072800874716e-05 0.0032175353448837996 -0.003598564182408154 -0.0017831315906854193 -0.00012936386501505263 -0.0039034789763391022 -0.0021923565287743844 -0.00073445495450869208 -0.0028307625541294161 -0.0020757898434319282 -0.0017388924546539782
leaf_weight=34 36 240 28 31 34 20 1475 20 128 31 25 102 20 24 20 24 21 20 31 20 22 22 20
leaf_count=34 36 240 28 31 34 20 1475 20 128 31 25 102 20 24 20 24 21 20 31 20 22 22 20
internal_value=2.89671e-12 6.53931e-05 -7.86709e-06 -0.00061969 0.00016553 6.21354e-05 0.000208379 0.0023342 -0.00128745 0.00347651 -0.000144361 0.000150675 0.00169763 0.000692943 -0.00126863 -5.68597e-05 -0.00237162 -0.00238663 -0.00323606 -0.00240221 -0.00183252 -0.00112521 -0.000821812
internal_weight=2448 2328 2228 492 1736 1657 1495 79 162 59 387 342 100 64 120 58 105 45 62 62 42 43 40
internal_count=2448 2328 2228 492 1736 1657 1495 79 162 59 387 342 100 64 120 58 105 45 62 62 42 43 40
is_linear=0
shrinkage=0.04


Tree=137
num_leaves=15
num_cat=0
split_feature=9 7 9 6 7 0 6 9 9 7 7 6 8 9
split_gain=0.124317 0.153276 0.160441 0.174374 0.21544 0.162755 0.137299 0.118844 0.114635 0.254547 0.242608 0.0844633 0.068834 0.0636634
threshold=0.88258481025695812 0.81783258914947521 1.4046354889869692 1.0514052510261538 2.3358467817306523 5.5000000000000009 1.1938115358352663 1.1340600252151491 1.8544327020645144 1.2870912551879885 1.4209519028663637 0.97470009326934826 0.98770177364349376 1.1111089587211611
decision_type=2 2 2 2 2 2 2 2 2 2 2 2 2 2
left_child=-1 11 5 4 -4 6 7 -3 9 -5 -10 -2 -8 -13
right_child=1 2 3 8 -6 -7 12 -9 10 -11 -12 13 -14 -15
leaf_value=-0.0031407220466062426 0.0040292565462489924 -0.00083869415877672231 0.0052755265294209775 0.00095037521690206049 -0.00032818396354005451 -0.0043210505824536087 -0.0037653082360823947 0.00097772795745392437 0.0035123869847944558 -0.0017893947318804507 9.9923968526225608e-05 -0.00050790113477927189 -0.0012687650453924797 0.0025382938397870885
leaf_weight=20 21 142 23 86 21 20 24 97 34 147 1702 23 67 21
leaf_count=20 21 142 23 86 21 20 24 97 34 147 1702 23 67 21
internal_value=2.84691e-12 2.58709e-05 -2.68398e-05 0.000110595 0.00260103 -0.000817288 -0.000604938 -0.000101485 5.49431e-05 -0.000778149 0.000166758 0.00194211 -0.00192719 0.000945965
internal_weight=2448 2428 2363 2013 44 350 330 239 1969 233 1736 65 91 44
internal_count=2448 2428 2363 2013 44 350 330 239 1969 233 1736 65 91 44
is_linear=0
shrinkage=0.04


Tree=138
num_leaves=19
num_cat=0
split_feature=9 0 7 7 8 6 10 7 9 7 6 6 6 9 9 1 9 9
split_gain=0.121866 0.299075 0.246474 0.231763 0.187677 0.18443 0.180085 0.180001 0.162106 0.215461 0.186619 0.130926 0.109159 0.159862 0.122641 0.0974817 0.0864755 0.0760226
threshold=4.1175255775451669 11.500000000000002 5.3116164207458505 4.510789394378663 3.3309057950973515 4.5444800853729257 4.4337503910064706 5.1990761756896982 3.6597926616668706 3.4184179306030278 3.4180608987808232 4.9887053966522226 0.91902649402618419 1.0249598622322085 0.91596850752830516 2.5000000000000004 4.4453029632568368 3.9100910425186162
decision_type=2 2 2 2 2 2 2 2 2 2 2 2 2 2 2 2 2 2
left_child=3 4 -3 5 -2 6 12 11 9 -8 -10 16 14 -14 -1 -13 -6 -5
right_child=1 2 -4 17 7 -7 8 -9 10 -11 -12 15 13 -15 -16 -17 -18 -19
leaf_value=-0.0013484729538040777 0.0031000822891706021 0.0054616089314222342 -0.00010483713308349251 -0.0046705790273845194 -7.0115197708623279e-05 -0.0030960373760711762 0.001106588452919088 -0.0034454459573428791 0.0055149572058802556 -0.001042764844881939 0.0012668237936211369 0.00027678984084299635 -0.0022781370657679366 -0.00018863078357504029 0.001491667016623624 -0.0026043497218479921 0.0026485366424532958 -0.0015268647752236576
leaf_weight=31 29 35 20 20 36 31 203 26 21 118 78 42 61 1479 113 34 39 32
leaf_count=31 29 35 20 20 36 31 203 26 21 118 78 42 61 1479 113 34 39 32
internal_value=-1.22774e-12 0.000816959 0.00343745 -9.74972e-05 0.000117315 -3.32343e-05 1.18926e-05 -0.000371387 0.000752899 0.000316484 0.00216794 0.000157921 -0.000172919 -0.000271397 0.000880248 -0.00101214 0.00134358 -0.00273599
internal_weight=2448 261 55 2187 206 2135 2104 177 420 321 99 151 1684 1540 144 76 75 52
internal_count=2448 261 55 2187 206 2135 2104 177 420 321 99 151 1684 1540 144 76 75 52
is_linear=0
shrinkage=0.04


Tree=139
num_leaves=30
num_cat=0
split_feature=9 6 6 9 8 7 9 7 6 7 7 5 9 7 7 6 9 7 6 9 5 0 6 9 9 8 9 7 9
split_gain=0.114548 0.240893 0.199024 0.259441 0.177854 0.235169 0.166885 0.217483 0.205239 0.228028 0.14745 0.164819 0.367466 0.238817 0.13592 0.165646 0.189795 0.166977 0.12338 0.175851 0.172792 0.116877 0.0920774 0.161861 0.0864377 0.0856025 0.072788 0.0696872 0.0740972
threshold=4.0005968809127816 4.0270688533782968 5.0389001369476327 4.6588540077209482 4.1459069252014169 4.4799442291259775 3.3387811183929448 3.4308335781097417 2.92451024055481 4.2712886333465585 3.451400995254517 29.951039314270023 4.3790042400360116 4.8505730628967294 4.0697689056396493 4.510789394378663 3.574022769927979 3.451400995254517 3.4446620941162114 1.7098777890205386 32.934274673461921 12.500000000000002 2.8813142776489262 2.3720655441284184 3.6692781448364262 3.5382871627807622 3.2157698869705205 4.5444800853729257 4.2166042327880868
decision_type=2 2 2 2 2 2 2 2 2 2 2 2 2 2 2 2 2 2 2 2 2 2 2 2 2 2 2 2 2
left_child=1 6 10 25 -5 -6 7 18 -8 21 -2 27 13 -13 15 16 -3 -18 19 -1 -20 -10 23 -9 -11 -4 -24 28 -12
right_child=2 14 3 4 5 -7 8 22 9 24 11 12 -14 -15 -16 -17 17 -19 20 -21 -22 -23 26 -25 -26 -27 -28 -29 -30
leaf_value=-0.00042474826739839956 0.004566334022563838 -0.0038196275811642412 -0.0013354543896149035 0.0034743117285856544 0.0024558962579993978 -0.0032859201194718481 0.0041162922283358595 -0.0039513316657394174 -0.00033319577702786777 -0.0036378043744227165 -0.0011443549520508559 0.0026265293086895291 0.00625732204169035 -0.0011815826231803821 -0.004263135837735953 -0.0043096741076026649 0.0029306769408767338 -0.00099686866333751484 -0.00016376717947423459 0.00048533369552759576 -0.0045148526747589525 0.0014611387988310834 -0.0044214177346573423 1.0443226760858066e-05 -0.00056037518661105419 -0.0048255242390388793 -0.0015915109416131269 -0.0024215665561634868 0.0018777583658695222
leaf_weight=640 21 20 23 26 21 25 27 21 80 23 27 57 25 49 27 21 29 43 40 724 23 212 26 77 40 22 33 21 25
leaf_count=640 21 20 23 26 21 25 27 21 80 23 27 57 25 49 27 21 29 43 40 724 23 212 26 77 40 22 33 21 25
internal_value=2.6631e-14 -0.000110264 0.000678992 -0.000659137 0.000829971 -0.000664656 3.89674e-06 -0.000177083 0.000754349 0.000498651 0.00137482 0.00104628 0.00189502 0.000866176 -0.0017134 -0.00110417 -0.000372481 0.000585059 -2.16185e-05 5.83158e-05 -0.00175226 0.00096954 -0.00159013 -0.000838509 -0.00168388 -0.00304171 -0.00283859 -0.000476802 0.000308584
internal_weight=2448 2106 342 117 72 46 1966 1584 382 355 225 204 131 106 140 113 92 72 1427 1364 63 292 157 98 63 45 59 73 52
internal_count=2448 2106 342 117 72 46 1966 1584 382 355 225 204 131 106 140 113 92 72 1427 1364 63 292 157 98 63 45 59 73 52
is_linear=0
shrinkage=0.04


Tree=140
num_leaves=14
num_cat=0
split_feature=9 6 9 7 0 9 9 6 9 9 7 9 9
split_gain=0.115855 0.142615 0.209697 0.22544 0.183943 0.214039 0.140757 0.125985 0.192067 0.11438 0.109519 0.0769182 0.0594318
threshold=4.9089767932891855 5.1504011154174814 4.0963866710662851 4.510789394378663 11.500000000000002 4.2166042327880868 4.6588540077209482 4.3413412570953378 3.5268166065216069 3.8774524927139287 4.9252789020538339 4.4453029632568368 3.9100910425186162
decision_type=2 2 2 2 2 2 2 2 2 2 2 2 2
left_child=1 2 3 7 10 -6 -3 8 -1 -9 11 -4 -5
right_child=-2 6 4 12 5 -7 -8 9 -10 -11 -12 -13 -14
leaf_value=-0.00013192321505961266 0.002252413826192626 -0.0038893664019803206 -5.9090465216374984e-05 -0.0044305905634537341 0.0013533746112042513 0.0062877039145678281 -0.00020238368356650748 -0.0031759160492373139 0.00094409678622294727 0.00012805682048201562 -0.0017688959983518412 0.0024389784424075564 -0.0016155875289502245
leaf_weight=1746 36 30 41 20 39 22 37 38 313 30 28 38 30
leaf_count=1746 36 30 41 20 39 22 37 38 313 30 28 38 30
internal_value=2.99524e-12 -3.36181e-05 1.8372e-05 -8.67056e-05 0.00138 0.00313297 -0.00185327 -2.42965e-05 3.16485e-05 -0.00171828 0.000380648 0.00114251 -0.00274159
internal_weight=2448 2412 2345 2177 168 61 67 2127 2059 68 107 79 50
internal_count=2448 2412 2345 2177 168 61 67 2127 2059 68 107 79 50
is_linear=0
shrinkage=0.04


Tree=141
num_leaves=16
num_cat=0
split_feature=9 7 9 6 7 0 9 6 7 0 6 6 9 6 6
split_gain=0.108165 0.153567 0.173291 0.184837 0.173392 0.15561 0.114138 0.233098 0.19783 0.0988379 0.119071 0.0966554 0.128657 0.0504438 0.0367695
threshold=0.88258481025695812 0.87829768657684337 1.4444525241851809 1.0514052510261538 2.3358467817306523 5.5000000000000009 1.8544327020645144 1.8825560808181765 1.2870912551879885 3.5000000000000004 1.1823763847351076 0.96591278910636913 1.2272161841392519 1.2870912551879885 1.0634869337081911
decision_type=2 2 2 2 2 2 2 2 2 2 2 2 2 2 2
left_child=-1 11 5 4 -4 9 8 -8 -5 10 -3 -2 14 -11 -13
right_child=1 2 3 6 -6 -7 7 -9 -10 13 -12 12 -14 -15 -16
leaf_value=-0.0029295907765626906 0.0036038234926484246 -0.0004717573386685182 0.0050625990987147977 0.00089279960644182189 -2.9884523130021988e-05 -0.0039858061614601566 0.0023013812167473236 5.0070131347353858e-05 -0.0016931670807010142 0.001599208585713513 -0.0024456015834584833 0.00097765620120547039 0.0034451703727245331 -0.00074123330475033629 -0.0011752905843313785
leaf_weight=20 27 181 23 71 20 24 77 1659 142 41 67 22 21 23 30
leaf_count=20 27 181 23 71 20 24 77 1659 142 41 67 22 21 23 30
internal_value=2.54647e-12 2.41317e-05 -4.17997e-05 9.99367e-05 0.002694 -0.000882094 4.27048e-05 0.000149927 -0.000831178 -0.000643347 -0.00100501 0.00155902 0.000802716 0.000758112 -0.000264428
internal_weight=2448 2428 2328 1992 43 336 1949 1736 213 312 248 100 73 64 52
internal_count=2448 2428 2328 1992 43 336 1949 1736 213 312 248 100 73 64 52
is_linear=0
shrinkage=0.04


Tree=142
num_leaves=15
num_cat=0
split_feature=9 6 9 7 0 9 7 9 6 9 7 9 6 9
split_gain=0.106574 0.13174 0.192639 0.208751 0.171167 0.268967 0.309182 0.129722 0.117145 0.192131 0.106962 0.105412 0.0878429 0.0585454
threshold=4.9089767932891855 5.1504011154174814 4.0963866710662851 4.4799442291259775 10.500000000000002 4.3477458953857431 5.1504011154174814 4.6588540077209482 4.3413412570953378 3.5268166065216069 4.5444800853729257 3.8774524927139287 3.379044890403748 4.4453029632568368
decision_type=2 2 2 2 2 2 2 2 2 2 2 2 2 2
left_child=1 2 3 8 10 6 -6 -3 9 -1 13 -10 -5 -4
right_child=-2 7 4 12 5 -7 -8 -9 11 -11 -12 -13 -14 -15
leaf_value=-0.00012584103644347589 0.0021603144448615946 -0.0037357944822870195 -0.00010510906920229134 -0.00078251791324604448 0.0035417061148971126 0.0066714909654110666 -0.0023342151834588984 -0.00019629110229780545 -0.0030508822065434958 0.00096226050280851362 -0.0023199575940485708 0.00012093173308918874 -0.003903308017479797 0.002330959222658917
leaf_weight=1746 36 30 38 27 38 20 23 37 38 305 22 30 31 27
leaf_count=1746 36 30 38 27 38 20 23 37 38 305 22 30 31 27
internal_value=1.71568e-12 -3.22435e-05 1.77251e-05 -8.29881e-05 0.0013228 0.00264602 0.00132619 -0.00178114 -1.81853e-05 3.59683e-05 9.08355e-05 -0.00165155 -0.00245053 0.000906796
internal_weight=2448 2412 2345 2177 168 81 61 67 2119 2051 87 68 58 65
internal_count=2448 2412 2345 2177 168 81 61 67 2119 2051 87 68 58 65
is_linear=0
shrinkage=0.04


Tree=143
num_leaves=31
num_cat=0
split_feature=1 7 9 6 9 6 9 6 7 6 9 6 7 5 7 9 6 9 8 9 6 0 6 9 6 8 9 6 5 9
split_gain=0.104942 0.101418 0.172854 0.219634 0.228784 0.244758 0.169738 0.252139 0.12875 0.0979783 0.135369 0.294253 0.16591 0.0972667 0.0971753 0.214345 0.190425 0.126667 0.153419 0.107388 0.134811 0.133375 0.0940847 0.0911247 0.121786 0.0807698 0.0799981 0.14369 0.13092 0.0743175
threshold=4.5000000000000009 3.4805793762207036 2.5090514421463017 2.7924308776855473 3.8774524927139287 4.2712886333465585 3.2870032787323002 3.3236540555953984 4.4353468418121347 3.1880532503128056 1.6970040798187258 1.7131631374359133 1.2113734483718874 33.723739624023445 2.9778354167938237 2.5667730569839482 2.544156670570374 3.6764580011367802 4.0313868522644052 2.8738032579422002 3.022894144058228 12.500000000000002 2.2699999809265141 2.9516854286193852 3.1409964561462407 2.5444964170455937 3.8121149539947514 4.3413412570953378 30.871697425842289 2.3603849411010747
decision_type=2 2 2 2 2 2 2 2 2 2 2 2 2 2 2 2 2 2 2 2 2 2 2 2 2 2 2 2 2 2
left_child=1 6 -3 -4 8 -6 9 -8 -5 10 12 -12 -1 -11 15 22 -17 18 23 20 -18 -21 29 25 -25 -16 27 -9 -28 -2
right_child=14 2 3 4 5 -7 7 26 -10 13 11 -13 -14 -15 17 16 19 -19 -20 21 -22 -23 -24 24 -26 -27 28 -29 -30 -31
leaf_value=0.00039904022705579211 -0.000625237755152126 -0.0035680789807035281 0.0029228496059982311 -0.0009622514515744327 0.0015455919018073857 -0.00059718517072223211 0.0043834967093749179 0.00080248466924284442 -0.0039644257543393624 0.00014226012071594596 0.0033790338238759432 0.00030346760123630041 -0.0012671997573190125 -0.0026837099333734886 -0.0009331022313347569 0.0041596573279597442 0.00057406709439549429 0.00091005099685610952 -0.0048736941947468684 -0.00028560751484650555 -0.0029113063710526775 0.0031696053293461986 -0.0023695332391504595 0.0012599310737389786 -0.0019219208489123145 -0.0040566914714872835 0.00056628354599759468 -0.0027105148704279036 0.0047172753578051925 0.0017394127162254375
leaf_weight=247 282 24 36 189 151 196 36 165 26 40 60 292 156 38 27 26 56 37 21 33 26 39 47 39 38 26 31 21 20 23
leaf_count=247 282 24 36 189 151 196 36 165 26 40 60 292 156 38 27 26 56 37 21 33 26 39 47 39 38 26 31 21 20 23
internal_value=9.38559e-13 0.000169053 -0.000239575 -0.00010599 -0.000300008 0.000335262 0.00039886 0.00126445 -0.00132531 0.000115179 0.000254615 0.000827712 -0.000245956 -0.00123449 -0.000405727 -0.000129482 0.000993302 -0.00118744 -0.0017014 0.000458723 -0.000531051 0.00158597 -0.000703632 -0.00118895 -0.000310334 -0.00246543 0.000790673 0.000405856 0.00219412 -0.00044692
internal_weight=2448 1728 622 598 562 347 1106 273 215 833 755 352 403 78 720 532 180 188 151 154 82 72 352 130 77 53 237 186 51 305
internal_count=2448 1728 622 598 562 347 1106 273 215 833 755 352 403 78 720 532 180 188 151 154 82 72 352 130 77 53 237 186 51 305
is_linear=0
shrinkage=0.04


Tree=144
num_leaves=18
num_cat=0
split_feature=9 8 6 7 7 6 9 9 10 0 6 10 10 10 10 7 10
split_gain=0.100567 0.284285 0.221451 0.191582 0.169239 0.347863 0.264741 0.262849 0.239968 0.192591 0.152915 0.174274 0.126215 0.125669 0.0944832 0.0533126 0.0484275
threshold=4.4888713359832773 3.4662580490112309 5.0389001369476327 4.9252789020538339 4.1929328441619882 4.0051825046539316 3.535895943641663 4.0747725963592538 5.503930091857911 11.500000000000002 4.510789394378663 4.4369280338287362 5.3988499641418466 5.2503056526184091 4.6637077331542978 3.6716138124465947 5.4585726261138925
decision_type=2 2 2 2 2 2 2 2 2 2 2 2 2 2 2 2 2
left_child=2 -2 4 13 7 6 -6 10 -8 15 11 -1 -5 -3 -7 -9 -15
right_child=1 3 -4 12 5 14 8 9 -10 -11 -12 -13 -14 16 -16 -17 -18
leaf_value=-0.0001341968723525267 0.0042850843041599028 0.0037671199651516003 -0.0042548360712826253 -0.0041642345081676132 -0.0030593633661536797 -0.0022553104962463734 0.001606040997094638 0.002375914393289184 -0.0032059884369373321 0.0056370139066976577 -0.0030463921414831509 0.00084162565731721946 0.00022625962086021901 -0.00099240664840460967 -0.0056336760313178483 -0.00047755440603941681 0.0016256746089711668
leaf_weight=1629 33 23 20 22 38 27 97 22 20 22 26 357 20 26 26 20 20
leaf_count=1629 33 23 20 22 38 27 97 22 20 22 26 357 20 26 26 20 20
internal_value=2.29638e-12 0.00102552 -6.40948e-05 5.64569e-05 -2.73983e-05 -0.00111519 -0.000158643 8.159e-05 0.000783472 0.00260521 1.31583e-06 4.12153e-05 -0.00207352 0.00135297 -0.00391262 0.00101712 0.00014589
internal_weight=2448 144 2304 111 2284 208 155 2076 117 64 2012 1986 42 69 53 42 46
internal_count=2448 144 2304 111 2284 208 155 2076 117 64 2012 1986 42 69 53 42 46
is_linear=0
shrinkage=0.04


Tree=145
num_leaves=15
num_cat=0
split_feature=9 7 6 9 6 7 7 6 9 8 6 10 6 6
split_gain=0.102253 0.123692 0.17155 0.143703 0.412956 0.223174 0.184077 0.155028 0.174046 0.139951 0.132993 0.130703 0.205789 0.11404
threshold=4.9089767932891855 5.1990761756896982 3.6566231250762944 3.8864065408706669 3.5845829248428349 3.5502041578292851 3.3618478775024419 4.0270688533782968 3.5268166065216069 3.6356586217880253 4.2712886333465585 4.3116347789764413 4.3413412570953378 0.91902649402618419
decision_type=2 2 2 2 2 2 2 2 2 2 2 2 2 2
left_child=1 3 -3 5 -5 11 -6 8 -7 -9 -8 13 -13 -1
right_child=-2 2 -4 4 6 7 10 9 -10 -11 -12 12 -14 -15
leaf_value=0.00097733990316265732 0.0021160709013929592 0.00013145625995000443 -0.0037871610151716706 0.0063980771787464624 0.0041338730267016215 -0.0015036441091100966 0.0013045413427765376 -0.0013331074515978494 0.00065758633050829807 -0.0057477917149662975 -0.00058873176162307656 0.00095730962771871874 -0.0027245727371281161 -0.00023617745568025767
leaf_weight=138 36 39 33 20 20 163 97 27 94 20 153 369 26 1213
leaf_count=138 36 39 33 20 20 163 97 27 94 20 153 369 26 1213
internal_value=-3.2406e-12 -3.15832e-05 -0.00166458 1.86628e-05 0.000852081 -9.92354e-05 0.000441267 -0.00109944 -0.000713155 -0.0032117 0.000145858 7.4913e-05 0.000714958 -0.000112221
internal_weight=2448 2412 72 2340 290 2050 270 304 257 47 250 1746 395 1351
internal_count=2448 2412 72 2340 290 2050 270 304 257 47 250 1746 395 1351
is_linear=0
shrinkage=0.04


Tree=146
num_leaves=18
num_cat=0
split_feature=9 7 9 6 7 0 9 7 8 5 6 9 8 6 9 6 9
split_gain=0.100301 0.153784 0.123041 0.173393 0.205676 0.150257 0.139824 0.352199 0.197935 0.115084 0.102679 0.0945722 0.0748929 0.0575024 0.0800021 0.0532065 0.0327409
threshold=0.93502363562583934 0.87829768657684337 1.4444525241851809 1.2811771631240847 2.5605835914611821 5.5000000000000009 2.2524088621139531 1.4849550724029543 1.1433509588241579 23.432059288024906 1.1938115358352663 1.1340600252151491 1.0728788375854494 1.1028512120246889 1.1684431433677676 0.83281248807907116 1.0052124857902529
decision_type=2 2 2 2 2 2 2 2 2 2 2 2 2 2 2 2 2
left_child=15 13 5 4 9 10 7 -5 -8 -4 11 -3 -12 16 -15 -1 -2
right_child=1 2 3 6 -6 -7 8 -9 -10 -11 12 -13 -14 14 -16 -17 -18
leaf_value=-0.00066278620077104406 0.00147882588673383 -0.00082558887081596853 0.0017852023810919491 0.00077722452262958595 -0.00089825685706830787 -0.003796847748744767 0.0033790282128999634 -0.0019443887017074634 9.8817776072468794e-05 0.0053361390557256526 -0.0031250444731929085 0.00091543360701659075 -0.00077276613396991571 -0.0011100993294357545 0.0024248084260616453 -0.0033065255828911349 0.0036501596570014954
leaf_weight=29 20 104 40 134 31 24 30 176 1558 23 33 96 63 21 20 21 25
leaf_count=29 20 104 40 134 31 24 30 176 1558 23 33 96 63 21 20 21 25
internal_value=2.19735e-12 3.69716e-05 -2.48083e-05 9.21476e-05 0.00176908 -0.000752858 9.09621e-06 -0.000767949 0.000160786 0.00308158 -0.000506048 1.01019e-05 -0.00158136 0.00169784 0.000614246 -0.00177316 0.00268512
internal_weight=2448 2398 2312 1992 94 320 1898 310 1588 63 296 200 96 86 41 50 45
internal_count=2448 2398 2312 1992 94 320 1898 310 1588 63 296 200 96 86 41 50 45
is_linear=0
shrinkage=0.04


Tree=147
num_leaves=19
num_cat=0
split_feature=9 7 9 6 9 7 7 7 9 9 6 9 6 7 9 7 9 6
split_gain=0.0938931 0.134135 0.148021 0.126066 0.215773 0.210048 0.193038 0.135965 0.243612 0.086956 0.0857011 0.112203 0.0714435 0.0472028 0.0365578 0.0365028 0.0316381 0.0310281
threshold=0.88258481025695812 0.87829768657684337 1.1771333217620852 1.2113734483718874 1.7809274196624758 1.4849550724029543 2.4639921188354497 1.8825560808181765 1.5969115495681765 1.2934277057647707 0.96591278910636913 1.2272161841392519 0.94205203652381908 1.0220018625259402 1.0388755798339846 1.1131681799888613 1.0249598622322085 1.0634869337081911
decision_type=2 2 2 2 2 2 2 2 2 2 2 2 2 2 2 2 2 2
left_child=-1 10 12 7 5 -5 -6 9 -9 -4 -2 17 13 -3 -15 16 -14 -12
right_child=1 2 3 4 6 -7 -8 8 -10 -11 11 -13 15 14 -16 -17 -18 -19
leaf_value=-0.0027294835522770882 0.0033824296305990883 0.0011206060977509388 0.00099074864209714266 -0.0003893608283279408 0.00095812853953132797 -0.0029739632074617679 -9.5323542859006603e-05 -0.0016284221381118354 0.0028055880435051456 0.0035511087799989963 0.0008892507647926157 0.0032125252618321349 -0.0027207042396600756 -0.002185938342220404 9.4828651408138484e-05 -0.0031920940686876961 -0.00085320232976029856 -0.0010884803590985636
leaf_weight=20 27 26 44 167 347 72 1406 55 31 41 22 21 21 22 23 26 47 30
leaf_count=20 27 26 44 167 347 72 1406 55 31 41 22 21 21 22 23 26 47 30
internal_value=-4.7585e-14 2.24834e-05 -3.91358e-05 4.89577e-05 -4.05135e-05 -0.00116799 0.000113203 0.00109122 -3.01161e-05 0.00222575 0.00145698 0.000744824 -0.00119396 -0.000236251 -0.00102021 -0.00191734 -0.00142993 -0.000251748
internal_weight=2448 2428 2328 2163 1992 239 1753 171 86 85 100 73 165 71 45 94 68 52
internal_count=2448 2428 2328 2163 1992 239 1753 171 86 85 100 73 165 71 45 94 68 52
is_linear=0
shrinkage=0.04


Tree=148
num_leaves=15
num_cat=0
split_feature=9 7 6 9 6 0 7 9 6 6 9 9 8 8
split_gain=0.0942236 0.114016 0.158592 0.133741 0.220345 0.206742 0.158174 0.155455 0.141782 0.130907 0.115515 0.0814437 0.144789 0.0850328
threshold=4.9089767932891855 5.1990761756896982 4.0051825046539316 4.0419676303863534 4.5444800853729257 11.500000000000002 4.1058359146118173 3.2157698869705205 4.0270688533782968 4.2712886333465585 4.0963866710662851 4.4888713359832773 4.742671251296998 5.0421721935272226
decision_type=2 2 2 2 2 2 2 2 2 2 2 2 2 2
left_child=1 3 10 4 6 11 7 -1 -8 -7 -3 13 -13 -5
right_child=-2 2 -4 5 -6 9 8 -9 -10 -11 -12 12 -14 -15
leaf_value=-0.00014881216271136748 0.0020312883221130403 -0.0021784383065200277 -0.0038841005180287979 -0.0016668950807518111 -0.0040613332326756794 0.0046255742877044457 -0.00076491594208164318 0.00067243507829071059 -0.0041759827943599745 0.0010057035719435062 0.0019691144380803135 0.0027941681262410173 -0.0005714779043960017 0.0014021467873826623
leaf_weight=1455 36 21 29 52 22 33 128 494 23 31 22 39 43 20
leaf_count=1455 36 21 29 52 22 33 128 494 23 31 22 39 43 20
internal_value=-2.23183e-12 -3.03177e-05 -0.00159813 1.79227e-05 -7.90033e-05 0.000961395 -3.72836e-05 5.93439e-05 -0.00128448 0.0028722 -5.64346e-05 0.000167295 0.00102926 -0.000814383
internal_weight=2448 2412 72 2340 2122 218 2100 1949 151 64 43 154 82 72
internal_count=2448 2412 72 2340 2122 218 2100 1949 151 64 43 154 82 72
is_linear=0
shrinkage=0.04


Tree=149
num_leaves=16
num_cat=0
split_feature=9 5 6 7 9 6 7 7 6 10 10 7 5 5 10
split_gain=0.0909919 0.297279 0.188046 0.155354 0.154659 0.222295 0.216276 0.160897 0.13305 0.121495 0.113358 0.119418 0.282548 0.357729 0.0991791
threshold=4.3477458953857431 31.90604400634766 4.8505730628967294 5.3890075683593759 3.8864065408706669 3.5845829248428349 3.5502041578292851 4.2076203823089608 4.0270688533782968 4.3116347789764413 5.5272202491760263 3.9787019491195683 30.125874519348148 29.163455963134769 5.2531108856201181
decision_type=2 2 2 2 2 2 2 2 2 2 2 2 2 2 2
left_child=2 10 3 4 6 -6 9 -7 -8 -1 11 14 13 -13 -2
right_child=1 -3 -4 -5 5 7 8 -9 -10 -11 -12 12 -14 -15 -16
leaf_value=-0.00010133649349782401 0.0034332039171741124 0.0053472764834406831 -0.0036653462631384966 -0.0031657753566280006 0.0042142350394879617 0.0012821606087015458 -0.00071867536214040057 -0.001715262751453198 -0.0030319634163157739 0.00069695580872733073 0.0026128485336623809 3.5386094418556798e-05 0.0013348406527000358 -0.0072792403302155443 -0.00050263448711484668
leaf_weight=1351 21 21 23 25 31 108 259 39 47 394 27 23 39 20 20
leaf_count=1351 21 21 23 25 31 108 259 39 47 394 27 23 39 20 20
internal_value=-3.53217e-12 0.000889896 -6.68301e-05 -3.01106e-05 5.0584e-06 0.00113606 -9.30981e-05 0.000486926 -0.00107398 7.89083e-05 0.000265862 -0.00024933 -0.00113064 -0.00336677 0.00151328
internal_weight=2448 171 2277 2254 2229 178 2051 147 306 1745 150 123 82 43 41
internal_count=2448 171 2277 2254 2229 178 2051 147 306 1745 150 123 82 43 41
is_linear=0
shrinkage=0.04


Tree=150
num_leaves=15
num_cat=0
split_feature=9 6 9 7 0 9 7 9 6 9 9 7 9 6
split_gain=0.0897833 0.115676 0.153702 0.187975 0.153648 0.24732 0.264795 0.115033 0.0990818 0.252313 0.132872 0.0918574 0.0518569 0.0494832
threshold=4.9089767932891855 5.1504011154174814 4.0963866710662851 4.510789394378663 10.500000000000002 4.3477458953857431 4.6529037952423105 4.6588540077209482 4.0270688533782968 3.6888254880905156 3.574022769927979 4.5444800853729257 4.4453029632568368 3.379044890403748
decision_type=2 2 2 2 2 2 2 2 2 2 2 2 2 2
left_child=1 2 3 8 11 6 -6 -3 9 -1 -10 12 -4 -5
right_child=-2 7 4 13 5 -7 -8 -9 10 -11 -12 -13 -14 -15
leaf_value=-4.6396197199345701e-05 0.0019828478857460948 -0.003509060479933396 -0.00018044078551036747 -0.0011336021858226995 0.0043335533067584038 0.0062967343665659425 -0.0010251402305180414 -0.00017596657620742918 -0.0036289054404944183 0.0019090463149560883 -0.00047761177597254915 -0.0022183485938744112 0.0021122537684385425 -0.0036584073536235981
leaf_weight=1841 36 30 38 23 25 20 36 37 25 112 149 22 27 27
leaf_count=1841 36 30 38 23 25 20 36 37 25 112 149 22 27 27
internal_value=-2.11978e-13 -2.95947e-05 1.72282e-05 -7.27326e-05 0.00118297 0.00243665 0.00117105 -0.0016684 -1.57447e-05 6.57439e-05 -0.000930384 1.57521e-05 0.000771909 -0.002497
internal_weight=2448 2412 2345 2177 168 81 61 67 2127 1953 174 87 65 50
internal_count=2448 2412 2345 2177 168 81 61 67 2127 1953 174 87 65 50
is_linear=0
shrinkage=0.04


Tree=151
num_leaves=20
num_cat=0
split_feature=9 6 7 9 7 9 7 6 9 7 9 9 5 6 6 7 9 7 6
split_gain=0.0882177 0.153178 0.158594 0.104205 0.0939231 0.188747 0.189874 0.186958 0.270055 0.121762 0.120971 0.108938 0.0810689 0.0773589 0.0664698 0.0631098 0.0191765 0.0248624 0.0157565
threshold=1.0159738659858706 0.91902649402618419 1.438445031642914 1.3656010031700136 0.95012781023979198 1.6970040798187258 1.2870912551879885 1.8825560808181765 2.3720655441284184 2.8728085756301884 1.3831536769866946 1.2802823185920718 22.033557891845707 0.87829768657684337 1.2673206329345705 0.96591278910636913 0.94648861885070812 0.91902649402618419 1.0880553722381594
decision_type=2 2 2 2 2 2 2 2 2 2 2 2 2 2 2 2 2 2 2
left_child=13 2 -2 -4 11 6 10 9 -9 -7 -6 14 -8 15 18 -1 -15 -18 -3
right_child=1 4 3 -5 5 7 12 8 -10 -11 -12 -13 -14 16 -16 -17 17 -19 -20
leaf_value=0.0011009760655681879 0.0040089397351708144 0.0020655268377158791 -0.0011316209696233274 0.0025422051327214359 -0.00089051351766102017 0.0020538472634200988 -0.00093369879790892204 -0.0016576916400713158 0.00014284138691903007 -0.001196443982930346 0.0011384936728165485 0.0032728785764554453 -0.0028735958750325218 -0.0030593584794551131 -0.0014634426507770762 -0.0015780519029067364 -0.00053376832278445368 -0.0024824004109673713 0.00049676316546364908
leaf_weight=34 31 20 30 21 126 114 60 146 1530 22 75 29 81 20 22 24 20 22 21
leaf_count=34 31 20 30 21 126 114 60 146 1530 22 75 29 81 20 22 24 20 22 21
internal_value=4.15158e-13 5.45169e-05 0.00175262 0.000381131 -7.4797e-06 -6.09377e-05 -0.00092281 0.000101734 -1.4007e-05 0.00152806 -0.000133421 0.00124413 -0.00204811 -0.00105763 0.000310267 -7.58723e-06 -0.00203992 -0.00155448 0.00126201
internal_weight=2448 2328 82 51 2246 2154 342 1812 1676 136 201 92 141 120 63 58 62 42 41
internal_count=2448 2328 82 51 2246 2154 342 1812 1676 136 201 92 141 120 63 58 62 42 41
is_linear=0
shrinkage=0.04


Tree=152
num_leaves=18
num_cat=0
split_feature=9 7 9 6 9 7 7 7 9 9 6 9 6 7 9 6 9
split_gain=0.084573 0.121448 0.127649 0.121197 0.189983 0.186274 0.181621 0.123208 0.220558 0.0790442 0.0760617 0.0978754 0.0673143 0.0589953 0.0314145 0.0269403 0.0244793
threshold=0.88258481025695812 0.87829768657684337 1.1771333217620852 1.2113734483718874 1.7809274196624758 1.373118579387665 2.4639921188354497 1.8825560808181765 1.5969115495681765 1.2934277057647707 0.96591278910636913 1.1771333217620852 1.1938115358352663 1.1131681799888613 0.99537107348442089 1.0634869337081911 1.0521996617317202
decision_type=2 2 2 2 2 2 2 2 2 2 2 2 2 2 2 2 2
left_child=-1 10 12 7 5 -5 -6 9 -9 -4 -2 15 13 14 -3 -12 -15
right_child=1 2 3 4 6 -7 -8 8 -10 -11 11 -13 -14 16 -16 -17 -18
leaf_value=-0.002590475257486105 0.0032002441455713576 -0.0010637618987695188 0.0009689697542291304 -0.00024867178920027339 0.00092058283084955189 -0.0025639621773866977 -0.00010124189372117602 -0.0015217820941893893 0.0026972070549644771 0.0034100731373651002 0.0007733635644295387 0.0028081979075795971 -0.0031695267840669578 -0.0029557827080134301 0.00045506265480071306 -0.0011219054107953397 -0.0011823062972645417
leaf_weight=20 27 37 44 151 347 88 1406 55 31 41 21 24 22 20 53 28 33
leaf_count=20 27 37 44 151 347 88 1406 55 31 41 21 24 22 20 53 28 33
internal_value=-6.37687e-13 2.13383e-05 -3.72943e-05 4.45128e-05 -4.32138e-05 -0.00110116 0.000101025 0.00106645 -9.8368e-07 0.00214644 0.00138631 0.000715398 -0.00110971 -0.000792816 -0.000169343 -0.000309647 -0.00185154
internal_weight=2448 2428 2328 2163 1992 239 1753 171 86 85 100 73 165 143 90 49 53
internal_count=2448 2428 2328 2163 1992 239 1753 171 86 85 100 73 165 143 90 49 53
is_linear=0
shrinkage=0.04


Tree=153
num_leaves=16
num_cat=0
split_feature=9 5 6 9 0 7 6 1 10 9 6 7 7 10 6
split_gain=0.0828492 0.300812 0.123433 0.13528 0.303295 0.157175 0.144054 0.128497 0.114767 0.111198 0.240328 0.16223 0.0805404 0.0499882 0.0492285
threshold=4.7583940029144296 30.27797889709473 5.0711979866027841 4.2166042327880868 11.500000000000002 4.4799442291259775 3.379044890403748 2.5000000000000004 5.4161131381988534 3.6334269046783452 3.4098361730575566 3.437649250030518 4.7900645732879648 5.2503056526184091 3.5845829248428349
decision_type=2 2 2 2 2 2 2 2 2 2 2 2 2 2 2
left_child=2 8 3 5 12 9 -7 -4 -2 11 -11 -1 13 -5 -8
right_child=1 -3 7 4 -6 6 14 -9 -10 10 -12 -13 -14 -15 -16
leaf_value=5.1753240397296481e-05 -0.0025163217303766443 0.0053406498829523721 -0.00025167507397580067 0.0025160119707950137 0.0056175627826120364 0.00027906299555016792 -0.0020424855280046662 -0.0039420038268256647 0.001670337963849306 0.0040024088084464893 0.00033911044461683228 -0.0010210560540183529 -0.0017873247408054091 -0.00024705763533711437 -0.0045676108502915929
leaf_weight=1583 22 21 36 22 22 34 30 26 20 32 274 263 22 20 21
leaf_count=1583 22 21 36 22 22 34 30 26 20 32 274 263 22 20 21
internal_value=1.36864e-12 0.00143177 -3.78203e-05 9.19117e-06 0.001566 -5.06595e-05 -0.00173772 -0.00179923 -0.000522674 1.59763e-05 0.0007222 -0.00010109 0.000173281 0.00120026 -0.00308224
internal_weight=2448 63 2385 2323 86 2237 85 62 42 2152 306 1846 64 42 51
internal_count=2448 63 2385 2323 86 2237 85 62 42 2152 306 1846 64 42 51
is_linear=0
shrinkage=0.04


Tree=154
num_leaves=18
num_cat=0
split_feature=9 6 9 0 7 0 9 7 6 9 7 9 6 6 7 7 5
split_gain=0.0807232 0.137094 0.116509 0.209441 0.204459 0.13406 0.259051 0.177774 0.133749 0.119152 0.0751404 0.1112 0.0508448 0.0410604 0.0403734 0.039836 0.0354836
threshold=0.93502363562583934 0.91902649402618419 1.6129649281501772 5.5000000000000009 1.3432050943374636 10.500000000000002 4.1948494911193857 2.2196817398071294 1.7131631374359133 1.1684431433677676 1.0220018625259402 1.3656010031700136 2.0138241052627568 0.83281248807907116 1.3096864819526675 1.9645610451698305 21.606534957885746
decision_type=2 2 2 2 2 2 2 2 2 2 2 2 2 2 2 2 2
left_child=13 10 3 8 12 7 -7 -6 9 -3 -2 14 -4 -1 -12 -5 -10
right_child=1 2 4 15 5 6 -8 -9 16 -11 11 -13 -14 -15 -16 -17 -18
leaf_value=-0.00061528548919435205 0.0030743023428705428 -0.00091643885587868487 0.0036162886618366164 -0.0019302529633045196 0.00027754234708305786 0.00010126682641696682 0.0023625384921197321 -0.0011930973769672813 -0.0010335645079612731 0.00061950559420988725 0.0010814150764296452 0.0031121317928899891 0.0010294305998831987 -0.0029377435750904536 -0.0010613612192409004 -0.004188352613709867 -0.003180251257228
leaf_weight=29 31 138 31 25 248 1187 87 280 22 195 24 23 20 21 34 25 28
leaf_count=29 31 138 31 25 248 1187 87 280 22 195 24 23 20 21 34 25 28
internal_value=-2.55289e-12 3.31676e-05 -3.3777e-05 -0.000624516 0.000104264 3.35781e-05 0.000255686 -0.000502342 -0.000306659 -1.70119e-05 0.00139955 0.000758601 0.00260183 -0.00159072 -0.000174695 -0.0030593 -0.00223571
internal_weight=2448 2398 2286 433 1853 1802 1274 528 383 333 112 81 51 50 58 50 50
internal_count=2448 2398 2286 433 1853 1802 1274 528 383 333 112 81 51 50 58 50 50
is_linear=0
shrinkage=0.04


Tree=155
num_leaves=15
num_cat=0
split_feature=9 7 6 9 6 0 7 10 6 9 9 9 8 8
split_gain=0.082381 0.109003 0.161317 0.111987 0.201224 0.166929 0.141046 0.189769 0.119015 0.118653 0.0984741 0.0715848 0.120372 0.0754256
threshold=4.9089767932891855 5.1990761756896982 4.0051825046539316 4.0419676303863534 4.5444800853729257 11.500000000000002 3.437649250030518 4.3116347789764413 4.2712886333465585 2.6853549480438237 4.0963866710662851 4.4888713359832773 5.0421721935272226 5.0421721935272226
decision_type=2 2 2 2 2 2 2 2 2 2 2 2 2 2
left_child=1 3 10 4 6 11 7 -1 -7 -8 -3 13 -13 -5
right_child=-2 2 -4 5 -6 8 9 -9 -10 -11 -12 12 -14 -15
leaf_value=-7.4586943291741532e-05 0.0018993508784721294 -0.0019656709492916155 -0.0038668380263422071 -0.0015546514308796481 -0.0038754958037117665 0.0042709902736047904 -0.0026854347464229378 0.00099501671354743624 0.00081944494778590825 -0.00045134020149814678 0.0018637592389925636 0.0022992264225761942 -0.00079923914585794723 0.0013358213300816715
leaf_weight=1323 36 21 29 52 22 33 42 332 31 403 22 47 35 20
leaf_count=1323 36 21 29 52 22 33 42 332 31 403 22 47 35 20
internal_value=-2.76403e-12 -2.83485e-05 -0.00156132 1.88197e-05 -6.98738e-05 0.000882157 -3.00054e-05 0.00013998 0.00259915 -0.000662199 -6.4276e-06 0.000168603 0.000976711 -0.000751742
internal_weight=2448 2412 72 2340 2122 218 2100 1655 64 445 43 154 82 72
internal_count=2448 2412 72 2340 2122 218 2100 1655 64 445 43 154 82 72
is_linear=0
shrinkage=0.04


Tree=156
num_leaves=17
num_cat=0
split_feature=9 8 6 7 6 7 6 9 0 7 6 9 7 10 7 8
split_gain=0.0759493 0.244061 0.173699 0.160742 0.194971 0.148659 0.28519 0.209357 0.147635 0.123484 0.115204 0.251045 0.121368 0.0699883 0.0529779 0.0401523
threshold=4.4888713359832773 3.4662580490112309 5.0389001369476327 4.4799442291259775 4.9887053966522226 4.6529037952423105 3.7086355686187749 4.0963866710662851 11.500000000000002 5.3890075683593759 4.0270688533782968 3.6888254880905156 4.0697689056396493 5.2785594463348398 3.6716138124465947 4.742671251296998
decision_type=2 2 2 2 2 2 2 2 2 2 2 2 2 2 2 2
left_child=2 -2 5 13 -5 7 9 10 14 -7 11 -1 -12 -3 -9 -6
right_child=1 3 -4 4 15 6 -8 8 -10 -11 12 -13 -14 -15 -16 -17
leaf_value=-5.6299639237812163e-05 0.0039113772519384369 0.0035231594741344453 -0.0037672081207856534 0.0014330220021880591 -0.0017490525506436824 0.0016510223640749853 -0.0051588766004603652 0.0022232981231063605 0.0046860031671822075 -0.0021984062440363536 -0.00050489301284375998 0.0018542858767104295 -0.0032014756745687035 0.00036114533431828025 -0.00068813883885741238 -0.00428368635289371
leaf_weight=1849 33 21 20 26 20 30 26 20 25 24 140 117 33 24 20 20
leaf_count=1849 33 21 20 26 20 30 26 20 25 24 140 117 33 24 20 20
internal_value=3.16516e-12 0.000891202 -5.57001e-05 -6.68801e-06 -0.00126358 -2.32e-05 -0.00171702 3.82817e-05 0.00227467 -5.98348e-05 -2.96776e-05 5.74026e-05 -0.00101927 0.00183675 0.00076758 -0.00301637
internal_weight=2448 144 2304 111 66 2284 80 2204 65 54 2139 1966 173 45 40 40
internal_count=2448 144 2304 111 66 2284 80 2204 65 54 2139 1966 173 45 40 40
is_linear=0
shrinkage=0.04


Tree=157
num_leaves=12
num_cat=0
split_feature=9 6 9 8 7 6 9 5 10 6 9
split_gain=0.0807317 0.105737 0.1271 0.192022 0.137728 0.277702 0.14626 0.160511 0.133016 0.106907 0.0977928
threshold=4.9089767932891855 5.1504011154174814 4.4888713359832773 4.742671251296998 4.5444800853729257 3.8724123239517216 4.1330351829528817 28.957678794860843 5.498105764389039 4.510789394378663 4.6588540077209482
decision_type=2 2 2 2 2 2 2 2 2 2 2
left_child=1 2 4 -4 6 8 9 -8 -6 -1 -3
right_child=-2 10 3 -5 5 -7 7 -9 -10 -11 -12
leaf_value=2.1241598575039871e-05 0.0018802419460068145 -0.0032920187370230752 0.004811581162185493 -4.2937048710882664e-05 0.0010149095503692615 -0.0049527261641600893 0.00010889185464073872 0.0045311636834715801 -0.0028798968601040542 -0.0021770713083808209 -0.00021882887615041959
leaf_weight=2108 36 30 22 32 47 27 29 24 20 36 37
leaf_count=2108 36 30 22 32 47 27 29 24 20 36 37
internal_value=-1.41893e-13 -2.80633e-05 1.6703e-05 0.00193483 -2.85082e-05 -0.00152788 3.56434e-05 0.00211143 -0.000147719 -1.56704e-05 -0.00159488
internal_weight=2448 2412 2345 54 2291 94 2197 53 67 2144 67
internal_count=2448 2412 2345 54 2291 94 2197 53 67 2144 67
is_linear=0
shrinkage=0.04


Tree=158
num_leaves=21
num_cat=0
split_feature=9 6 7 9 9 7 7 6 9 0 9 7 6 7 6 9 9 6 5 7
split_gain=0.0748093 0.134921 0.158718 0.108198 0.0991235 0.204403 0.189094 0.152214 0.133 0.131475 0.242222 0.173303 0.065561 0.0553491 0.0498804 0.0472011 0.0405501 0.0319776 0.0299817 0.0163951
threshold=1.0159738659858706 0.97470009326934826 1.3096864819526675 1.4444525241851809 1.6129649281501772 1.5886499881744387 1.3432050943374636 1.5426399111747744 1.2934277057647707 10.500000000000002 4.1948494911193857 2.3557367324829106 0.87829768657684337 0.96591278910636913 1.1265900731086733 1.8544327020645144 1.3656010031700136 0.88945534825325023 22.994632720947269 0.88945534825325023
decision_type=2 2 2 2 2 2 2 2 2 2 2 2 2 2 2 2 2 2 2 2
left_child=12 2 17 18 5 7 15 8 -3 11 -11 -8 13 -1 -7 -6 -9 -2 -4 -14
right_child=1 4 3 -5 6 14 9 16 -10 10 -12 -13 19 -15 -16 -17 -18 -19 -20 -21
leaf_value=0.0010308861584566972 0.0043802497606901898 -0.00044289546393825891 -1.2883402999829161e-05 0.0022238636332062574 0.0014831861015991309 -0.0014140202011913062 0.00021183368644320502 -0.0031082474100201027 0.00156771244869257 0.0001020812129222554 0.0022887305659509598 -0.0012377860782799243 -0.0012684705551487929 -0.0014780178557460507 -0.0039762259316029804 0.003955767961839835 -0.0011459221129882194 0.0022429096507645832 -0.0021258930533769585 -0.0025721089320321533
leaf_weight=34 21 141 22 26 30 20 269 23 84 1186 87 259 33 24 31 21 63 24 21 29
leaf_count=34 21 141 22 26 30 20 269 23 84 1186 87 259 33 24 31 21 63 24 21 29
internal_value=1.95326e-12 5.02032e-05 0.00139218 0.000186859 -1.88958e-05 -0.000624272 9.94337e-05 -0.000239367 0.000307731 3.14184e-05 0.000251522 -0.000499249 -0.000973942 -7.28102e-06 -0.00297144 0.00250131 -0.00167073 0.00324034 -0.00104482 -0.00187824
internal_weight=2448 2328 114 69 2214 362 1852 311 225 1801 1273 528 120 58 51 51 86 45 43 62
internal_count=2448 2328 114 69 2214 362 1852 311 225 1801 1273 528 120 58 51 51 86 45 43 62
is_linear=0
shrinkage=0.04


Tree=159
num_leaves=20
num_cat=0
split_feature=9 7 6 3 9 9 6 6 9 7 7 7 9 5 5 9 9 7 9
split_gain=0.0775475 0.105053 0.203906 0.251519 0.25082 0.130498 0.204451 0.161015 0.136316 0.218865 0.159753 0.133573 0.138675 0.110632 0.0921297 0.209982 0.130049 0.0797009 0.170639
threshold=4.9089767932891855 4.4799442291259775 4.0051825046539316 1.0000000180025095e-35 4.2166042327880868 3.5268166065216069 3.4446620941162114 3.1409964561462407 3.106815099716187 3.097609400749207 3.1763111352920537 2.5605835914611821 3.2770556211471562 31.967621803283695 31.763525962829593 3.9313151836395268 4.6316933631896982 5.3890075683593759 3.8433576822280888
decision_type=2 2 2 2 2 2 2 2 2 2 2 2 2 2 2 2 2 2 2
left_child=1 5 4 13 17 6 8 -7 10 -10 -1 -8 -13 -4 16 -16 -9 18 -3
right_child=-2 2 3 -5 -6 7 11 14 9 -11 -12 12 -14 -15 15 -17 -18 -19 -20
leaf_value=2.7598161959254726e-05 0.0018427886555178296 -0.0026613527517765764 0.00042353765270908717 -0.0055662669262124429 0.0043041397966444494 0.0039706877669827504 0.00066935802969199268 -0.00021886309974569716 0.0030728740372547979 0.00022874857423206169 -0.0013534757578807161 -0.0039554784119856072 -0.0011630751462452995 -0.0032114620358195335 0.00046759392810579305 0.0038744069440793749 0.0027976828766055404 -0.0027032059388559151 0.0021761979874489563
leaf_weight=1191 36 20 37 27 20 22 38 268 57 180 151 41 93 21 133 37 25 23 28
leaf_count=1191 36 20 37 27 20 22 38 268 57 180 151 41 93 21 133 37 25 23 28
internal_value=3.84782e-13 -2.75043e-05 -0.000968429 -0.00237716 0.000347424 4.65577e-05 -0.000114267 0.000627185 2.8387e-05 0.000912779 -0.000127798 -0.00142387 -0.00201747 -0.000892583 0.000468315 0.00120908 3.85214e-05 -0.000767144 0.000160552
internal_weight=2448 2412 176 85 91 2236 1751 485 1579 237 1342 172 134 58 463 170 293 71 48
internal_count=2448 2412 176 85 91 2236 1751 485 1579 237 1342 172 134 58 463 170 293 71 48
is_linear=0
shrinkage=0.04


Tree=160
num_leaves=18
num_cat=0
split_feature=9 7 9 6 7 9 7 8 6 7 9 5 6 9 6 7 10
split_gain=0.0734119 0.114467 0.111342 0.137793 0.143048 0.125733 0.279393 0.203758 0.0869709 0.0798846 0.124086 0.0671758 0.060902 0.0864685 0.0256939 0.0195255 0.00885331
threshold=0.88258481025695812 0.87829768657684337 1.3656010031700136 1.2811771631240847 2.7194209098815922 2.2524088621139531 2.4639921188354497 1.1433509588241579 1.2113734483718874 1.5426399111747744 1.1340600252151491 23.47839450836182 0.96591278910636913 1.2272161841392519 1.0634869337081911 1.1265900731086733 2.1046516895294194
decision_type=2 2 2 2 2 2 2 2 2 2 2 2 2 2 2 2 2
left_child=-1 12 8 4 11 6 -5 -7 9 10 -3 -4 -2 14 -14 16 -10
right_child=1 2 3 5 -6 7 -8 -9 15 -11 -12 -13 13 -15 -16 -17 -18
leaf_value=-0.0024134976267814637 0.0029681732988467925 -0.0008374525645886325 0.0012725253721529786 -0.00022776706879746846 -0.0013904292954374914 0.0034017791089912259 -0.0034415382862675427 7.366861738407278e-05 -0.00095512585670110733 -0.0021250081517630156 0.0012980745565908045 0.003514197905148779 0.00090814191297712652 0.0029110015613869546 -0.00089157582912594089 -0.0029652972511636719 -0.0021310521345585583
leaf_weight=20 27 121 55 286 23 30 51 1558 21 36 68 35 22 21 30 24 20
leaf_count=20 27 121 55 286 23 30 51 1558 21 36 68 35 22 21 30 24 20
internal_value=-1.58264e-12 1.98805e-05 -3.70419e-05 6.73087e-05 0.00142483 -1.23796e-05 -0.000714124 0.000136542 -0.000770375 -0.000398058 -6.91148e-05 0.00214429 0.00134504 0.000744697 -0.000130157 -0.00205917 -0.00152875
internal_weight=2448 2428 2328 2038 113 1925 337 1588 290 225 189 90 100 73 52 65 41
internal_count=2448 2428 2328 2038 113 1925 337 1588 290 225 189 90 100 73 52 65 41
is_linear=0
shrinkage=0.04


Tree=161
num_leaves=16
num_cat=0
split_feature=9 5 6 9 7 6 7 0 1 10 6 9 9 5 9
split_gain=0.0716638 0.273001 0.118303 0.113417 0.153951 0.124339 0.198738 0.118337 0.106824 0.0991053 0.0901571 0.282173 0.10867 0.068432 0.0477462
threshold=4.7583940029144296 30.27797889709473 5.0711979866027841 4.0963866710662851 4.510789394378663 3.5329617261886601 4.597210407257081 10.500000000000002 2.5000000000000004 5.3988499641418466 3.7834835052490239 3.7223321199417119 3.5100485086441044 31.726272583007816 3.9100910425186162
decision_type=2 2 2 2 2 2 2 2 2 2 2 2 2 2 2
left_child=2 9 3 4 10 -5 7 -7 -4 -2 11 -1 -12 -8 -6
right_child=1 -3 8 5 14 6 13 -9 -10 -11 12 -13 -14 -15 -16
leaf_value=1.4312081137552809e-06 -0.0024733379430004528 0.0050554175187079676 -0.00034856922394182116 0.0040153723489493136 -0.003769828861579299 0.00085576541264052112 -0.0032394314752891662 0.0042382640095994526 -0.0037133139347693385 0.0014127602108887263 -0.0023004384832111774 0.0028845951478329618 -0.00029142214934136106 -0.00012723512177427229 -0.0012467039736608664
leaf_weight=1802 21 21 36 20 20 59 20 23 26 21 54 56 213 26 30
leaf_count=1802 21 21 36 20 20 59 20 23 26 21 54 56 213 26 30
internal_value=-4.09258e-12 0.00133161 -3.51747e-05 1.08493e-05 -6.20588e-05 0.0010823 0.000624012 0.00180452 -0.00175959 -0.000530289 -1.04378e-05 8.83296e-05 -0.00069774 -0.00148036 -0.00225595
internal_weight=2448 63 2385 2323 2175 148 128 82 62 42 2125 1858 267 46 50
internal_count=2448 63 2385 2323 2175 148 128 82 62 42 2125 1858 267 46 50
is_linear=0
shrinkage=0.04


Tree=162
num_leaves=27
num_cat=0
split_feature=7 9 9 6 0 5 9 9 7 5 9 9 6 6 9 8 8 10 5 9 6 7 1 1 0 8
split_gain=0.0728814 0.190125 0.143665 0.177425 0.178458 0.148373 0.273381 0.135352 0.119789 0.262623 0.209493 0.11814 0.197594 0.158463 0.147535 0.145506 0.125836 0.101032 0.0988722 0.104617 0.0889028 0.0871894 0.0814488 0.0780656 0.0632209 0.0276562
threshold=3.3618478775024419 3.8615075349807744 2.7901194095611577 2.7924308776855473 16.500000000000004 29.951039314270023 4.8127872943878183 3.6334269046783452 4.4799442291259775 29.163455963134769 4.6316933631896982 3.123183131217957 3.3605015277862553 3.0954934358596806 2.8854740858078007 2.5605835914611821 3.0063819885253911 4.4289290904998788 33.107318878173835 3.3283879756927495 2.4692188501358037 2.4073688983917241 2.5000000000000004 4.5000000000000009 12.500000000000002 1.1433509588241579
decision_type=2 2 2 2 2 2 2 2 2 2 2 2 2 2 2 2 2 2 2 2 2 2 2 2 2 2
left_child=1 11 17 4 -4 8 7 -7 10 -10 -5 13 16 14 20 -15 -13 25 24 -20 -1 -17 -18 -16 -14 -2
right_child=2 -3 3 5 -6 6 -8 -9 9 -11 -12 12 18 15 23 21 22 -19 19 -21 -22 -23 -24 -25 -26 -27
leaf_value=0.00011169157453384857 -0.0020953374751843511 0.0039395877044825327 -0.00028098507542853005 -0.0012245161495442877 0.0042767496666471869 -0.0010986040460570536 0.0039818693828527572 0.0003286360367424429 -9.5734372735023499e-05 -0.0061461977897719899 0.0028630774743531062 0.0050789801506325605 1.7121020222015412e-05 0.0012887557666926158 0.00077160507558801325 -0.00031420508133513591 0.00021063827384167758 0.00023488016147166492 -0.0034696310457019582 -0.00013360428254840509 -0.00088699582541483415 -0.0033680149464635177 0.0027081267664002045 0.003789493749306227 0.0017383824383583049 -0.0041093484094987314
leaf_weight=944 20 21 27 157 28 161 27 313 24 22 23 20 83 21 32 21 39 20 21 53 168 52 45 24 58 24
leaf_count=944 20 21 27 157 28 161 27 313 24 22 23 20 83 21 32 21 39 20 21 53 168 52 45 24 58 24
internal_value=-2.66648e-12 0.000158605 -0.000300337 -0.000151217 0.00203932 -0.000316938 6.68629e-05 -0.000156144 -0.00116775 -0.00298943 -0.000702213 0.000108383 0.000796126 -6.54599e-05 6.16959e-05 -0.00164544 0.0022275 -0.0021224 0.000103739 -0.00108031 -3.91893e-05 -0.00248952 0.00154858 0.00206499 0.000725158 -0.00319389
internal_weight=2448 1602 846 782 55 727 501 474 226 46 180 1581 319 1262 1168 94 104 64 215 74 1112 73 84 56 141 44
internal_count=2448 1602 846 782 55 727 501 474 226 46 180 1581 319 1262 1168 94 104 64 215 74 1112 73 84 56 141 44
is_linear=0
shrinkage=0.04


Tree=163
num_leaves=24
num_cat=0
split_feature=8 9 7 10 5 9 6 7 6 9 9 6 6 8 7 9 7 5 6 10 9 7 7
split_gain=0.0721732 0.252753 0.134609 0.253592 0.154119 0.114157 0.15887 0.163052 0.153882 0.139791 0.110181 0.302943 0.194847 0.181123 0.165087 0.145238 0.123617 0.100363 0.0721235 0.070563 0.0554021 0.0417288 0.0365836
threshold=3.4861652851104741 4.5154795646667489 4.9252789020538339 5.347323179244996 32.012569427490241 4.0005968809127816 4.0270688533782968 3.7396003007888798 5.1504011154174814 3.6888254880905156 2.0687307119369511 1.8825560808181765 2.4281167984008794 0.94205203652381908 2.3358467817306523 1.7098777890205386 3.5874339342117314 31.111630439758304 2.985156893730164 3.3649431467056279 4.4453029632568368 3.6716138124465947 3.3618478775024419
decision_type=2 2 2 2 2 2 2 2 2 2 2 2 2 2 2 2 2 2 2 2 2 2 2
left_child=1 10 5 -4 -5 6 9 22 17 18 12 -12 14 -13 15 -1 -15 20 -2 -16 -7 -11 -8
right_child=2 -3 3 4 -6 8 7 -9 -10 21 11 13 -14 16 19 -17 -18 -19 -20 -21 -22 -23 -24
leaf_value=-0.00018971836151252149 0.00010770367025289425 0.0035557324696770488 -0.0054477718974585126 0.002312827385030687 -0.0025934792043907301 -4.2482736106548048e-05 0.00012375439679169136 -0.0053358604423701765 -0.0016505650601216727 0.00059624320632147216 0.0046318439967357192 0.0038328018877655267 -0.0040718306299476394 0.00050389014536385713 -0.0038420890378100532 0.0015176552641914104 -0.00051799230111230696 0.0032056954223662615 -0.0010146506274432627 -0.0011699538496031893 0.0018467159407985648 0.0027265587536385283 -0.002215397149324417
leaf_weight=597 172 34 23 20 21 63 23 20 35 31 26 22 21 557 21 92 287 34 196 64 41 28 20
leaf_count=597 172 34 23 20 21 63 23 20 35 31 26 22 21 557 21 92 287 34 196 64 41 28 20
internal_value=1.78285e-12 0.000141162 -0.000334169 -0.00208602 -0.000200159 -0.000165061 -0.000476935 -0.00235204 0.000718282 -0.000200279 7.23448e-05 0.000377525 -0.000270072 0.000249798 -0.000166923 3.82619e-05 0.000156402 0.00131908 -0.000490072 -0.00183013 0.000702298 0.00160724 -0.000964223
internal_weight=2448 1721 727 64 41 663 490 63 173 427 1687 892 795 866 774 689 844 138 368 85 104 59 43
internal_count=2448 1721 727 64 41 663 490 63 173 427 1687 892 795 866 774 689 844 138 368 85 104 59 43
is_linear=0
shrinkage=0.04


Tree=164
num_leaves=23
num_cat=0
split_feature=9 6 9 7 8 9 7 10 9 9 6 7 6 7 9 7 5 6 6 8 6 1
split_gain=0.0698127 0.121239 0.0951958 0.224759 0.177461 0.170881 0.16427 0.201162 0.148057 0.127466 0.184539 0.126392 0.0981271 0.0699107 0.124893 0.0888784 0.0632294 0.06037 0.059011 0.0374968 0.0346823 0.0321919
threshold=0.93502363562583934 0.91902649402618419 1.6970040798187258 1.2870912551879885 2.7291122674942021 2.3720655441284184 3.4308335781097417 3.4567512273788457 2.3720655441284184 1.3831536769866946 1.5426399111747744 2.5328249931335454 1.2870912551879885 2.165951251983643 1.2272161841392519 1.0220018625259402 22.033557891845707 1.2811771631240847 1.9809696674346926 0.88945534825325023 0.83281248807907116 4.5000000000000009
decision_type=2 2 2 2 2 2 2 2 2 2 2 2 2 2 2 2 2 2 2 2 2 2
left_child=20 13 3 9 6 18 7 -4 -8 12 -11 -7 -3 14 15 -2 17 -5 -6 -18 -1 -17
right_child=1 2 4 16 5 11 8 -9 -10 10 -12 -13 -14 -15 -16 21 19 -19 -20 -21 -22 -23
leaf_value=-0.00058283918280282922 0.0027162977873251355 5.9980609563781936e-05 0.00038107106742421982 0.00029538740112911911 -0.0012911593946270073 0.00080716507515729704 -0.0035482003804063423 0.0022922000485036203 0.00012005036709462704 0.0033403707058168946 -0.0002888151528952899 -0.00025155979303974617 -0.0017379128407029546 -0.00082759857922792433 0.0045780661776661877 0.00097107102839453596 -0.0041077025975100696 -0.0022478809380637749 -0.0041811983734369278 -0.0021118897256502483 -0.0027173092677479698 -0.0012184356955351012
leaf_weight=29 29 170 206 32 26 219 20 154 147 40 51 1024 68 20 20 21 20 28 20 61 21 22
leaf_count=29 29 170 206 32 26 219 20 154 147 40 51 1024 68 20 20 21 20 28 20 61 21 22
internal_value=3.99987e-12 3.08448e-05 -3.21098e-05 -0.000539497 9.92074e-05 -0.000153625 0.000717615 0.00119861 -0.000319261 3.31425e-05 0.00130643 -6.50266e-05 -0.000453703 0.00131579 0.00178175 0.00100499 -0.00187566 -0.000891471 -0.0025477 -0.00260468 -0.00147932 -0.000149142
internal_weight=2448 2398 2286 470 1816 1289 527 360 167 329 91 1243 238 112 92 72 141 60 46 81 50 43
internal_count=2448 2398 2286 470 1816 1289 527 360 167 329 91 1243 238 112 92 72 141 60 46 81 50 43
is_linear=0
shrinkage=0.04


Tree=165
num_leaves=13
num_cat=0
split_feature=9 6 9 8 7 6 9 9 6 6 9 10
split_gain=0.0675517 0.103453 0.1113 0.169188 0.118734 0.18155 0.188838 0.118379 0.28485 0.197129 0.08221 0.0708286
threshold=4.9089767932891855 5.1504011154174814 4.4888713359832773 4.742671251296998 4.2344374656677255 4.0051825046539316 3.6445567607879643 3.0486778020858769 2.9766131639480595 2.7062610387802128 4.6588540077209482 4.6637077331542978
decision_type=2 2 2 2 2 2 2 2 2 2 2 2
left_child=1 2 4 -4 7 6 -6 9 -9 -1 -3 -7
right_child=-2 10 3 -5 5 11 -8 8 -10 -11 -12 -13
leaf_value=4.44630014641624e-05 0.0017199265837876331 -0.0031315272987509769 0.0045138517182997688 -4.2900717817246912e-05 -0.0023275738939022026 -0.0014809692394919694 0.00073990999149715464 0.0026837518477880557 0.00019193807014297428 -0.0012948589816546897 -0.00031380498929679194 -0.0045929139198735355
leaf_weight=1108 36 30 22 32 48 22 97 82 700 209 37 25
leaf_count=1108 36 30 22 32 48 22 97 82 700 209 37 25
internal_value=-6.70054e-13 -2.56705e-05 1.86095e-05 0.00181355 -2.36982e-05 -0.000975815 -0.000275533 6.33939e-05 0.000453228 -0.000168079 -0.00157547 -0.00313626
internal_weight=2448 2412 2345 54 2291 192 145 2099 782 1317 67 47
internal_count=2448 2412 2345 54 2291 192 145 2099 782 1317 67 47
is_linear=0
shrinkage=0.04


Tree=166
num_leaves=24
num_cat=0
split_feature=8 9 7 10 5 9 6 7 9 5 6 5 9 6 6 8 7 9 9 9 10 7 1
split_gain=0.0674156 0.231657 0.124099 0.231951 0.140325 0.105995 0.150124 0.170776 0.154121 0.144736 0.142262 0.106317 0.0994102 0.276323 0.180033 0.166927 0.154017 0.117731 0.0988138 0.0909354 0.0513136 0.0337115 0.0159598
threshold=3.4861652851104741 4.5154795646667489 4.9252789020538339 5.347323179244996 32.012569427490241 4.0005968809127816 3.7834835052490239 2.6857511997222905 3.6888254880905156 29.345311164855961 5.2478926181793222 31.111630439758304 2.0687307119369511 1.8825560808181765 2.4281167984008794 0.94205203652381908 2.7194209098815922 2.4651880264282231 1.4659104347229006 4.6316933631896982 3.2448806762695317 3.6716138124465947 3.5000000000000004
decision_type=2 2 2 2 2 2 2 2 2 2 2 2 2 2 2 2 2 2 2 2 2 2 2
left_child=1 12 5 -4 -5 6 8 -8 20 -9 11 19 14 -14 16 -15 18 -17 -1 -7 -2 -10 -18
right_child=2 -3 3 4 -6 10 7 9 21 -11 -12 -13 13 15 -16 17 22 -19 -20 -21 -22 -23 -24
leaf_value=-0.00037359534528965516 -0.00170478237234056 0.0034053963220760449 -0.0052201492857673892 0.0021964615443721414 -0.0024851444416812488 -6.9235422114810252e-05 0.0010819888408654013 -0.0055982253495603799 0.0011047897399403155 -0.0017070070468605712 -0.0023145083896815776 0.0030973268749521061 0.0044235394465235566 0.0036781743287362836 -0.0039090750468451351 -0.0013213354085654587 -0.0017314267312620014 0.00030059513696195449 0.00059111741065645399 0.0025444016791880131 -0.00017928800760456096 0.0034272546771098862 -0.0032909057147446131
leaf_weight=464 40 34 23 20 21 89 26 20 20 65 22 34 26 22 21 79 21 765 268 28 299 20 21
leaf_count=464 40 34 23 20 21 89 26 20 20 65 22 34 26 22 21 79 21 765 268 28 299 20 21
internal_value=-6.34744e-13 0.00013643 -0.000322967 -0.00200503 -0.000201434 -0.000160595 -0.000461114 -0.00175485 -8.22098e-05 -0.00262259 0.000690585 0.00112841 7.05473e-05 0.000360428 -0.000254702 0.000238441 -0.000155553 0.000148779 -2.03945e-05 0.00055625 -0.000359287 0.00226602 -0.00251117
internal_weight=2448 1721 727 64 41 663 490 111 379 85 173 151 1687 892 795 866 774 844 732 117 339 40 42
internal_count=2448 1721 727 64 41 663 490 111 379 85 173 151 1687 892 795 866 774 844 732 117 339 40 42
is_linear=0
shrinkage=0.04


Tree=167
num_leaves=16
num_cat=0
split_feature=7 9 6 9 6 6 7 7 7 9 9 7 6 7 6
split_gain=0.0669993 0.102859 0.103889 0.102556 0.223115 0.161326 0.161234 0.129388 0.101265 0.0725333 0.0565278 0.0426098 0.0413424 0.0270203 0.0268678
threshold=0.81783258914947521 1.0159738659858706 0.91902649402618419 1.9235156774520876 1.5886499881744387 1.7344411015510561 2.3358467817306523 1.4209519028663637 1.438445031642914 1.3656010031700136 0.98658007383346569 1.5225923061370852 1.2373305559158327 1.0220018625259402 0.86842894554138195
decision_type=2 2 2 2 2 2 2 2 2 2 2 2 2 2 2
left_child=10 13 8 5 -5 6 -4 -6 -3 -10 -1 -7 -12 14 -2
right_child=1 2 3 4 7 11 -8 -9 9 -11 12 -13 -14 -15 -16
leaf_value=-0.00012401050742482766 0.00017649652394042772 0.0033702278493105303 0.00010788104348837584 0.0043107045276556165 0.0030402919974016106 -0.001286766646541099 -0.0024832634348422289 1.9366817573490595e-05 -0.00088577723642811182 0.0021793146466925033 0.0031595585532486438 -0.0029239499245815705 0.00071961845597252243 -0.0024112881989828473 -0.0016512758278798673
leaf_weight=32 22 28 361 20 23 67 43 1655 30 21 25 41 20 29 31
leaf_count=32 22 28 361 20 23 67 43 1655 30 21 25 41 20 29 31
internal_value=-4.72801e-12 -3.77111e-05 1.21542e-05 -3.87953e-05 0.000110832 -0.000535021 -0.000167909 6.0774e-05 0.00143745 0.000376319 0.00116121 -0.00190829 0.00207514 -0.00142968 -0.000892578
internal_weight=2448 2371 2289 2210 1698 512 404 1678 79 51 77 108 45 82 53
internal_count=2448 2371 2289 2210 1698 512 404 1678 79 51 77 108 45 82 53
is_linear=0
shrinkage=0.04


Tree=168
num_leaves=29
num_cat=0
split_feature=7 9 9 0 9 6 10 10 6 7 9 0 5 7 7 10 9 6 5 6 9 0 8 0 7 5 7 6
split_gain=0.0660236 0.172697 0.131801 0.183534 0.234167 0.225685 0.219457 0.21876 0.176198 0.17256 0.181626 0.152751 0.123671 0.12 0.11781 0.107022 0.132289 0.49218 0.105387 0.0937762 0.110731 0.101177 0.0873329 0.0698701 0.068807 0.045915 0.0372544 0.032055
threshold=3.3618478775024419 3.8257502317428593 2.9516854286193852 10.500000000000002 4.1948494911193857 4.3640651702880868 5.503930091857911 5.4491910934448251 2.7924308776855473 3.9787019491195683 4.6316933631896982 21.500000000000004 25.521457672119144 4.2344374656677255 3.4924545288085942 3.977919459342957 1.7403523921966555 2.2699999809265141 34.992689132690437 0.97470009326934826 0.89884403347969066 1.5000000000000002 0.87829768657684337 16.500000000000004 0.91902649402618419 22.677475929260257 1.0391688942909243 1.1506544351577761
decision_type=2 2 2 2 2 2 2 2 2 2 2 2 2 2 2 2 2 2 2 2 2 2 2 2 2 2 2 2
left_child=1 15 11 6 8 -6 9 -7 23 14 -11 -2 -13 -10 -4 19 25 -18 -19 20 -1 26 -23 -5 -22 -17 -21 -27
right_child=2 -3 3 4 5 7 -8 -9 13 10 -12 12 -14 -15 -16 16 17 18 -20 21 24 22 -24 -25 -26 27 -28 -29
leaf_value=-0.0015893844294327278 -0.0046530913290652358 0.0035185478099932273 -0.0033964777532964948 0.00077731448063707873 0.005630107785850256 0.0027184437867254019 0.0026513764299452305 -0.0020899885008111596 8.0803512373677224e-05 -0.0065812804847664667 -0.0019127597158585558 -0.0030214521118129296 0.0006462317766425641 -0.0013163794249601163 9.0152534447016496e-05 0.00053860872385225124 0.00543366650385516 0.00074533240096524161 -0.0011996964744041461 -0.00066539305237096706 0.0028710964856849563 -0.00263346959582784 -7.9630568811669378e-05 0.0039685476908371568 0.00073317903801108954 -0.00062762410612776881 -0.0023703299683478216 -0.002481803776553044
leaf_weight=27 22 24 20 23 22 41 20 24 320 20 40 24 38 142 69 28 35 312 52 37 31 22 819 21 108 35 46 26
leaf_count=27 22 24 20 23 22 41 20 24 320 20 40 24 38 142 69 28 35 312 52 37 31 22 819 21 108 35 46 26
internal_value=-2.60603e-13 0.000150959 -0.000285858 -0.000120091 0.000211312 0.00212826 -0.00128294 0.000943023 -0.000118283 -0.00181104 -0.00346893 -0.0017896 -0.000773517 -0.000348634 -0.00069336 9.97405e-05 0.00059206 0.000903102 0.000467471 -0.000120674 0.000754662 -0.000277931 -0.000146437 0.0023004 0.00120998 -0.00080239 -0.0016103 -0.00141793
internal_weight=2448 1602 846 762 593 87 169 65 506 149 60 84 62 462 89 1578 488 399 364 1090 166 924 841 44 139 89 83 61
internal_count=2448 1602 846 762 593 87 169 65 506 149 60 84 62 462 89 1578 488 399 364 1090 166 924 841 44 139 89 83 61
is_linear=0
shrinkage=0.04


Tree=169
num_leaves=16
num_cat=0
split_feature=9 6 9 7 9 9 7 6 6 7 1 7 5 8 9
split_gain=0.0631888 0.0988693 0.167233 0.142385 0.19509 0.0963317 0.176854 0.155818 0.132748 0.114943 0.0873722 0.0864198 0.165406 0.0852298 0.0238939
threshold=4.9089767932891855 4.256803274154664 4.5154795646667489 4.510789394378663 4.3477458953857431 3.3967702388763432 4.0554144382476816 3.0507018566131596 3.3236540555953984 4.3116347789764413 2.5000000000000004 3.1419755220413212 29.575120925903324 4.9384388923645028 4.6316933631896982
decision_type=2 2 2 2 2 2 2 2 2 2 2 2 2 2 2
left_child=1 2 5 4 11 6 8 -7 -1 -9 14 -3 -13 -6 -5
right_child=-2 3 -4 10 13 7 -8 9 -10 -11 -12 12 -14 -15 -16
leaf_value=6.1522131028767641e-05 0.0016634575234881291 0.0012959636605921246 0.0037035414346028119 -0.0021448855056660251 0.0032760850391511261 0.0031267894215553124 -0.0030189777797821797 0.00068415894004893575 -0.0011462425089004324 -0.00075790340838543439 -0.0041121689140520713 -0.0044387596504141882 -0.00067836372778915313 0.00015310787216380793 -0.00018963177478872238
leaf_weight=1439 36 21 20 20 29 34 33 353 162 118 27 24 85 27 20
leaf_count=1439 36 21 20 20 29 34 33 353 162 118 27 24 85 27 20
internal_value=-9.43735e-13 -2.48277e-05 6.28393e-05 -0.000772942 -0.000203417 2.87981e-05 -0.000120433 0.000511656 -6.06877e-05 0.000322878 -0.00235401 -0.00105366 -0.00150634 0.00177036 -0.00116726
internal_weight=2448 2412 2159 253 186 2139 1634 505 1601 471 67 130 109 56 40
internal_count=2448 2412 2159 253 186 2139 1634 505 1601 471 67 130 109 56 40
is_linear=0
shrinkage=0.04


Tree=170
num_leaves=25
num_cat=0
split_feature=8 9 7 9 6 7 10 7 5 9 6 6 7 8 9 7 9 1 7 10 9 6 7 9
split_gain=0.065194 0.211457 0.110009 0.115976 0.133113 0.0926454 0.0899485 0.148076 0.100542 0.0886293 0.24612 0.16315 0.155856 0.291553 0.137483 0.136045 0.125037 0.0737287 0.115639 0.0664922 0.0627831 0.109002 0.0773787 0.0482586
threshold=3.4861652851104741 4.5154795646667489 4.4353468418121347 4.0513405799865732 4.4353468418121347 4.0941960811614999 5.347323179244996 4.9887053966522226 32.012569427490241 2.0687307119369511 1.8825560808181765 2.4281167984008794 3.1881361007690434 1.4672257304191592 3.3283879756927495 2.3358467817306523 1.7098777890205386 2.5000000000000004 3.6893774271011357 3.3649431467056279 3.6764580011367802 3.7834835052490239 3.1419755220413212 4.2166042327880868
decision_type=2 2 2 2 2 2 2 2 2 2 2 2 2 2 2 2 2 2 2 2 2 2 2 2
left_child=1 9 3 4 20 17 7 -4 -8 11 -11 15 13 -12 -14 16 -1 18 -5 -17 22 -22 -2 -19
right_child=2 -3 6 5 -6 -7 8 -9 -10 10 12 -13 14 -15 -16 19 -18 23 -20 -21 21 -23 -24 -25
leaf_value=-0.00016676956303519086 -0.00010661575229410153 0.0032573539100806503 -0.0010047774159465917 0.0029697378396028374 -0.0035782860955223439 0.0034148823833536537 0.0010409509390768962 -0.0053922428563237187 -0.0023616354881475367 0.004179559527681424 0.0053413322906602509 -0.0037147033977366628 -0.001005582897957468 0.00058372752566557078 0.00032375888166021586 -0.003604405199488004 0.0014174223444222108 0.00076519634131164778 -0.00088485210668295619 -0.001010494244237634 0.0021956112219153772 -0.00047055465733569307 -0.0013550377871765623 -0.0018129049671384003
leaf_weight=597 262 34 32 33 20 21 33 20 24 26 22 21 208 326 310 21 92 21 20 64 42 59 114 26
leaf_count=597 262 34 32 33 20 21 33 20 24 26 22 21 208 326 310 21 92 21 20 64 42 59 114 26
internal_value=1.88572e-12 0.000134164 -0.000317601 -0.000110955 -0.000381329 0.00099959 -0.00148923 -0.00269226 -0.000391717 7.12185e-05 0.000344929 -0.000235889 0.000229802 0.000884496 -0.000210031 -0.000141502 4.47626e-05 0.000492379 0.00151518 -0.00165134 -0.000247284 0.000638148 -0.000485127 -0.000660987
internal_weight=2448 1721 727 618 497 121 109 52 57 1687 892 795 866 348 518 774 689 100 53 85 477 101 376 47
internal_count=2448 1721 727 618 497 121 109 52 57 1687 892 795 866 348 518 774 689 100 53 85 477 101 376 47
is_linear=0
shrinkage=0.04


Tree=171
num_leaves=30
num_cat=0
split_feature=0 7 9 6 9 10 7 9 7 7 9 6 10 9 7 6 9 9 7 6 9 7 6 6 6 9 6 6 9
split_gain=0.0622891 0.2502 0.20085 0.206985 0.218035 0.180439 0.172287 0.194118 0.162953 0.140604 0.159024 0.143903 0.185425 0.184891 0.184844 0.121348 0.159038 0.0981062 0.142777 0.107348 0.103807 0.123977 0.0936054 0.0893618 0.0886882 0.0858931 0.0377789 0.0374715 0.04259
threshold=10.500000000000002 2.2196817398071294 4.1948494911193857 4.597210407257081 4.6871483325958261 5.503930091857911 4.9252789020538339 3.6764580011367802 2.9778354167938237 3.5874339342117314 3.8864065408706669 4.2344374656677255 4.5056128501892099 3.5268166065216069 4.6529037952423105 4.2712886333465585 3.2770556211471562 1.2934277057647707 1.0016933679580691 1.0634869337081911 0.98658007383346569 1.2373305559158327 1.0514052510261538 5.1504011154174814 2.8903758525848393 1.9814210534095766 0.86842894554138195 1.4567362666130068 1.1340600252151491
decision_type=2 2 2 2 2 2 2 2 2 2 2 2 2 2 2 2 2 2 2 2 2 2 2 2 2 2 2 2 2
left_child=1 17 9 -4 -5 6 7 8 -3 10 15 13 -13 24 -15 16 -2 19 -19 20 26 -22 -20 -9 -11 -24 -1 28 -21
right_child=2 5 3 4 -6 -7 -8 23 -10 11 -12 12 -14 14 -16 -17 -18 18 22 27 21 -23 25 -25 -26 -27 -28 -29 -30
leaf_value=-0.00014728530116068819 1.1092579724816703e-05 -0.0017035812292113361 0.0047327554014821851 -0.001333417902367988 0.0037483488505875525 0.0024349084869027138 -0.0047375854237664801 0.00022710218705963029 -0.0056477861230572069 -0.000381628552014813 0.0037878309979680037 -0.0006345814266516005 -0.0054151110643787049 0.0013302055141289851 -0.0014246778485054771 -0.0024812826783279888 0.0013017312119937624 0.002816710200829384 0.0027806207537651065 -0.001808546248225952 0.0018561018417294689 -0.00089448855783885869 -0.00032053231291709485 -0.0024504226725548506 -0.0023040537092983617 0.00082454374031734894 -0.0018614489714511569 -0.0028091615846469286 -0.00026991561734157301
leaf_weight=48 583 83 30 35 22 20 24 118 21 81 21 34 21 140 54 25 207 39 23 53 80 39 249 24 73 181 36 21 63
leaf_count=48 583 83 30 35 22 20 24 118 21 81 21 34 21 140 54 25 207 39 23 53 80 39 249 24 73 181 36 21 63
internal_value=-7.60364e-14 -0.000219349 0.000185603 0.00204341 0.000627966 -0.00123109 -0.00150265 -0.00118704 -0.00250001 5.51517e-05 0.000351002 -0.000558573 -0.00245987 -0.000258079 0.000563382 0.000262446 0.000349273 0.000133302 0.000494382 -0.000389202 0.000194686 0.000954648 0.000294446 -0.000225437 -0.00129291 0.000161465 -0.000881927 -0.00125438 -0.000972911
internal_weight=2448 1122 1326 87 57 290 270 246 104 1239 836 403 55 348 194 815 790 832 492 340 203 119 453 142 154 430 84 137 116
internal_count=2448 1122 1326 87 57 290 270 246 104 1239 836 403 55 348 194 815 790 832 492 340 203 119 453 142 154 430 84 137 116
is_linear=0
shrinkage=0.04


Tree=172
num_leaves=15
num_cat=0
split_feature=6 9 8 5 6 10 7 6 9 9 0 10 9 10
split_gain=0.0614278 0.115635 0.33409 0.131148 0.124737 0.112258 0.0952472 0.206314 0.180369 0.128909 0.119726 0.0932496 0.0700949 0.0409077
threshold=5.4389898777008066 4.5154795646667489 3.4662580490112309 29.406331062316898 4.9252789020538339 5.3692250251770028 4.1929328441619882 4.0051825046539316 3.6445567607879643 4.0747725963592538 11.500000000000002 5.2785594463348398 3.0486778020858769 4.6637077331542978
decision_type=2 2 2 2 2 2 2 2 2 2 2 2 2 2
left_child=1 4 -3 11 6 -5 9 8 -8 12 -11 -4 -1 -9
right_child=-2 2 3 5 -6 -7 7 13 -10 10 -12 -13 -14 -15
leaf_value=-0.00015355751524817612 -0.0018973714623738219 0.0055719647362686532 0.0037314552571624518 -0.0035928420699201523 -0.002795214833190235 0.00042775243967771529 -0.002001352753275289 -0.00185101635236707 0.0008885755826655811 0.00056603836105205126 0.0042397798580879513 9.8494751235613453e-05 0.00034342570616756996 -0.0040529062740366764
leaf_weight=1317 27 23 20 20 26 25 52 27 103 40 22 26 693 27
leaf_count=1317 27 23 20 20 26 25 52 27 103 40 22 26 693 27
internal_value=4.49219e-13 2.11603e-05 0.00126476 0.00017612 -4.02918e-05 -0.00135918 -8.88975e-06 -0.000822741 -8.09488e-05 7.32024e-05 0.00186962 0.00167804 1.77904e-05 -0.00295196
internal_weight=2448 2421 114 91 2307 45 2281 209 155 2072 62 46 2010 54
internal_count=2448 2421 114 91 2307 45 2281 209 155 2072 62 46 2010 54
is_linear=0
shrinkage=0.04


Tree=173
num_leaves=31
num_cat=0
split_feature=6 9 9 7 9 0 9 7 7 6 9 0 7 8 9 5 7 10 9 6 7 5 6 5 6 5 6 7 5 8
split_gain=0.0636867 0.222508 0.184619 0.139196 0.165629 0.133484 0.145278 0.144316 0.1266 0.133071 0.122372 0.149449 0.112311 0.0957482 0.0922066 0.210043 0.146791 0.0887934 0.195825 0.340826 0.101557 0.150037 0.0846864 0.0802874 0.0737334 0.0664615 0.0633628 0.056673 0.0512231 0.0393289
threshold=3.4446620941162114 3.106815099716187 3.0054669380187993 2.5605835914611821 3.2770556211471562 15.500000000000002 3.7988417148590092 2.9656934738159184 3.1763111352920537 2.8813142776489262 2.7735133171081547 18.500000000000004 3.5009776353836064 2.8129218816757207 4.7583940029144296 30.27797889709473 4.3640651702880868 4.0068614482879648 1.7403523921966555 2.2699999809265141 2.1300843954086308 25.336037635803226 0.91902649402618419 33.702899932861335 3.165413618087769 26.607927322387699 3.379044890403748 1.2673206329345705 25.521457672119144 3.3745673894882207
decision_type=2 2 2 2 2 2 2 2 2 2 2 2 2 2 2 2 2 2 2 2 2 2 2 2 2 2 2 2 2 2
left_child=1 8 -2 25 -5 6 12 -7 17 10 28 -12 26 -9 16 -16 -6 20 27 -20 22 -22 -1 -15 -14 -4 -3 -19 -10 -8
right_child=2 5 3 4 14 7 29 13 9 -11 11 -13 24 23 15 -17 -18 18 19 -21 21 -23 -24 -25 -26 -27 -28 -29 -30 -31
leaf_value=0.0011080774001107274 -0.0040991921843960884 0.0013661172183697674 0.00067183580425590641 -0.0035021226688359791 -5.9397696603740559e-05 0.0051493213695939632 0.0037085472597655927 0.0035515675348816098 -0.0032171342504166422 -0.0032402006703379912 -0.0010420817659663347 0.0035785075028737386 0.00019013234821613879 0.0019570040613155256 -0.0004255120194561425 0.0044739704437199088 -0.0015868995302141858 0.00056561461170062872 0.0051924848512691617 0.00052567787636316531 -0.0023851386823652075 -0.00018402616037680518 -7.6827778941240992e-05 -0.00046505167563559442 -0.002226824089280537 0.0034390274861029221 -0.0010645109863782472 -0.0015617678607540094 -0.00084090358954160775 0.0012577104698866606
leaf_weight=114 20 78 41 26 446 20 22 27 21 38 24 21 36 47 42 21 130 33 34 95 71 164 629 41 46 21 22 51 47 20
leaf_count=114 20 78 41 26 446 20 22 27 21 38 24 21 36 47 42 21 130 33 34 95 71 164 629 41 46 21 22 51 47 20
internal_value=2.04761e-12 0.000135203 -0.000307872 -0.000203572 -0.000372574 0.00101973 0.000420942 0.00201327 -0.000101417 -0.00119252 -0.000503926 0.00111419 -6.84134e-05 0.00146786 -0.000245237 0.00120765 -0.000404146 3.69186e-05 0.000776991 0.00175569 -0.000124263 -0.000849043 0.000104975 0.000828546 -0.00116572 0.00160911 0.000831379 -0.00072601 -0.00157474 0.00254148
internal_weight=2448 1701 747 727 665 359 224 135 1342 151 113 45 182 115 639 63 576 1191 213 129 978 235 743 88 82 62 100 84 68 42
internal_count=2448 1701 747 727 665 359 224 135 1342 151 113 45 182 115 639 63 576 1191 213 129 978 235 743 88 82 62 100 84 68 42
is_linear=0
shrinkage=0.04


Tree=174
num_leaves=21
num_cat=0
split_feature=8 9 7 9 6 9 5 6 9 6 6 8 9 7 9 9 6 5 10 8
split_gain=0.0633106 0.170676 0.0880592 0.105276 0.138491 0.115449 0.126836 0.0935365 0.0799588 0.230435 0.157263 0.150251 0.114767 0.107155 0.117662 0.0769318 0.143947 0.138478 0.0528251 0.038156
threshold=3.4861652851104741 4.5154795646667489 4.4353468418121347 4.6316933631896982 4.9252789020538339 4.0005968809127816 31.111630439758304 3.7834835052490239 2.0687307119369511 1.8825560808181765 2.1300843954086308 0.94205203652381908 2.2524088621139531 2.7194209098815922 1.4203924536705019 5.0051729679107675 4.0051825046539316 30.668858528137211 5.3883838653564462 1.3062036633491518
decision_type=2 2 2 2 2 2 2 2 2 2 2 2 2 2 2 2 2 2 2 2
left_child=1 8 3 4 5 7 -7 -2 10 -10 13 -11 -13 14 -1 16 18 -18 -4 -12
right_child=2 -3 15 -5 -6 6 -8 -9 9 11 19 12 -14 -15 -16 -17 17 -19 -20 -21
leaf_value=-0.00036617715685297882 -6.4915861483196409e-05 0.0029381262319272058 0.0010490529527041046 0.0022247210922169275 -0.0032866249589816382 0.00025451852156529352 0.0036218207389116285 -0.0014073271379549336 0.0040460694409333742 0.0034876349991695452 -0.0011086562038822609 -0.0024266467705644943 0.00022397002399998062 -0.0021378844339204461 0.0006949114847478033 0.00063865781528875236 -0.0058997649992150927 -0.0012490690350532533 -0.001722888264127753 -0.0033177590151799137
leaf_weight=434 371 34 22 29 23 63 25 107 26 22 22 27 817 38 272 24 21 20 22 29
leaf_count=434 371 34 22 29 23 63 25 107 26 22 22 27 817 38 272 24 21 20 22 29
internal_value=-1.99936e-12 0.000132212 -0.00031298 -0.000128096 -0.000243939 -0.000120296 0.00121114 -0.000365414 7.56608e-05 0.000335639 -0.000216038 0.00022424 0.000139175 -6.87427e-05 4.26275e-05 -0.00136122 -0.00192589 -0.00363113 -0.000336918 -0.00236481
internal_weight=2448 1721 727 618 589 566 88 478 1687 892 795 866 844 744 706 109 85 41 44 51
internal_count=2448 1721 727 618 589 566 88 478 1687 892 795 866 844 744 706 109 85 41 44 51
is_linear=0
shrinkage=0.04


Tree=175
num_leaves=18
num_cat=0
split_feature=7 9 6 7 9 7 8 9 6 6 9 6 9 6 7 6 9
split_gain=0.0618805 0.0930182 0.100773 0.0891017 0.0697274 0.192886 0.165615 0.156037 0.134626 0.123267 0.0629822 0.0627212 0.0486749 0.0344929 0.0322075 0.0340319 0.0650182
threshold=0.81783258914947521 1.0645889639854433 0.91902649402618419 2.165951251983643 1.6970040798187258 1.2870912551879885 2.7291122674942021 2.3720655441284184 1.8825560808181765 1.6187973618507387 1.2272161841392519 1.4209519028663637 0.98658007383346569 1.2373305559158327 1.1131681799888613 0.97470009326934826 0.91596850752830516
decision_type=2 2 2 2 2 2 2 2 2 2 2 2 2 2 2 2 2
left_child=12 14 3 10 5 9 8 -8 -6 -4 -3 -7 -1 -14 15 16 -2
right_child=1 2 4 -5 6 11 7 -9 -10 -11 -12 -13 13 -15 -16 -17 -18
leaf_value=-7.6641668742922773e-05 -0.0020026923092082145 0.0012394766057669013 0.00067134034001075911 -0.00068797609023749833 0.001925710587048852 -0.0011063091674116143 -0.0024559015712989291 -8.3512788509132604e-05 0.00034687945104429693 -0.001520677268997116 0.0042010393533855675 -0.0029088640049018937 0.0029545659855008126 0.00072589524515205995 -0.0024529996091344707 -0.0017788902949541809 0.00085627959908119269
leaf_weight=32 20 27 182 20 109 94 46 1243 417 53 20 46 25 20 24 35 35
leaf_count=32 20 27 182 20 109 94 46 1243 417 53 20 46 25 20 24 35 35
internal_value=3.84247e-13 -3.62419e-05 2.00654e-05 0.00154817 -2.66847e-05 -0.000523234 7.59082e-05 -0.000168175 0.000674052 0.00017697 0.00249972 -0.00169858 0.00111597 0.00196405 -0.00115103 -0.000803836 -0.000183347
internal_weight=2448 2371 2257 67 2190 375 1815 1289 526 235 47 140 77 45 114 90 55
internal_count=2448 2371 2257 67 2190 375 1815 1289 526 235 47 140 77 45 114 90 55
is_linear=0
shrinkage=0.04


Tree=176
num_leaves=13
num_cat=0
split_feature=6 9 6 9 9 7 7 9 9 6 6 5
split_gain=0.0587772 0.107529 0.0654467 0.206903 0.168705 0.158092 0.138137 0.148445 0.0983485 0.202302 0.166528 0.061385
threshold=5.4389898777008066 5.0051729679107675 3.4446620941162114 3.7150000333786015 3.0054669380187993 5.1504011154174814 2.5605835914611821 3.2770556211471562 2.6853549480438237 2.7924308776855473 2.291662454605103 26.607927322387699
decision_type=2 2 2 2 2 2 2 2 2 2 2 2
left_child=1 2 3 8 -4 -5 11 -8 10 -10 -1 -6
right_child=-2 -3 4 5 6 -7 7 -9 9 -11 -12 -13
leaf_value=5.0541940650545807e-05 -0.0018559839190156371 0.0027426880816726579 -0.0039525113467825581 0.0044253021923284378 0.00067388007258314909 0.00023865396398361081 -0.0033641605992586567 -0.00027574620347494555 0.0016327934470936965 -2.60236752908364e-05 -0.0012585195907640228 0.0033332898858047665
leaf_weight=899 27 23 20 31 41 27 26 589 169 387 188 21
leaf_count=899 27 23 20 31 41 27 26 589 169 387 188 21
internal_value=-3.64707e-12 2.06987e-05 -5.40879e-06 0.000128357 -0.000331858 0.00247635 -0.000224896 -0.000406313 4.54695e-05 0.000478185 -0.000175864 0.00157465
internal_weight=2448 2421 2398 1701 697 58 677 615 1643 556 1087 62
internal_count=2448 2421 2398 1701 697 58 677 615 1643 556 1087 62
is_linear=0
shrinkage=0.04


Tree=177
num_leaves=28
num_cat=0
split_feature=8 9 6 9 6 7 7 5 9 6 7 9 4 6 7 7 6 9 5 10 9 9 0 6 6 9 7
split_gain=0.0579621 0.160548 0.0841195 0.109046 0.111894 0.130417 0.0975139 0.0845918 0.0740738 0.288939 0.150412 0.126366 0.466856 0.145888 0.109503 0.100825 0.0887485 0.0882636 0.08364 0.0714129 0.0701089 0.0606918 0.0648926 0.061789 0.0439643 0.0407768 0.0274108
threshold=3.4861652851104741 4.5154795646667489 5.1504011154174814 4.0005968809127816 4.0270688533782968 3.7396003007888798 4.9887053966522226 31.111630439758304 3.2157698869705205 3.2643345594406132 3.1763111352920537 2.0687307119369511 6.0000000000000009 1.6187973618507387 4.2344374656677255 3.2905595302581792 3.1491291522979741 2.6853549480438237 28.195938110351566 5.3641767501831064 3.535895943641663 3.6764580011367802 12.500000000000002 2.985156893730164 4.0697689056396493 4.2166042327880868 3.316421747207642
decision_type=2 2 2 2 2 2 2 2 2 2 2 2 2 2 2 2 2 2 2 2 2 2 2 2 2 2 2
left_child=1 8 3 4 21 26 7 25 10 15 11 13 -13 -1 18 -10 17 -12 -11 -4 -17 23 -23 -2 -16 -5 -6
right_child=2 -3 19 6 5 -7 -8 -9 9 14 16 12 -14 -15 24 20 -18 -19 -20 -21 -22 22 -24 -25 -26 -27 -28
leaf_value=0.00013638074206943909 9.8613826974246351e-05 0.0028478873115690318 -0.0036374441853591374 -0.00036448982262680696 0.00017292584377256307 -0.0047235088739544153 -0.0012107672957437381 0.002853149250149727 0.0049769116900861268 0.0027048097338284488 -0.0019334384122374646 0.0050611303674264084 0.00021392688076810585 -0.0011305285667954736 -0.00060281804708453525 0.00090231742302421486 -0.0029688969273120166 0.00010587201635297832 0.00016400418069124933 -0.00067069778164081722 0.0034317607817205566 -0.00048539468132319951 0.0020112850720114591 -0.00094272214821065751 -0.0024782235212624073 0.0012332832349079943 -0.0018474579954220513
leaf_weight=590 172 34 21 43 22 20 35 35 20 23 57 36 272 193 60 50 35 84 210 34 27 31 36 194 30 63 21
leaf_count=590 172 34 21 43 22 20 35 35 20 23 57 36 272 193 60 50 35 84 210 34 27 31 36 194 30 63 21
internal_value=1.69902e-12 0.000126504 -0.000299467 -0.000176373 -0.000479899 -0.00205496 0.000679018 0.00114811 7.16566e-05 0.000532018 -8.09493e-05 9.40985e-05 0.000780483 -0.000175897 -4.29235e-05 0.00244651 -0.00116605 -0.00071853 0.000414813 -0.00180346 0.00178927 -0.000250733 0.000856105 -0.000453351 -0.00122795 0.00058513 -0.000813773
internal_weight=2448 1721 727 672 496 63 176 141 1687 420 1267 1091 308 783 323 97 176 141 233 55 77 433 67 366 90 106 43
internal_count=2448 1721 727 672 496 63 176 141 1687 420 1267 1091 308 783 323 97 176 141 233 55 77 433 67 366 90 106 43
is_linear=0
shrinkage=0.04


Tree=178
num_leaves=22
num_cat=0
split_feature=7 9 6 9 6 8 6 7 9 9 7 9 9 6 9 7 9 6 8 7 8
split_gain=0.0570785 0.0890445 0.105775 0.121752 0.217384 0.185177 0.244851 0.169215 0.0997659 0.0805836 0.145781 0.0839022 0.0562198 0.0481034 0.0510523 0.077551 0.04698 0.0354895 0.0293842 0.0202249 0.00925359
threshold=0.81783258914947521 1.1340600252151491 1.2113734483718874 2.2524088621139531 2.5802594423294072 2.7291122674942021 2.3530001640319829 1.4849550724029543 3.5268166065216069 1.6970040798187258 1.8825560808181765 1.2934277057647707 1.4444525241851809 1.0634869337081911 0.976343333721161 1.2113734483718874 1.1233878135681155 0.93025353550910961 1.1288694739341738 1.0137484669685366 1.0728788375854494
decision_type=2 2 2 2 2 2 2 2 2 2 2 2 2 2 2 2 2 2 2 2 2
left_child=16 13 9 4 7 6 -5 -4 -7 10 11 -3 -12 14 20 17 18 -16 -1 -15 -2
right_child=1 2 3 5 -6 8 -8 -9 -10 -11 12 -13 -14 19 15 -17 -18 -19 -20 -21 -22
leaf_value=-0.00075571827543345063 -0.0010054187845438718 0.00068597084112073951 0.00028702604213223277 0.0038037220389759612 -0.0047283681337721645 -0.00046868051403190343 0.000533756513922485 -0.0013624938983098445 0.00024347491222604837 0.0033252268383803314 -0.0022884191601322251 0.0029706563664282245 0.00010082190512912348 -0.001294001194720085 0.0023974413089890732 -0.0016370764750055968 0.00254005572758615 0.00017432523223019584 0.0011699016366765137 -0.0029859223868697882 -0.0021302380912344566
leaf_weight=21 25 69 221 42 20 633 287 181 626 20 26 41 40 26 20 25 24 27 32 20 22
leaf_count=21 25 69 221 42 20 633 287 181 626 20 26 41 40 26 20 25 24 27 32 20 22
internal_value=3.76459e-13 -3.48073e-05 3.22332e-05 -5.42592e-05 -0.000658166 0.000106225 0.000951199 -0.000455668 -0.000114583 0.000919221 0.000645812 0.00153754 -0.000840394 -0.000931118 -0.000506487 0.000162899 0.00107179 0.00112033 0.00040692 -0.00202962 -0.00153193
internal_weight=2448 2371 2206 2010 422 1588 329 402 1259 196 176 110 66 165 119 72 77 47 53 46 47
internal_count=2448 2371 2206 2010 422 1588 329 402 1259 196 176 110 66 165 119 72 77 47 53 46 47
is_linear=0
shrinkage=0.04


Tree=179
num_leaves=30
num_cat=0
split_feature=7 9 0 9 6 9 9 10 7 6 9 6 0 6 10 5 9 6 6 9 8 7 10 7 7 6 5 10 9
split_gain=0.0597334 0.146819 0.116396 0.239318 0.195367 0.187398 0.178785 0.121333 0.202354 0.112879 0.0990246 0.139438 0.137949 0.0906802 0.0849443 0.10322 0.140017 0.345415 0.0772496 0.0704484 0.0670377 0.0780087 0.0652434 0.0483772 0.046746 0.0464187 0.0399644 0.0392179 0.0347122
threshold=3.3618478775024419 3.8433576822280888 10.500000000000002 4.1948494911193857 4.597210407257081 4.0005968809127816 4.6871483325958261 5.503930091857911 4.9252789020538339 5.1504011154174814 2.7735133171081547 2.7924308776855473 16.500000000000004 4.510789394378663 3.977919459342957 34.958229064941413 1.7403523921966555 2.2699999809265141 0.91902649402618419 1.1340600252151491 1.0728788375854494 1.7131631374359133 4.2603685855865487 1.0514052510261538 1.8825560808181765 1.1265900731086733 22.733829498291019 4.7725007534027108 2.484647393226624
decision_type=2 2 2 2 2 2 2 2 2 2 2 2 2 2 2 2 2 2 2 2 2 2 2 2 2 2 2 2 2
left_child=1 14 5 10 -5 -2 -6 8 9 -7 22 12 -12 -13 18 16 26 -18 19 23 25 -22 -4 -1 -21 -20 -16 -17 -24
right_child=2 -3 3 4 6 7 -8 -9 -10 -11 11 13 -14 -15 15 27 17 -19 20 24 21 -23 28 -25 -26 -27 -28 -29 -30
leaf_value=0.0008185443973720626 -0.0043347376910969617 0.0033164221331801105 -0.0036516057423848125 0.0045337840708283093 -0.001230235150882176 0.00040795226835391738 0.0033714532640508632 0.0022464774651452901 -0.0044079892997009058 -0.0028408830443566496 -0.00024682115272818404 -0.00024711694873017599 0.0037237663394106284 -0.002822253331542015 0.00055198794712537323 -0.002025384063336758 0.00487882940311517 0.00068541293618512675 -0.00024294032303926846 0.0033071980966875953 0.00030457861162580139 -0.00046969018294682385 -0.0020457228545897772 -0.0012551459237174303 0.00072301561389828022 -0.0017541939906225029 -0.0012565062861734381 8.1167093370682921e-05 0.00028273557266220449
leaf_weight=54 26 23 21 30 35 77 22 20 24 22 28 449 28 23 29 31 35 308 60 24 410 423 21 27 21 71 60 26 20
leaf_count=54 26 23 21 30 35 77 22 20 24 22 28 449 28 23 29 31 35 308 60 24 410 423 21 27 21 71 60 26 20
internal_value=-3.39385e-12 0.000143588 -0.0002719 -3.74812e-05 0.001921 -0.00121096 0.000545855 -0.000643002 -0.00111284 -0.000314011 -0.000326275 -0.000148699 0.00173847 -0.0003726 9.73715e-05 0.000535392 0.00074649 0.00111331 -9.91352e-05 0.00083229 -0.000220877 -8.85975e-05 -0.00183854 0.000127314 0.00210125 -0.00106202 -0.000667222 -0.0010645 -0.000909889
internal_weight=2448 1602 846 677 87 169 57 143 123 99 590 528 56 472 1579 489 432 343 1090 126 964 833 62 81 45 131 89 57 41
internal_count=2448 1602 846 677 87 169 57 143 123 99 590 528 56 472 1579 489 432 343 1090 126 964 833 62 81 45 131 89 57 41
is_linear=0
shrinkage=0.04


end of trees

feature_importances:
Column_9=1514
Column_6=1157
Column_7=1011
Column_10=450
Column_0=235
Column_8=145
Column_5=128
Column_4=50
Column_1=47
Column_3=41

parameters:
[boosting: gbdt]
[objective: regression]
[metric: l2]
[tree_learner: serial]
[device_type: cpu]
[data_sample_strategy: bagging]
[data: ]
[valid: ]
[num_iterations: 180]
[learning_rate: 0.04]
[num_leaves: 31]
[num_threads: 1]
[seed: 42]
[deterministic: 0]
[force_col_wise: 0]
[force_row_wise: 1]
[histogram_pool_size: -1]
[max_depth: 6]
[min_data_in_leaf: 20]
[min_sum_hessian_in_leaf: 0.001]
[bagging_fraction: 1]
[pos_bagging_fraction: 1]
[neg_bagging_fraction: 1]
[bagging_freq: 0]
[bagging_seed: 400]
[bagging_by_query: 0]
[feature_fraction: 1]
[feature_fraction_bynode: 1]
[feature_fraction_seed: 30056]
[extra_trees: 0]
[extra_seed: 12879]
[early_stopping_round: 0]
[early_stopping_min_delta: 0]
[first_metric_only: 0]
[max_delta_step: 0]
[lambda_l1: 0]
[lambda_l2: 0]
[linear_lambda: 0]
[min_gain_to_split: 0]
[drop_rate: 0.1]
[max_drop: 50]
[skip_drop: 0.5]
[xgboost_dart_mode: 0]
[uniform_drop: 0]
[drop_seed: 17869]
[top_rate: 0.2]
[other_rate: 0.1]
[min_data_per_group: 100]
[max_cat_threshold: 32]
[cat_l2: 10]
[cat_smooth: 10]
[max_cat_to_onehot: 4]
[top_k: 20]
[monotone_constraints: ]
[monotone_constraints_method: basic]
[monotone_penalty: 0]
[feature_contri: ]
[forcedsplits_filename: ]
[refit_decay_rate: 0.9]
[cegb_tradeoff: 1]
[cegb_penalty_split: 0]
[cegb_penalty_feature_lazy: ]
[cegb_penalty_feature_coupled: ]
[path_smooth: 0]
[interaction_constraints: ]
[verbosity: -1]
[saved_feature_importance_type: 0]
[use_quantized_grad: 0]
[num_grad_quant_bins: 4]
[quant_train_renew_leaf: 0]
[stochastic_rounding: 1]
[linear_tree: 0]
[max_bin: 255]
[max_bin_by_feature: ]
[min_data_in_bin: 3]
[bin_construct_sample_cnt: 200000]
[data_random_seed: 175]
[is_enable_sparse: 1]
[enable_bundle: 1]
[use_missing: 1]
[zero_as_missing: 0]
[feature_pre_filter: 1]
[pre_partition: 0]
[two_round: 0]
[header: 0]
[label_column: ]
[weight_column: ]
[group_column: ]
[ignore_column: ]
[categorical_feature: ]
[forcedbins_filename: ]
[precise_float_parser: 0]
[parser_config_file: ]
[objective_seed: 16083]
[num_class: 1]
[is_unbalance: 0]
[scale_pos_weight: 1]
[sigmoid: 1]
[boost_from_average: 1]
[reg_sqrt: 0]
[alpha: 0.9]
[fair_c: 1]
[poisson_max_delta_step: 0.7]
[tweedie_variance_power: 1.5]
[lambdarank_truncation_level: 30]
[lambdarank_norm: 1]
[label_gain: ]
[lambdarank_position_bias_regularization: 0]
[eval_at: ]
[multi_error_top_k: 1]
[auc_mu_weights: ]
[num_machines: 1]
[local_listen_port: 12400]
[time_out: 120]
[machine_list_filename: ]
[machines: ]
[gpu_platform_id: -1]
[gpu_device_id: -1]
[gpu_device_id_list: ]
[gpu_use_dp: 0]
[num_gpu: 1]

end of parameters

pandas_categorical:null
